Player ID,Player Name,Short Name,Position,Position Code,Birth Date,Age,Age Group,Jersey Number,Matches Played,Minutes Played,Minutes per Appearance,Goals,Assists,Attempts at Goal,Attempts on Target,Goal Conversion Rate,Passes,Passes Completed,Passing Accuracy,Fouls Against,Fouls Against per 90,Fouls For,Fouls For per 90,xG,xG Efficiency,Made Appearance?,Attempts >= 3?,Passes >= 50?,Minutes >= 90?,Non-GK?,Forward?,Assignment Population Eligible?,Task 2 Eligible?,Task 3 Eligible?,FIFA AttemptAtGoalAgainstOnTarget,FIFA AttemptAtGoalBlocked,FIFA AttemptAtGoalFromBallProgression,FIFA AttemptAtGoalFromCorner,FIFA AttemptAtGoalFromCross,FIFA AttemptAtGoalFromFreeKicks,FIFA AttemptAtGoalFromOther,FIFA AttemptAtGoalFromPass,FIFA AttemptAtGoalFromPenalty,FIFA AttemptAtGoalFromRebound,FIFA AttemptAtGoalInsideThePenaltyArea,FIFA AttemptAtGoalInsideThePenaltyAreaOnTarget,FIFA AttemptAtGoalOffTarget,FIFA AttemptAtGoalOutsideThePenaltyArea,FIFA AttemptAtGoalOutsideThePenaltyAreaOnTarget,FIFA AttemptedBallProgressions,FIFA AttemptedSwitchesOfPlay,FIFA AvgSpeed,FIFA CompletedBallProgressions,FIFA CompletedSwitchesOfPlay,FIFA Corners,FIFA Crosses,FIFA CrossesCompleted,FIFA DefensivePressuresApplied,FIFA DirectDefensivePressuresApplied,FIFA DirectFreeKicks,FIFA DirectRedCards,FIFA DistanceHighSpeedRunning,FIFA DistanceHighSpeedSprinting,FIFA DistanceJogging,FIFA DistanceLowSpeedSprinting,FIFA DistanceWalking,FIFA DistributionsCompletedUnderPressure,FIFA DistributionsUnderPressure,FIFA ForcedTurnovers,FIFA FreeKicks,FIFA GoalkeeperDefensiveActionsInsidePenaltyArea,FIFA GoalkeeperDefensiveActionsOutsidePenaltyArea,FIFA GoalkeeperSavePercentage,FIFA GoalkeeperSaves,FIFA GoalkeeperSavesOnTarget,FIFA GoalKicks,FIFA GoalsFromDirectFreeKicks,FIFA GoalsInsideThePenaltyArea,FIFA GoalsOutsideThePenaltyArea,FIFA HeadedAttemptAtGoal,FIFA IndirectFreeKicks,FIFA IndirectRedCards,FIFA LinebreaksAttempted,FIFA LinebreaksAttemptedAllLines,FIFA LinebreaksAttemptedAttackingAndMidfieldLine,FIFA LinebreaksAttemptedAttackingLine,FIFA LinebreaksAttemptedAttackingLineCompleted,FIFA LinebreaksAttemptedAttackingLineCompletedOnly,FIFA LinebreaksAttemptedAttackingLineOnly,FIFA LinebreaksAttemptedCompleted,FIFA LinebreaksAttemptedDefensiveLine,FIFA LinebreaksAttemptedDefensiveLineCompleted,FIFA LinebreaksAttemptedDefensiveLineCompletedOnly,FIFA LinebreaksAttemptedDefensiveLineOnly,FIFA LinebreaksAttemptedMidfieldAndDefensiveLine,FIFA LinebreaksAttemptedMidfieldLine,FIFA LinebreaksAttemptedMidfieldLineCompleted,FIFA LinebreaksAttemptedMidfieldLineCompletedOnly,FIFA LinebreaksAttemptedMidfieldLineOnly,FIFA LinebreaksAttemptedUnderPressure,FIFA LinebreaksCompletedAllLines,FIFA LinebreaksCompletedAttackingAndMidfieldLine,FIFA LinebreaksCompletedMidfieldAndDefensiveLine,FIFA LinebreaksCompletedUnderPressure,FIFA NumberOfInvolvements,FIFA NumberOfPossessionSequences,FIFA NumberOfShotEndingSequences,FIFA OffersToReceiveInBehind,FIFA OffersToReceiveInBetween,FIFA OffersToReceiveInFront,FIFA OffersToReceiveInside,FIFA OffersToReceiveOutside,FIFA OffersToReceiveTotal,FIFA Offsides,FIFA OwnGoals,FIFA Penalties,FIFA PenaltiesScored,FIFA ReceivedOffersToReceive,FIFA ReceptionsBetweenMidfieldAndDefensiveLine,FIFA ReceptionsInBehind,FIFA ReceptionsUnderDirectPressure,FIFA ReceptionsUnderIndirectPressure,FIFA ReceptionsUnderNoPressure,FIFA ReceptionsUnderPressure,FIFA RedCards,FIFA SpeedRuns,FIFA Sprints,FIFA SubstitutionsIn,FIFA SubstitutionsOut,FIFA TakeOnsCompleted,FIFA Threat,FIFA ThrowIns,FIFA TopSpeed,FIFA TotalDistance,FIFA YellowCards,FIFA Source URL
431223,ABDALLAH ALFAKHORI,ALFAKHORI,Goalkeeper,GK,22/01/2000,26,Younger,22,0,0,,0,0,0,0,,0,0,,0,,0,,0,,FALSE,FALSE,FALSE,FALSE,FALSE,FALSE,FALSE,FALSE,FALSE,0,0,0,0,0,0,0,0,0,0,0,0,0,0,0,0,0,0,0,0,0,0,0,0,0,0,0,0,0,0,0,0,0,0,0,0,0,0,0,0,0,0,0,0,0,0,0,0,0,0,0,0,0,0,0,0,0,0,0,0,0,0,0,0,0,0,0,0,0,0,0,0,0,0,0,0,0,0,0,0,0,0,0,0,0,0,0,0,0,0,0,0,0,0,0,0,0,0,0,0,0,https://www.fifa.com/en/tournaments/mens/worldcup/canadamexicousa2026/statistics/player-statistics
479110,Abduvohid NEMATOV,NEMATOV,Goalkeeper,GK,20/03/2001,25,Younger,12,2,206.3,103.2,0,0,0,0,,56,28,50.00%,0,0,0,0,0,,TRUE,FALSE,TRUE,TRUE,FALSE,FALSE,FALSE,FALSE,FALSE,0,0,0,0,0,0,0,0,0,0,0,0,0,0,0,0,0,1.789439519,0,0,0,0,0,0,0,2,0,204.1299896,1.539999962,1682.839966,31.63999987,7311.169678,1,7,0,5,55,44,0.75,5,5,9,0,0,0,0,3,0,54,3,18,25,7,3,4,12,4,0,0,0,1,25,5,1,3,7,0,4,0,0,106,62,0,0,0,18,13,5,18,0,1,0,0,8,0,0,0,3,36,3,0,20,2,0,0,0,0.039683335,0,25.0899601,9231.319336,0,https://www.fifa.com/en/tournaments/mens/worldcup/canadamexicousa2026/statistics/player-statistics
339746,AHMED ALKASSAR,ALKASSAR,Goalkeeper,GK,8/05/1991,35,Older,22,0,0,,0,0,0,0,,0,0,,0,,0,,0,,FALSE,FALSE,FALSE,FALSE,FALSE,FALSE,FALSE,FALSE,FALSE,0,0,0,0,0,0,0,0,0,0,0,0,0,0,0,0,0,0,0,0,0,0,0,0,0,0,0,0,0,0,0,0,0,0,0,0,0,0,0,0,0,0,0,0,0,0,0,0,0,0,0,0,0,0,0,0,0,0,0,0,0,0,0,0,0,0,0,0,0,0,0,0,0,0,0,0,0,0,0,0,0,0,0,0,0,0,0,0,0,0,0,0,0,0,0,0,0,0,0,0,0,https://www.fifa.com/en/tournaments/mens/worldcup/canadamexicousa2026/statistics/player-statistics
433571,AHMED BASIL,AHMED B.,Goalkeeper,GK,19/08/1996,29,Older,22,2,149.6,74.8,0,0,0,0,,71,42,59.20%,0,0,1,0.6,0,,TRUE,FALSE,TRUE,TRUE,FALSE,FALSE,FALSE,FALSE,FALSE,0,0,0,0,0,0,0,0,0,0,0,0,0,0,0,0,0,1.868441264,0,0,0,0,0,0,0,1,0,89.03999519,4.099999428,1106.569946,23.68000031,5824.870361,5,9,0,2,43,36,1.400000006,3,3,22,0,0,0,0,1,0,46,3,11,23,6,3,9,11,3,0,0,0,0,20,5,2,6,5,0,3,0,2,124,69,2,0,0,12,8,4,12,0,0,0,0,9,0,0,0,2,43,2,0,10,2,0,1,0,0.032149373,0,25.49533653,7048.259766,0,https://www.fifa.com/en/tournaments/mens/worldcup/canadamexicousa2026/statistics/player-statistics
371553,Ahmed Reda TAGNAOUTI,TAGNAOUTI,Goalkeeper,GK,5/04/1996,30,Older,22,0,0,,0,0,0,0,,0,0,,0,,0,,0,,FALSE,FALSE,FALSE,FALSE,FALSE,FALSE,FALSE,FALSE,FALSE,0,0,0,0,0,0,0,0,0,0,0,0,0,0,0,0,0,0,0,0,0,0,0,0,0,0,0,0,0,0,0,0,0,0,0,0,0,0,0,0,0,0,0,0,0,0,0,0,0,0,0,0,0,0,0,0,0,0,0,0,0,0,0,0,0,0,0,0,0,0,0,0,0,0,0,0,0,0,0,0,0,0,0,0,0,0,0,0,0,0,0,0,0,0,0,0,0,0,0,0,0,https://www.fifa.com/en/tournaments/mens/worldcup/canadamexicousa2026/statistics/player-statistics
403090,Alban Lafont,LAFONT,Goalkeeper,GK,23/01/1999,27,Younger,23,0,0,,0,0,0,0,,0,0,,0,,0,,0,,FALSE,FALSE,FALSE,FALSE,FALSE,FALSE,FALSE,FALSE,FALSE,0,0,0,0,0,0,0,0,0,0,0,0,0,0,0,0,0,0,0,0,0,0,0,0,0,0,0,0,0,0,0,0,0,0,0,0,0,0,0,0,0,0,0,0,0,0,0,0,0,0,0,0,0,0,0,0,0,0,0,0,0,0,0,0,0,0,0,0,0,0,0,0,0,0,0,0,0,0,0,0,0,0,0,0,0,0,0,0,0,0,0,0,0,0,0,0,0,0,0,0,0,https://www.fifa.com/en/tournaments/mens/worldcup/canadamexicousa2026/statistics/player-statistics
423574,Alex PAULSEN,PAULSEN,Goalkeeper,GK,4/07/2002,23,Younger,12,0,0,,0,0,0,0,,0,0,,0,,0,,0,,FALSE,FALSE,FALSE,FALSE,FALSE,FALSE,FALSE,FALSE,FALSE,0,0,0,0,0,0,0,0,0,0,0,0,0,0,0,0,0,0,0,0,0,0,0,0,0,0,0,0,0,0,0,0,0,0,0,0,0,0,0,0,0,0,0,0,0,0,0,0,0,0,0,0,0,0,0,0,0,0,0,0,0,0,0,0,0,0,0,0,0,0,0,0,0,0,0,0,0,0,0,0,0,0,0,0,0,0,0,0,0,0,0,0,0,0,0,0,0,0,0,0,0,https://www.fifa.com/en/tournaments/mens/worldcup/canadamexicousa2026/statistics/player-statistics
429639,Alexander NUEBEL,NÜBEL,Goalkeeper,GK,30/09/1996,29,Older,21,0,0,,0,0,0,0,,0,0,,0,,0,,0,,FALSE,FALSE,FALSE,FALSE,FALSE,FALSE,FALSE,FALSE,FALSE,0,0,0,0,0,0,0,0,0,0,0,0,0,0,0,0,0,0,0,0,0,0,0,0,0,0,0,0,0,0,0,0,0,0,0,0,0,0,0,0,0,0,0,0,0,0,0,0,0,0,0,0,0,0,0,0,0,0,0,0,0,0,0,0,0,0,0,0,0,0,0,0,0,0,0,0,0,0,0,0,0,0,0,0,0,0,0,0,0,0,0,0,0,0,0,0,0,0,0,0,0,https://www.fifa.com/en/tournaments/mens/worldcup/canadamexicousa2026/statistics/player-statistics
371739,Alexander SCHLAGER,SCHLAGER,Goalkeeper,GK,1/02/1996,30,Older,1,4,412.3,103.1,0,0,0,0,,123,106,86.20%,0,0,1,0.22,0,,TRUE,FALSE,TRUE,TRUE,FALSE,FALSE,FALSE,FALSE,FALSE,0,0,0,0,0,0,0,0,0,0,0,0,0,0,0,0,0,3.401320517,0,0,0,0,0,0,0,3,0,903.2300568,63.49000168,6510.749878,276.6300087,15613.3894,6,10,0,4,85,74,2.233333379,15,12,10,0,0,0,0,1,0,38,0,13,22,9,7,9,12,0,0,0,0,0,16,3,1,3,9,0,2,0,4,247,105,7,0,0,64,48,16,64,0,0,0,0,30,0,0,0,2,93,2,0,81,20,0,0,0,0.125503607,0,30.08853149,23367.49023,0,https://www.fifa.com/en/tournaments/mens/worldcup/canadamexicousa2026/statistics/player-statistics
466835,Alexandre PIERRE,A. PIERRE,Goalkeeper,GK,25/02/2001,25,Younger,12,0,0,,0,0,0,0,,0,0,,0,,0,,0,,FALSE,FALSE,FALSE,FALSE,FALSE,FALSE,FALSE,FALSE,FALSE,0,0,0,0,0,0,0,0,0,0,0,0,0,0,0,0,0,0,0,0,0,0,0,0,0,0,0,0,0,0,0,0,0,0,0,0,0,0,0,0,0,0,0,0,0,0,0,0,0,0,0,0,0,0,0,0,0,0,0,0,0,0,0,0,0,0,0,0,0,0,0,0,0,0,0,0,0,0,0,0,0,0,0,0,0,0,0,0,0,0,0,0,0,0,0,0,0,0,0,0,0,https://www.fifa.com/en/tournaments/mens/worldcup/canadamexicousa2026/statistics/player-statistics
380007,Alireza BEIRANVAND,BEIRANVAND,Goalkeeper,GK,21/09/1992,33,Older,1,3,309.5,103.2,0,0,0,0,,93,62,66.70%,0,0,1,0.29,0,,TRUE,FALSE,TRUE,TRUE,FALSE,FALSE,FALSE,FALSE,FALSE,0,0,0,0,0,0,0,0,0,0,0,0,0,0,0,2,1,2.587750196,2,1,0,0,0,0,0,5,0,171.0299911,0,1378.759949,9.300000191,11776.65039,14,15,0,8,75,65,2.380952418,15,14,7,0,0,0,0,3,0,68,2,18,39,17,12,19,26,2,0,0,0,0,27,9,4,7,4,0,5,0,4,185,113,11,0,0,32,18,14,32,0,0,0,0,7,0,0,0,4,59,4,0,19,0,0,0,2,0.074199643,0,21.47676086,13335.74023,0,https://www.fifa.com/en/tournaments/mens/worldcup/canadamexicousa2026/statistics/player-statistics
308370,ALISSON,A. BECKER,Goalkeeper,GK,2/10/1992,33,Older,1,5,520.8,104.2,0,0,0,0,,132,107,81.10%,0,0,0,0,0,,TRUE,FALSE,TRUE,TRUE,FALSE,FALSE,FALSE,FALSE,FALSE,0,0,0,0,0,0,0,0,0,0,0,0,0,0,0,1,1,3.072458363,1,1,0,0,0,0,0,4,0,171.7100074,0,3813.460144,31.1400001,22640.49072,16,23,0,8,67,59,3.76666671,15,14,5,0,0,0,0,4,0,51,3,12,27,8,6,12,15,3,0,0,0,0,21,7,5,6,13,0,2,0,4,266,131,9,0,0,19,14,5,19,0,0,0,0,8,0,0,0,0,108,0,0,16,2,0,0,1,0.23306934,0,22.90455055,26656.7998,0,https://www.fifa.com/en/tournaments/mens/worldcup/canadamexicousa2026/statistics/player-statistics
441180,Altay BAYINDIR,ALTAY,Goalkeeper,GK,14/04/1998,28,Older,12,0,0,,0,0,0,0,,0,0,,0,,0,,0,,FALSE,FALSE,FALSE,FALSE,FALSE,FALSE,FALSE,FALSE,FALSE,0,0,0,0,0,0,0,0,0,0,0,0,0,0,0,0,0,0,0,0,0,0,0,0,0,0,0,0,0,0,0,0,0,0,0,0,0,0,0,0,0,0,0,0,0,0,0,0,0,0,0,0,0,0,0,0,0,0,0,0,0,0,0,0,0,0,0,0,0,0,0,0,0,0,0,0,0,0,0,0,0,0,0,0,0,0,0,0,0,0,0,0,0,0,0,0,0,0,0,0,0,https://www.fifa.com/en/tournaments/mens/worldcup/canadamexicousa2026/statistics/player-statistics
385998,Alvaro MONTERO,MONTERO,Goalkeeper,GK,29/03/1995,31,Older,24,0,0,,0,0,0,0,,0,0,,0,,0,,0,,FALSE,FALSE,FALSE,FALSE,FALSE,FALSE,FALSE,FALSE,FALSE,0,0,0,0,0,0,0,0,0,0,0,0,0,0,0,0,0,0,0,0,0,0,0,0,0,0,0,0,0,0,0,0,0,0,0,0,0,0,0,0,0,0,0,0,0,0,0,0,0,0,0,0,0,0,0,0,0,0,0,0,0,0,0,0,0,0,0,0,0,0,0,0,0,0,0,0,0,0,0,0,0,0,0,0,0,0,0,0,0,0,0,0,0,0,0,0,0,0,0,0,0,https://www.fifa.com/en/tournaments/mens/worldcup/canadamexicousa2026/statistics/player-statistics
411301,Angus Gunn,GUNN,Goalkeeper,GK,22/01/1996,30,Older,1,3,306.8,102.3,0,0,0,0,,119,90,75.60%,0,0,0,0,0,,TRUE,FALSE,TRUE,TRUE,FALSE,FALSE,FALSE,FALSE,FALSE,0,0,0,0,0,0,0,0,0,0,0,0,0,0,0,0,1,3.426150878,0,1,0,0,0,0,0,6,0,368.5799866,0,3655.100098,65.12999916,13417.21045,8,16,0,9,75,64,2.125,9,8,17,0,0,0,0,3,0,71,0,26,40,21,7,14,37,0,0,0,0,0,31,16,2,5,16,0,14,0,6,224,120,1,0,0,21,15,6,21,0,0,0,0,10,0,0,0,3,78,3,0,29,6,0,0,0,0.087410673,0,24.35586739,17506.02051,0,https://www.fifa.com/en/tournaments/mens/worldcup/canadamexicousa2026/statistics/player-statistics
433365,Aymen DAHMEN,DAHMEN,Goalkeeper,GK,28/01/1997,29,Older,16,2,198.2,99.1,0,0,0,0,,48,24,50.00%,0,0,1,0.45,0,,TRUE,FALSE,FALSE,TRUE,FALSE,FALSE,FALSE,FALSE,FALSE,0,0,0,0,0,0,0,0,0,0,0,0,0,0,0,0,1,1.573152701,0,0,0,0,0,0,0,3,0,109.0200005,0,1093.869995,0,6594.160156,1,4,0,3,51,44,0.916666687,6,5,12,0,0,0,0,0,0,48,1,14,26,10,6,11,16,1,1,0,0,0,21,5,1,6,5,1,3,0,1,86,55,2,0,0,16,9,7,16,0,0,0,0,8,0,0,0,1,25,1,0,9,0,0,0,0,0.037603652,0,19.69888496,7797.050049,0,https://www.fifa.com/en/tournaments/mens/worldcup/canadamexicousa2026/statistics/player-statistics
424081,Bart Verbruggen,VERBRUGGEN,Goalkeeper,GK,18/08/2002,23,Younger,1,4,432.6,108.2,0,0,0,0,,123,89,72.40%,0,0,0,0,0,,TRUE,FALSE,TRUE,TRUE,FALSE,FALSE,FALSE,FALSE,FALSE,0,0,0,0,0,0,0,0,0,0,0,0,0,0,0,0,0,2.993745446,0,0,0,0,0,0,0,5,0,337.5300102,0,3878.130066,67.24999523,17305.12964,11,17,0,6,57,54,2.925000012,17,15,17,0,0,0,0,1,0,70,2,21,33,16,6,10,28,2,0,0,0,0,35,12,2,12,16,0,10,0,9,237,126,10,0,0,28,22,6,28,0,0,0,0,12,0,0,0,0,90,0,0,35,6,0,0,0,0.21485791,0,24.15421677,21588.03955,0,https://www.fifa.com/en/tournaments/mens/worldcup/canadamexicousa2026/statistics/player-statistics
494349,Benjamin ASARE,B. ASARE,Goalkeeper,GK,13/07/1992,33,Older,16,3,259.3,86.4,0,0,0,0,,59,41,69.50%,0,0,1,0.35,0,,TRUE,FALSE,TRUE,TRUE,FALSE,FALSE,FALSE,FALSE,FALSE,0,0,0,0,0,0,0,0,0,0,0,0,0,0,0,0,0,1.851527631,0,0,0,0,0,0,0,9,0,97.87999535,8.43999958,1623.030045,21.7700007,9083.940552,1,3,0,11,55,47,2.5,8,8,21,0,0,0,0,2,0,46,4,9,21,11,4,8,22,4,1,0,0,0,21,10,3,8,3,1,6,0,0,87,72,5,1,0,9,7,3,10,0,0,0,0,3,0,0,0,0,14,0,0,8,2,1,0,0,0.063195597,0,26.60447121,10835.06006,0,https://www.fifa.com/en/tournaments/mens/worldcup/canadamexicousa2026/statistics/player-statistics
385472,Botirali ERGASHEV,ERGASHEV,Goalkeeper,GK,23/06/1995,30,Older,16,0,0,,0,0,0,0,,0,0,,0,,0,,0,,FALSE,FALSE,FALSE,FALSE,FALSE,FALSE,FALSE,FALSE,FALSE,0,0,0,0,0,0,0,0,0,0,0,0,0,0,0,0,0,0,0,0,0,0,0,0,0,0,0,0,0,0,0,0,0,0,0,0,0,0,0,0,0,0,0,0,0,0,0,0,0,0,0,0,0,0,0,0,0,0,0,0,0,0,0,0,0,0,0,0,0,0,0,0,0,0,0,0,0,0,0,0,0,0,0,0,0,0,0,0,0,0,0,0,0,0,0,0,0,0,0,0,0,https://www.fifa.com/en/tournaments/mens/worldcup/canadamexicousa2026/statistics/player-statistics
483471,Brice SAMBA,SAMBA,Goalkeeper,GK,25/04/1994,32,Older,1,0,0,,0,0,0,0,,0,0,,0,,0,,0,,FALSE,FALSE,FALSE,FALSE,FALSE,FALSE,FALSE,FALSE,FALSE,0,0,0,0,0,0,0,0,0,0,0,0,0,0,0,0,0,0,0,0,0,0,0,0,0,0,0,0,0,0,0,0,0,0,0,0,0,0,0,0,0,0,0,0,0,0,0,0,0,0,0,0,0,0,0,0,0,0,0,0,0,0,0,0,0,0,0,0,0,0,0,0,0,0,0,0,0,0,0,0,0,0,0,0,0,0,0,0,0,0,0,0,0,0,0,0,0,0,0,0,0,https://www.fifa.com/en/tournaments/mens/worldcup/canadamexicousa2026/statistics/player-statistics
360642,Camilo VARGAS,C. VARGAS,Goalkeeper,GK,9/03/1989,37,Older,12,5,541.2,108.2,0,0,0,0,,202,157,77.70%,0,0,0,0,0,,TRUE,FALSE,TRUE,TRUE,FALSE,FALSE,FALSE,FALSE,FALSE,0,0,0,0,0,0,0,0,0,0,0,0,0,0,0,0,0,2.568638086,0,0,0,0,0,0,0,7,0,270.1500015,6.650000095,3533.730164,81.28000069,19235.33008,7,18,0,12,57,54,3.5,7,6,42,0,0,0,0,5,0,100,8,27,44,15,3,9,33,10,2,0,0,2,46,16,4,9,19,2,10,0,6,368,190,12,0,0,53,30,23,53,0,0,0,0,32,0,0,0,3,136,3,0,27,9,0,0,0,0.176318958,0,25.69099426,23127.14014,0,https://www.fifa.com/en/tournaments/mens/worldcup/canadamexicousa2026/statistics/player-statistics
441260,Carlos ACEVEDO,C. ACEVEDO,Goalkeeper,GK,19/04/1996,30,Older,12,0,0,,0,0,0,0,,0,0,,0,,0,,0,,FALSE,FALSE,FALSE,FALSE,FALSE,FALSE,FALSE,FALSE,FALSE,0,0,0,0,0,0,0,0,0,0,0,0,0,0,0,0,0,0,0,0,0,0,0,0,0,0,0,0,0,0,0,0,0,0,0,0,0,0,0,0,0,0,0,0,0,0,0,0,0,0,0,0,0,0,0,0,0,0,0,0,0,0,0,0,0,0,0,0,0,0,0,0,0,0,0,0,0,0,0,0,0,0,0,0,0,0,0,0,0,0,0,0,0,0,0,0,0,0,0,0,0,https://www.fifa.com/en/tournaments/mens/worldcup/canadamexicousa2026/statistics/player-statistics
441402,Cesar SAMUDIO,SAMUDIO,Goalkeeper,GK,23/02/1994,32,Older,12,0,0,,0,0,0,0,,0,0,,0,,0,,0,,FALSE,FALSE,FALSE,FALSE,FALSE,FALSE,FALSE,FALSE,FALSE,0,0,0,0,0,0,0,0,0,0,0,0,0,0,0,0,0,0,0,0,0,0,0,0,0,0,0,0,0,0,0,0,0,0,0,0,0,0,0,0,0,0,0,0,0,0,0,0,0,0,0,0,0,0,0,0,0,0,0,0,0,0,0,0,0,0,0,0,0,0,0,0,0,0,0,0,0,0,0,0,0,0,0,0,0,0,0,0,0,0,0,0,0,0,0,0,0,0,0,0,0,https://www.fifa.com/en/tournaments/mens/worldcup/canadamexicousa2026/statistics/player-statistics
464546,Chris BRADY,BRADY,Goalkeeper,GK,3/03/2004,22,Younger,25,0,0,,0,0,0,0,,0,0,,0,,0,,0,,FALSE,FALSE,FALSE,FALSE,FALSE,FALSE,FALSE,FALSE,FALSE,0,0,0,0,0,0,0,0,0,0,0,0,0,0,0,0,0,0,0,0,0,0,0,0,0,0,0,0,0,0,0,0,0,0,0,0,0,0,0,0,0,0,0,0,0,0,0,0,0,0,0,0,0,0,0,0,0,0,0,0,0,0,0,0,0,0,0,0,0,0,0,0,0,0,0,0,0,0,0,0,0,0,0,0,0,0,0,0,0,0,0,0,0,0,0,0,0,0,0,0,0,https://www.fifa.com/en/tournaments/mens/worldcup/canadamexicousa2026/statistics/player-statistics
406281,CJ DOS SANTOS,DOS SANTOS,Goalkeeper,GK,24/08/2000,25,Younger,23,0,0,,0,0,0,0,,0,0,,0,,0,,0,,FALSE,FALSE,FALSE,FALSE,FALSE,FALSE,FALSE,FALSE,FALSE,0,0,0,0,0,0,0,0,0,0,0,0,0,0,0,0,0,0,0,0,0,0,0,0,0,0,0,0,0,0,0,0,0,0,0,0,0,0,0,0,0,0,0,0,0,0,0,0,0,0,0,0,0,0,0,0,0,0,0,0,0,0,0,0,0,0,0,0,0,0,0,0,0,0,0,0,0,0,0,0,0,0,0,0,0,0,0,0,0,0,0,0,0,0,0,0,0,0,0,0,0,https://www.fifa.com/en/tournaments/mens/worldcup/canadamexicousa2026/statistics/player-statistics
215553,Craig GORDON,GORDON,Goalkeeper,GK,31/12/1982,43,Older,21,0,0,,0,0,0,0,,0,0,,0,,0,,0,,FALSE,FALSE,FALSE,FALSE,FALSE,FALSE,FALSE,FALSE,FALSE,0,0,0,0,0,0,0,0,0,0,0,0,0,0,0,0,0,0,0,0,0,0,0,0,0,0,0,0,0,0,0,0,0,0,0,0,0,0,0,0,0,0,0,0,0,0,0,0,0,0,0,0,0,0,0,0,0,0,0,0,0,0,0,0,0,0,0,0,0,0,0,0,0,0,0,0,0,0,0,0,0,0,0,0,0,0,0,0,0,0,0,0,0,0,0,0,0,0,0,0,0,https://www.fifa.com/en/tournaments/mens/worldcup/canadamexicousa2026/statistics/player-statistics
228686,David OSPINA,OSPINA,Goalkeeper,GK,31/08/1988,37,Older,1,0,0,,0,0,0,0,,0,0,,0,,0,,0,,FALSE,FALSE,FALSE,FALSE,FALSE,FALSE,FALSE,FALSE,FALSE,0,0,0,0,0,0,0,0,0,0,0,0,0,0,0,0,0,0,0,0,0,0,0,0,0,0,0,0,0,0,0,0,0,0,0,0,0,0,0,0,0,0,0,0,0,0,0,0,0,0,0,0,0,0,0,0,0,0,0,0,0,0,0,0,0,0,0,0,0,0,0,0,0,0,0,0,0,0,0,0,0,0,0,0,0,0,0,0,0,0,0,0,0,0,0,0,0,0,0,0,0,https://www.fifa.com/en/tournaments/mens/worldcup/canadamexicousa2026/statistics/player-statistics
447853,David RAYA,RAYA,Goalkeeper,GK,15/09/1995,30,Older,1,0,0,,0,0,0,0,,0,0,,0,,0,,0,,FALSE,FALSE,FALSE,FALSE,FALSE,FALSE,FALSE,FALSE,FALSE,0,0,0,0,0,0,0,0,0,0,0,0,0,0,0,0,0,0,0,0,0,0,0,0,0,0,0,0,0,0,0,0,0,0,0,0,0,0,0,0,0,0,0,0,0,0,0,0,0,0,0,0,0,0,0,0,0,0,0,0,0,0,0,0,0,0,0,0,0,0,0,0,0,0,0,0,0,0,0,0,0,0,0,0,0,0,0,0,0,0,0,0,0,0,0,0,0,0,0,0,0,https://www.fifa.com/en/tournaments/mens/worldcup/canadamexicousa2026/statistics/player-statistics
441255,Dayne ST. CLAIR,ST. CLAIR,Goalkeeper,GK,9/05/1997,29,Older,1,0,0,,0,0,0,0,,0,0,,0,,0,,0,,FALSE,FALSE,FALSE,FALSE,FALSE,FALSE,FALSE,FALSE,FALSE,0,0,0,0,0,0,0,0,0,0,0,0,0,0,0,0,0,0,0,0,0,0,0,0,0,0,0,0,0,0,0,0,0,0,0,0,0,0,0,0,0,0,0,0,0,0,0,0,0,0,0,0,0,0,0,0,0,0,0,0,0,0,0,0,0,0,0,0,0,0,0,0,0,0,0,0,0,0,0,0,0,0,0,0,0,0,0,0,0,0,0,0,0,0,0,0,0,0,0,0,0,https://www.fifa.com/en/tournaments/mens/worldcup/canadamexicousa2026/statistics/player-statistics
403046,Dean Henderson,D. HENDERSON,Goalkeeper,GK,12/03/1997,29,Older,13,1,102.9,102.9,0,0,0,0,,41,32,78.00%,0,0,0,0,0,,TRUE,FALSE,FALSE,TRUE,FALSE,FALSE,FALSE,FALSE,FALSE,0,0,0,0,0,0,0,0,0,0,0,0,0,0,0,0,0,0.401152939,0,0,0,0,0,0,0,0,0,119.8099976,0,992.5800171,10.31999969,4381.910156,6,10,0,2,26,22,0.555555582,6,5,2,0,0,0,0,2,0,25,0,8,16,8,7,8,10,0,0,0,0,0,9,2,1,1,9,0,1,0,3,77,34,1,0,0,9,9,0,9,0,0,0,0,4,0,0,0,5,28,5,0,7,1,0,0,0,0.023215881,0,22.69078064,5504.620117,0,https://www.fifa.com/en/tournaments/mens/worldcup/canadamexicousa2026/statistics/player-statistics
403001,DIOGO COSTA,DIOGO COSTA,Goalkeeper,GK,19/09/1999,26,Younger,1,5,518.6,103.7,0,0,0,0,,125,98,78.40%,0,0,1,0.17,0,,TRUE,FALSE,TRUE,TRUE,FALSE,FALSE,FALSE,FALSE,FALSE,0,0,0,0,0,0,0,0,0,0,0,0,0,0,0,0,2,2.755127144,0,0,0,0,0,0,0,6,0,439.3000107,13.39000034,3893.529968,88.4600029,19359.48022,4,14,0,11,114,93,4.166666627,20,19,25,0,0,0,0,5,0,62,5,17,33,13,7,11,22,5,1,0,0,0,24,8,2,2,15,1,5,0,1,217,129,10,0,0,26,15,11,26,0,0,0,0,14,0,0,0,3,67,3,0,40,8,0,0,0,0.208996328,0,26.71043396,23794.16016,0,https://www.fifa.com/en/tournaments/mens/worldcup/canadamexicousa2026/statistics/player-statistics
448179,Dominik KOTARSKI,KOTARSKI,Goalkeeper,GK,10/02/2000,26,Younger,23,0,0,,0,0,0,0,,0,0,,0,,0,,0,,FALSE,FALSE,FALSE,FALSE,FALSE,FALSE,FALSE,FALSE,FALSE,0,0,0,0,0,0,0,0,0,0,0,0,0,0,0,0,0,0,0,0,0,0,0,0,0,0,0,0,0,0,0,0,0,0,0,0,0,0,0,0,0,0,0,0,0,0,0,0,0,0,0,0,0,0,0,0,0,0,0,0,0,0,0,0,0,0,0,0,0,0,0,0,0,0,0,0,0,0,0,0,0,0,0,0,0,0,0,0,0,0,0,0,0,0,0,0,0,0,0,0,0,https://www.fifa.com/en/tournaments/mens/worldcup/canadamexicousa2026/statistics/player-statistics
369029,Dominik LIVAKOVIC,LIVAKOVIĆ,Goalkeeper,GK,9/01/1995,31,Older,1,4,413.7,103.4,0,0,0,0,,129,95,73.60%,0,0,1,0.22,0,,TRUE,FALSE,TRUE,TRUE,FALSE,FALSE,FALSE,FALSE,FALSE,0,0,0,0,0,0,0,0,0,0,0,0,0,0,0,0,0,2.516455531,0,0,0,0,0,0,0,3,0,282.0999985,6.179999828,2610.900146,79.57999992,14319.06006,13,24,0,4,80,68,1.969696969,12,9,30,0,0,0,0,1,0,68,0,24,35,14,5,11,26,0,0,0,0,0,33,12,3,9,24,0,9,0,12,235,122,2,0,0,5,2,3,5,0,0,0,0,5,0,0,0,8,80,8,0,30,5,0,0,0,0.118877569,0,26.89783478,17297.81982,0,https://www.fifa.com/en/tournaments/mens/worldcup/canadamexicousa2026/statistics/player-statistics
395427,EDERSON,EDERSON,Goalkeeper,GK,17/08/1993,32,Older,23,0,0,,0,0,0,0,,0,0,,0,,0,,0,,FALSE,FALSE,FALSE,FALSE,FALSE,FALSE,FALSE,FALSE,FALSE,0,0,0,0,0,0,0,0,0,0,0,0,0,0,0,0,0,0,0,0,0,0,0,0,0,0,0,0,0,0,0,0,0,0,0,0,0,0,0,0,0,0,0,0,0,0,0,0,0,0,0,0,0,0,0,0,0,0,0,0,0,0,0,0,0,0,0,0,0,0,0,0,0,0,0,0,0,0,0,0,0,0,0,0,0,0,0,0,0,0,0,0,0,0,0,0,0,0,0,0,0,https://www.fifa.com/en/tournaments/mens/worldcup/canadamexicousa2026/statistics/player-statistics
433806,Edouard MENDY,MENDY,Goalkeeper,GK,1/03/1992,34,Older,16,2,172.4,86.2,0,0,0,0,,60,49,81.70%,0,0,0,0,0,,TRUE,FALSE,TRUE,TRUE,FALSE,FALSE,FALSE,FALSE,FALSE,0,0,0,0,0,0,0,0,0,0,0,0,0,0,0,0,1,1.715565383,0,1,0,0,0,0,0,1,0,179.9899902,0,1956.110168,18.17999971,7729.550049,3,6,0,1,34,25,1.125,8,8,1,0,0,0,0,0,0,31,0,10,16,8,4,6,16,0,0,0,0,0,15,8,4,5,7,0,4,0,3,132,66,6,0,0,18,15,3,18,0,0,0,0,10,0,0,0,2,51,2,0,18,2,0,1,0,0.065837713,0,22.59109306,9883.82959,0,https://www.fifa.com/en/tournaments/mens/worldcup/canadamexicousa2026/statistics/player-statistics
483535,Egil SELVIK,SELVIK,Goalkeeper,GK,30/07/1997,28,Older,13,1,100.3,100.3,0,0,0,0,,30,19,63.30%,0,0,0,0,0,,TRUE,FALSE,FALSE,TRUE,FALSE,FALSE,FALSE,FALSE,FALSE,0,0,0,0,0,0,0,0,0,0,0,0,0,0,0,0,0,0.497052113,0,0,0,0,0,0,0,1,0,58.11000061,0,807.5200195,4.63999939,4119.359863,3,5,0,3,25,22,0.555555582,5,5,8,0,0,0,0,2,0,22,0,7,12,7,4,5,11,0,0,0,0,0,10,4,1,3,6,0,3,0,3,49,30,1,0,0,6,6,0,6,0,0,0,0,1,0,0,0,1,13,1,0,5,0,0,0,0,0.031018132,0,22.50348473,4989.629883,0,https://www.fifa.com/en/tournaments/mens/worldcup/canadamexicousa2026/statistics/player-statistics
390650,Eloy ROOM,ROOM,Goalkeeper,GK,6/02/1989,37,Older,1,3,300.3,100.1,0,0,0,0,,89,48,53.90%,0,0,0,0,0,,TRUE,FALSE,TRUE,TRUE,FALSE,FALSE,FALSE,FALSE,FALSE,0,0,0,0,0,0,0,0,0,0,0,0,0,0,0,0,0,3.118330558,0,0,0,0,0,0,0,1,0,182.2299995,0,2110.23999,19.77999973,13299.4502,5,12,0,2,81,72,1.696969718,21,20,17,0,0,0,0,1,0,72,0,23,36,10,5,13,20,1,0,0,0,1,35,10,5,11,14,0,5,0,4,160,98,7,0,0,9,3,6,9,0,0,0,0,4,0,0,0,3,50,3,0,15,1,0,0,0,0.051694769,0,24.6437645,15611.69971,0,https://www.fifa.com/en/tournaments/mens/worldcup/canadamexicousa2026/statistics/player-statistics
308300,Emiliano MARTINEZ,E. MARTINEZ,Goalkeeper,GK,2/09/1992,33,Older,23,8,934.4,116.8,0,0,0,0,,268,195,72.80%,0,0,1,0.1,0,,TRUE,FALSE,TRUE,TRUE,FALSE,FALSE,FALSE,FALSE,FALSE,0,0,0,0,0,0,0,0,0,0,0,0,0,0,0,0,1,2.752233803,0,1,0,0,0,0,0,10,0,877.5499954,33.06000018,5887.409973,249.680006,35905.48999,38,53,0,16,111,97,3.816666722,20,20,31,0,0,0,0,6,0,172,9,56,85,36,11,20,66,10,2,0,0,1,77,28,3,11,48,2,23,0,19,508,271,12,0,0,58,34,24,58,0,0,0,0,29,0,0,0,2,196,2,0,78,18,0,0,0,0.383339798,0,27.63935471,42953.19043,0,https://www.fifa.com/en/tournaments/mens/worldcup/canadamexicousa2026/statistics/player-statistics
368744,FAHAD TALIB,FAHAD,Goalkeeper,GK,21/10/1994,31,Older,1,0,0,,0,0,0,0,,0,0,,0,,0,,0,,FALSE,FALSE,FALSE,FALSE,FALSE,FALSE,FALSE,FALSE,FALSE,0,0,0,0,0,0,0,0,0,0,0,0,0,0,0,0,0,0,0,0,0,0,0,0,0,0,0,0,0,0,0,0,0,0,0,0,0,0,0,0,0,0,0,0,0,0,0,0,0,0,0,0,0,0,0,0,0,0,0,0,0,0,0,0,0,0,0,0,0,0,0,0,0,0,0,0,0,0,0,0,0,0,0,0,0,0,0,0,0,0,0,0,0,0,0,0,0,0,0,0,0,https://www.fifa.com/en/tournaments/mens/worldcup/canadamexicousa2026/statistics/player-statistics
229498,Fernando MUSLERA,F. MUSLERA,Goalkeeper,GK,16/06/1986,39,Older,23,3,261.7,87.2,0,0,0,0,,71,57,80.30%,0,0,0,0,0,,TRUE,FALSE,TRUE,TRUE,FALSE,FALSE,FALSE,FALSE,FALSE,0,0,0,0,0,0,0,0,0,0,0,0,0,0,0,0,0,2.49730444,0,0,0,0,0,0,0,1,0,242.0800056,25.30000019,1655.839935,69.02999878,9076.869751,3,5,0,1,41,34,1.166666687,4,4,7,0,0,0,0,0,0,35,1,11,19,10,3,7,18,1,0,0,0,0,15,8,1,3,2,0,7,0,2,144,74,5,0,0,28,19,9,28,0,0,0,0,12,0,0,0,0,56,0,0,22,7,0,1,0,0.196798539,0,29.69836426,11069.12061,0,https://www.fifa.com/en/tournaments/mens/worldcup/canadamexicousa2026/statistics/player-statistics
520034,Florian WIEGELE,WIEGELE,Goalkeeper,GK,21/03/2001,25,Younger,12,0,0,,0,0,0,0,,0,0,,0,,0,,0,,FALSE,FALSE,FALSE,FALSE,FALSE,FALSE,FALSE,FALSE,FALSE,0,0,0,0,0,0,0,0,0,0,0,0,0,0,0,0,0,0,0,0,0,0,0,0,0,0,0,0,0,0,0,0,0,0,0,0,0,0,0,0,0,0,0,0,0,0,0,0,0,0,0,0,0,0,0,0,0,0,0,0,0,0,0,0,0,0,0,0,0,0,0,0,0,0,0,0,0,0,0,0,0,0,0,0,0,0,0,0,0,0,0,0,0,0,0,0,0,0,0,0,0,https://www.fifa.com/en/tournaments/mens/worldcup/canadamexicousa2026/statistics/player-statistics
447991,Gaston OLVEIRA,OLVEIRA,Goalkeeper,GK,21/04/1993,33,Older,22,0,0,,0,0,0,0,,0,0,,0,,0,,0,,FALSE,FALSE,FALSE,FALSE,FALSE,FALSE,FALSE,FALSE,FALSE,0,0,0,0,0,0,0,0,0,0,0,0,0,0,0,0,0,0,0,0,0,0,0,0,0,0,0,0,0,0,0,0,0,0,0,0,0,0,0,0,0,0,0,0,0,0,0,0,0,0,0,0,0,0,0,0,0,0,0,0,0,0,0,0,0,0,0,0,0,0,0,0,0,0,0,0,0,0,0,0,0,0,0,0,0,0,0,0,0,0,0,0,0,0,0,0,0,0,0,0,0,https://www.fifa.com/en/tournaments/mens/worldcup/canadamexicousa2026/statistics/player-statistics
318647,Gatito FERNANDEZ,FERNÁNDEZ,Goalkeeper,GK,29/03/1988,38,Older,1,0,0,,0,0,0,0,,0,0,,0,,0,,0,,FALSE,FALSE,FALSE,FALSE,FALSE,FALSE,FALSE,FALSE,FALSE,0,0,0,0,0,0,0,0,0,0,0,0,0,0,0,0,0,0,0,0,0,0,0,0,0,0,0,0,0,0,0,0,0,0,0,0,0,0,0,0,0,0,0,0,0,0,0,0,0,0,0,0,0,0,0,0,0,0,0,0,0,0,0,0,0,0,0,0,0,0,0,0,0,0,0,0,0,0,0,0,0,0,0,0,0,0,0,0,0,0,0,0,0,0,0,0,0,0,0,0,0,https://www.fifa.com/en/tournaments/mens/worldcup/canadamexicousa2026/statistics/player-statistics
394824,Geronimo RULLI,RULLI,Goalkeeper,GK,20/05/1992,34,Older,12,0,0,,0,0,0,0,,0,0,,0,,0,,0,,FALSE,FALSE,FALSE,FALSE,FALSE,FALSE,FALSE,FALSE,FALSE,0,0,0,0,0,0,0,0,0,0,0,0,0,0,0,0,0,0,0,0,0,0,0,0,0,0,0,0,0,0,0,0,0,0,0,0,0,0,0,0,0,0,0,0,0,0,0,0,0,0,0,0,0,0,0,0,0,0,0,0,0,0,0,0,0,0,0,0,0,0,0,0,0,0,0,0,0,0,0,0,0,0,0,0,0,0,0,0,0,0,0,0,0,0,0,0,0,0,0,0,0,https://www.fifa.com/en/tournaments/mens/worldcup/canadamexicousa2026/statistics/player-statistics
448295,Gonzalo VALLE,VALLE,Goalkeeper,GK,28/02/1996,30,Older,22,0,0,,0,0,0,0,,0,0,,0,,0,,0,,FALSE,FALSE,FALSE,FALSE,FALSE,FALSE,FALSE,FALSE,FALSE,0,0,0,0,0,0,0,0,0,0,0,0,0,0,0,0,0,0,0,0,0,0,0,0,0,0,0,0,0,0,0,0,0,0,0,0,0,0,0,0,0,0,0,0,0,0,0,0,0,0,0,0,0,0,0,0,0,0,0,0,0,0,0,0,0,0,0,0,0,0,0,0,0,0,0,0,0,0,0,0,0,0,0,0,0,0,0,0,0,0,0,0,0,0,0,0,0,0,0,0,0,https://www.fifa.com/en/tournaments/mens/worldcup/canadamexicousa2026/statistics/player-statistics
448107,Gregor KOBEL,KOBEL,Goalkeeper,GK,6/12/1997,28,Older,1,6,673.6,112.3,0,0,0,0,,255,190,74.50%,0,0,3,0.4,0,,TRUE,FALSE,TRUE,TRUE,FALSE,FALSE,FALSE,FALSE,FALSE,0,0,0,0,0,0,0,0,0,0,0,0,0,0,0,0,2,3.386439125,0,1,0,0,0,0,0,10,0,786.4800186,19.75999928,8311.440186,142.1099997,28746.28955,29,47,0,14,100,88,5.095238149,20,20,38,0,0,0,0,4,0,132,6,39,67,23,15,22,38,6,0,0,0,0,59,15,7,14,37,0,8,0,9,472,248,16,0,0,60,32,28,60,0,0,0,0,32,0,0,0,10,170,10,0,82,13,0,0,0,0.270171773,0,28.78327179,38006.08008,0,https://www.fifa.com/en/tournaments/mens/worldcup/canadamexicousa2026/statistics/player-statistics
215285,Guillermo OCHOA,G. OCHOA,Goalkeeper,GK,13/07/1985,40,Older,13,1,18.7,18.7,0,0,0,0,,9,4,44.40%,0,0,0,0,0,,TRUE,FALSE,FALSE,FALSE,FALSE,FALSE,FALSE,FALSE,FALSE,0,0,0,0,0,0,0,0,0,0,0,0,0,0,0,0,0,0.73791914,0,0,0,0,0,0,0,0,0,74.55999756,0,309.019989,0,763.4400024,1,1,0,0,3,3,0,0,0,4,0,0,0,0,0,0,14,2,3,6,2,1,1,5,2,1,0,0,0,6,2,1,1,1,1,0,0,1,14,9,1,0,0,2,1,1,2,0,0,0,0,1,0,0,0,0,5,0,0,5,0,1,0,0,0.031160621,0,18.71894836,1147.02002,0,https://www.fifa.com/en/tournaments/mens/worldcup/canadamexicousa2026/statistics/player-statistics
441236,Hernan GALINDEZ,GALINDEZ,Goalkeeper,GK,30/03/1987,39,Older,1,4,407.5,101.9,0,0,0,0,,105,70,66.70%,0,0,0,0,0,,TRUE,FALSE,TRUE,TRUE,FALSE,FALSE,FALSE,FALSE,FALSE,0,0,0,0,0,0,0,0,0,0,0,0,0,0,0,0,0,2.507262945,0,0,0,0,0,0,0,4,0,258.7199936,0,2872.549988,24.99999976,13872.73047,3,10,0,4,68,63,2.75000003,12,9,16,0,0,0,0,0,0,94,5,32,45,18,5,8,36,5,3,0,0,0,44,15,2,7,16,3,10,0,3,191,111,9,0,0,29,21,8,29,0,0,0,0,14,0,0,0,2,70,2,0,25,3,0,0,0,0.187199058,0,21.56328011,17029,0,https://www.fifa.com/en/tournaments/mens/worldcup/canadamexicousa2026/statistics/player-statistics
314255,Hossein HOSSEINI,HOSSEINI,Goalkeeper,GK,30/06/1992,33,Older,22,0,0,,0,0,0,0,,0,0,,0,,0,,0,,FALSE,FALSE,FALSE,FALSE,FALSE,FALSE,FALSE,FALSE,FALSE,0,0,0,0,0,0,0,0,0,0,0,0,0,0,0,0,0,0,0,0,0,0,0,0,0,0,0,0,0,0,0,0,0,0,0,0,0,0,0,0,0,0,0,0,0,0,0,0,0,0,0,0,0,0,0,0,0,0,0,0,0,0,0,0,0,0,0,0,0,0,0,0,0,0,0,0,0,0,0,0,0,0,0,0,0,0,0,0,0,0,0,0,0,0,0,0,0,0,0,0,0,https://www.fifa.com/en/tournaments/mens/worldcup/canadamexicousa2026/statistics/player-statistics
514526,Ivor PANDUR,PANDUR,Goalkeeper,GK,25/03/2000,26,Younger,12,0,0,,0,0,0,0,,0,0,,0,,0,,0,,FALSE,FALSE,FALSE,FALSE,FALSE,FALSE,FALSE,FALSE,FALSE,0,0,0,0,0,0,0,0,0,0,0,0,0,0,0,0,0,0,0,0,0,0,0,0,0,0,0,0,0,0,0,0,0,0,0,0,0,0,0,0,0,0,0,0,0,0,0,0,0,0,0,0,0,0,0,0,0,0,0,0,0,0,0,0,0,0,0,0,0,0,0,0,0,0,0,0,0,0,0,0,0,0,0,0,0,0,0,0,0,0,0,0,0,0,0,0,0,0,0,0,0,https://www.fifa.com/en/tournaments/mens/worldcup/canadamexicousa2026/statistics/player-statistics
489685,Jacob WIDELL ZETTERSTROM,ZETTERSTRÖM,Goalkeeper,GK,11/07/1998,27,Younger,1,2,200,100,0,0,0,0,,73,39,53.40%,0,0,0,0,0,,TRUE,FALSE,TRUE,TRUE,FALSE,FALSE,FALSE,FALSE,FALSE,0,0,0,0,0,0,0,0,0,0,0,0,0,0,0,0,0,1.583515584,0,0,0,0,0,0,0,6,0,232.6699982,10.29000092,2263.050049,76.78000069,7976.42041,1,8,0,10,54,46,1.416666687,12,11,12,0,0,0,0,4,0,71,6,16,31,9,4,9,22,6,1,0,0,0,34,12,7,12,11,1,4,0,2,131,83,6,0,0,9,6,3,9,0,0,0,0,2,0,0,0,1,39,1,0,17,8,0,0,0,0.088102354,0,27.65701294,10559.20996,0,https://www.fifa.com/en/tournaments/mens/worldcup/canadamexicousa2026/statistics/player-statistics
347085,JALAL HASSAN,JALAL,Goalkeeper,GK,18/05/1991,35,Older,12,2,154.3,77.2,0,0,0,0,,51,33,64.70%,0,0,1,0.58,0,,TRUE,FALSE,TRUE,TRUE,FALSE,FALSE,FALSE,FALSE,FALSE,0,0,0,0,0,0,0,0,0,0,0,0,0,0,0,0,0,1.801510096,0,0,0,0,0,0,0,2,0,77.33000183,0,1166.600037,22.77999878,5811.910156,1,1,0,2,51,45,0.933333367,7,7,20,0,0,0,0,0,0,31,0,6,21,11,10,15,13,0,0,0,0,0,10,2,1,4,0,0,1,0,0,79,54,5,0,0,5,4,1,5,0,0,0,0,3,0,0,0,0,19,0,0,9,2,1,0,0,0.030586424,0,24.1737709,7078.619873,0,https://www.fifa.com/en/tournaments/mens/worldcup/canadamexicousa2026/statistics/player-statistics
485080,James TRAFFORD,TRAFFORD,Goalkeeper,GK,10/10/2002,23,Younger,23,0,0,,0,0,0,0,,0,0,,0,,0,,0,,FALSE,FALSE,FALSE,FALSE,FALSE,FALSE,FALSE,FALSE,FALSE,0,0,0,0,0,0,0,0,0,0,0,0,0,0,0,0,0,0,0,0,0,0,0,0,0,0,0,0,0,0,0,0,0,0,0,0,0,0,0,0,0,0,0,0,0,0,0,0,0,0,0,0,0,0,0,0,0,0,0,0,0,0,0,0,0,0,0,0,0,0,0,0,0,0,0,0,0,0,0,0,0,0,0,0,0,0,0,0,0,0,0,0,0,0,0,0,0,0,0,0,0,https://www.fifa.com/en/tournaments/mens/worldcup/canadamexicousa2026/statistics/player-statistics
441162,Jindrich STANEK,STANĚK,Goalkeeper,GK,27/04/1996,30,Older,16,0,0,,0,0,0,0,,0,0,,0,,0,,0,,FALSE,FALSE,FALSE,FALSE,FALSE,FALSE,FALSE,FALSE,FALSE,0,0,0,0,0,0,0,0,0,0,0,0,0,0,0,0,0,0,0,0,0,0,0,0,0,0,0,0,0,0,0,0,0,0,0,0,0,0,0,0,0,0,0,0,0,0,0,0,0,0,0,0,0,0,0,0,0,0,0,0,0,0,0,0,0,0,0,0,0,0,0,0,0,0,0,0,0,0,0,0,0,0,0,0,0,0,0,0,0,0,0,0,0,0,0,0,0,0,0,0,0,https://www.fifa.com/en/tournaments/mens/worldcup/canadamexicousa2026/statistics/player-statistics
397753,JO Hyeonwoo,HYEONWOO,Goalkeeper,GK,25/09/1991,34,Older,21,0,0,,0,0,0,0,,0,0,,0,,0,,0,,FALSE,FALSE,FALSE,FALSE,FALSE,FALSE,FALSE,FALSE,FALSE,0,0,0,0,0,0,0,0,0,0,0,0,0,0,0,0,0,0,0,0,0,0,0,0,0,0,0,0,0,0,0,0,0,0,0,0,0,0,0,0,0,0,0,0,0,0,0,0,0,0,0,0,0,0,0,0,0,0,0,0,0,0,0,0,0,0,0,0,0,0,0,0,0,0,0,0,0,0,0,0,0,0,0,0,0,0,0,0,0,0,0,0,0,0,0,0,0,0,0,0,0,https://www.fifa.com/en/tournaments/mens/worldcup/canadamexicousa2026/statistics/player-statistics
484691,Joan GARCIA,JOAN GARCIA,Goalkeeper,GK,4/05/2001,25,Younger,13,0,0,,0,0,0,0,,0,0,,0,,0,,0,,FALSE,FALSE,FALSE,FALSE,FALSE,FALSE,FALSE,FALSE,FALSE,0,0,0,0,0,0,0,0,0,0,0,0,0,0,0,0,0,0,0,0,0,0,0,0,0,0,0,0,0,0,0,0,0,0,0,0,0,0,0,0,0,0,0,0,0,0,0,0,0,0,0,0,0,0,0,0,0,0,0,0,0,0,0,0,0,0,0,0,0,0,0,0,0,0,0,0,0,0,0,0,0,0,0,0,0,0,0,0,0,0,0,0,0,0,0,0,0,0,0,0,0,https://www.fifa.com/en/tournaments/mens/worldcup/canadamexicousa2026/statistics/player-statistics
295922,Johny Placide,PLACIDE,Goalkeeper,GK,29/01/1988,38,Older,1,3,306.9,102.3,0,0,0,0,,105,67,63.80%,0,0,0,0,0,,TRUE,FALSE,TRUE,TRUE,FALSE,FALSE,FALSE,FALSE,FALSE,0,0,0,0,0,0,0,0,0,0,0,0,0,0,0,0,0,2.51432538,0,0,0,0,0,0,0,9,0,178.9899998,0,2248.579956,42.35999966,10398.60034,3,8,0,18,56,48,1.636363626,13,10,11,0,0,0,0,9,0,83,2,28,43,15,6,13,27,2,0,0,0,0,38,12,3,8,9,0,9,0,1,187,105,7,0,0,12,9,3,12,0,0,0,0,7,0,0,0,2,67,2,0,16,4,0,0,0,0.101792555,0,23.57586288,12868.53003,1,https://www.fifa.com/en/tournaments/mens/worldcup/canadamexicousa2026/statistics/player-statistics
336022,Jordan PICKFORD,PICKFORD,Goalkeeper,GK,7/03/1994,32,Older,1,7,756.7,108.1,0,0,0,0,,265,190,71.70%,0,0,4,0.48,0,,TRUE,FALSE,TRUE,TRUE,FALSE,FALSE,FALSE,FALSE,FALSE,0,0,0,0,0,0,0,0,0,0,0,0,0,0,0,0,3,2.917712688,0,1,0,0,0,0,0,17,0,1240.279991,62.26999903,10361.14014,283.3200059,29828.2312,29,48,0,24,133,110,4.050000072,19,15,22,0,0,0,0,7,0,189,11,54,95,49,22,30,84,12,5,0,0,1,82,30,3,16,47,5,22,0,19,505,263,15,0,0,84,58,26,84,0,0,0,0,50,0,0,0,6,197,6,0,118,27,0,0,0,0.373530759,0,30.15963554,41775.24121,0,https://www.fifa.com/en/tournaments/mens/worldcup/canadamexicousa2026/statistics/player-statistics
368689,JOSE SA,JOSÉ SÁ,Goalkeeper,GK,17/01/1993,33,Older,12,0,0,,0,0,0,0,,0,0,,0,,0,,0,,FALSE,FALSE,FALSE,FALSE,FALSE,FALSE,FALSE,FALSE,FALSE,0,0,0,0,0,0,0,0,0,0,0,0,0,0,0,0,0,0,0,0,0,0,0,0,0,0,0,0,0,0,0,0,0,0,0,0,0,0,0,0,0,0,0,0,0,0,0,0,0,0,0,0,0,0,0,0,0,0,0,0,0,0,0,0,0,0,0,0,0,0,0,0,0,0,0,0,0,0,0,0,0,0,0,0,0,0,0,0,0,0,0,0,0,0,0,0,0,0,0,0,0,https://www.fifa.com/en/tournaments/mens/worldcup/canadamexicousa2026/statistics/player-statistics
506277,Joseph ANANG,ANANG,Goalkeeper,GK,8/06/2000,26,Younger,12,0,0,,0,0,0,0,,0,0,,0,,0,,0,,FALSE,FALSE,FALSE,FALSE,FALSE,FALSE,FALSE,FALSE,FALSE,0,0,0,0,0,0,0,0,0,0,0,0,0,0,0,0,0,0,0,0,0,0,0,0,0,0,0,0,0,0,0,0,0,0,0,0,0,0,0,0,0,0,0,0,0,0,0,0,0,0,0,0,0,0,0,0,0,0,0,0,0,0,0,0,0,0,0,0,0,0,0,0,0,0,0,0,0,0,0,0,0,0,0,0,0,0,0,0,0,0,0,0,0,0,0,0,0,0,0,0,0,https://www.fifa.com/en/tournaments/mens/worldcup/canadamexicousa2026/statistics/player-statistics
466853,Josue DUVERGER,DUVERGER,Goalkeeper,GK,27/04/2000,26,Younger,23,0,0,,0,0,0,0,,0,0,,0,,0,,0,,FALSE,FALSE,FALSE,FALSE,FALSE,FALSE,FALSE,FALSE,FALSE,0,0,0,0,0,0,0,0,0,0,0,0,0,0,0,0,0,0,0,0,0,0,0,0,0,0,0,0,0,0,0,0,0,0,0,0,0,0,0,0,0,0,0,0,0,0,0,0,0,0,0,0,0,0,0,0,0,0,0,0,0,0,0,0,0,0,0,0,0,0,0,0,0,0,0,0,0,0,0,0,0,0,0,0,0,0,0,0,0,0,0,0,0,0,0,0,0,0,0,0,0,https://www.fifa.com/en/tournaments/mens/worldcup/canadamexicousa2026/statistics/player-statistics
430624,Juan MUSSO,MUSSO,Goalkeeper,GK,6/05/1994,32,Older,1,0,0,,0,0,0,0,,0,0,,0,,0,,0,,FALSE,FALSE,FALSE,FALSE,FALSE,FALSE,FALSE,FALSE,FALSE,0,0,0,0,0,0,0,0,0,0,0,0,0,0,0,0,0,0,0,0,0,0,0,0,0,0,0,0,0,0,0,0,0,0,0,0,0,0,0,0,0,0,0,0,0,0,0,0,0,0,0,0,0,0,0,0,0,0,0,0,0,0,0,0,0,0,0,0,0,0,0,0,0,0,0,0,0,0,0,0,0,0,0,0,0,0,0,0,0,0,0,0,0,0,0,0,0,0,0,0,0,https://www.fifa.com/en/tournaments/mens/worldcup/canadamexicousa2026/statistics/player-statistics
403305,Keisuke OSAKO,OSAKO,Goalkeeper,GK,28/07/1999,26,Younger,12,0,0,,0,0,0,0,,0,0,,0,,0,,0,,FALSE,FALSE,FALSE,FALSE,FALSE,FALSE,FALSE,FALSE,FALSE,0,0,0,0,0,0,0,0,0,0,0,0,0,0,0,0,0,0,0,0,0,0,0,0,0,0,0,0,0,0,0,0,0,0,0,0,0,0,0,0,0,0,0,0,0,0,0,0,0,0,0,0,0,0,0,0,0,0,0,0,0,0,0,0,0,0,0,0,0,0,0,0,0,0,0,0,0,0,0,0,0,0,0,0,0,0,0,0,0,0,0,0,0,0,0,0,0,0,0,0,0,https://www.fifa.com/en/tournaments/mens/worldcup/canadamexicousa2026/statistics/player-statistics
274281,KIM Seunggyu,SEUNGGYU,Goalkeeper,GK,30/09/1990,35,Older,1,3,300,100,0,0,0,0,,116,85,73.30%,0,0,0,0,0,,TRUE,FALSE,TRUE,TRUE,FALSE,FALSE,FALSE,FALSE,FALSE,0,0,0,0,0,0,0,0,0,0,0,0,0,0,0,0,2,3.136518478,0,1,0,0,0,0,0,5,0,407.0199738,16.71000016,3490.120056,147.3700066,11625.83008,6,15,0,10,42,34,2.25,11,9,11,0,0,0,0,5,0,71,9,15,30,9,5,6,16,9,1,0,0,0,32,6,2,8,19,1,3,0,1,230,113,11,0,0,38,27,11,38,0,0,0,0,16,0,0,0,7,79,7,0,37,14,0,0,0,0.119532229,0,26.94483948,15687.05029,0,https://www.fifa.com/en/tournaments/mens/worldcup/canadamexicousa2026/statistics/player-statistics
360496,Kristoffer NORDFELDT,NORDFELDT,Goalkeeper,GK,23/06/1989,36,Older,23,2,200.9,100.4,0,0,0,0,,66,45,68.20%,0,0,0,0,0,,TRUE,FALSE,TRUE,TRUE,FALSE,FALSE,FALSE,FALSE,FALSE,0,0,0,0,0,0,0,0,0,0,0,0,0,0,0,0,1,1.472319484,0,1,0,0,0,0,0,4,0,75.86000061,0,1651.73999,18.14999962,8115.400391,3,10,0,9,22,20,0.785714298,4,3,12,0,0,0,0,5,0,48,3,15,24,9,2,6,18,3,2,0,0,0,21,7,0,3,7,2,5,0,0,115,64,4,0,0,8,5,3,8,0,0,0,0,4,0,0,0,1,39,1,0,8,1,0,0,0,0.073557656,0,24.96410751,9861.149902,0,https://www.fifa.com/en/tournaments/mens/worldcup/canadamexicousa2026/statistics/player-statistics
386473,Lawrence Ati ZIGI,ZIGI,Goalkeeper,GK,29/11/1996,29,Older,1,2,155,77.5,0,0,0,0,,52,39,75.00%,0,0,1,0.58,0,,TRUE,FALSE,TRUE,TRUE,FALSE,FALSE,FALSE,FALSE,FALSE,0,0,0,0,0,0,0,0,0,0,0,0,0,0,0,0,0,1.35863781,0,0,0,0,0,0,0,1,0,69.40000153,0,1230.640015,12.35999942,5712.969971,2,5,0,3,31,30,1.875,8,8,16,0,0,0,0,2,0,26,2,7,12,3,0,3,8,2,0,0,0,0,12,5,2,3,4,0,3,0,2,87,47,1,0,0,2,1,1,2,0,0,0,0,1,0,0,0,0,29,0,0,7,1,0,1,0,0.040888648,0,22.33555603,7025.370117,0,https://www.fifa.com/en/tournaments/mens/worldcup/canadamexicousa2026/statistics/player-statistics
442429,Liam KELLY,KELLY,Goalkeeper,GK,23/01/1996,30,Older,12,0,0,,0,0,0,0,,0,0,,0,,0,,0,,FALSE,FALSE,FALSE,FALSE,FALSE,FALSE,FALSE,FALSE,FALSE,0,0,0,0,0,0,0,0,0,0,0,0,0,0,0,0,0,0,0,0,0,0,0,0,0,0,0,0,0,0,0,0,0,0,0,0,0,0,0,0,0,0,0,0,0,0,0,0,0,0,0,0,0,0,0,0,0,0,0,0,0,0,0,0,0,0,0,0,0,0,0,0,0,0,0,0,0,0,0,0,0,0,0,0,0,0,0,0,0,0,0,0,0,0,0,0,0,0,0,0,0,https://www.fifa.com/en/tournaments/mens/worldcup/canadamexicousa2026/statistics/player-statistics
441313,Lionel MPASI,MPASI,Goalkeeper,GK,1/08/1994,31,Older,1,4,409.6,102.4,0,0,0,0,,139,94,67.60%,0,0,0,0,0,,TRUE,FALSE,TRUE,TRUE,FALSE,FALSE,FALSE,FALSE,FALSE,0,0,0,0,0,0,0,0,0,0,0,0,0,0,0,0,0,2.766382992,0,0,0,0,0,0,0,10,0,346.2699928,6.71999979,3785.48999,87.73999977,14683.47998,6,19,0,16,83,70,1.555555582,15,12,23,0,0,0,0,6,0,86,5,25,42,12,8,12,18,5,0,0,0,0,39,6,2,9,19,0,4,0,1,248,142,4,0,0,30,17,13,30,0,0,0,0,16,0,0,0,5,81,5,0,37,7,0,0,0,0.105724994,0,26.74077606,18909.7002,0,https://www.fifa.com/en/tournaments/mens/worldcup/canadamexicousa2026/statistics/player-statistics
389879,Luca ZIDANE,ZIDANE,Goalkeeper,GK,13/05/1998,28,Older,23,3,302.4,100.8,0,0,0,0,,104,91,87.50%,0,0,0,0,0,,TRUE,FALSE,TRUE,TRUE,FALSE,FALSE,FALSE,FALSE,FALSE,0,0,0,0,0,0,0,0,0,0,0,0,0,0,0,0,0,1.986792922,0,0,0,0,0,0,0,2,0,450.1700211,20.40000057,2742.01001,114.1500044,10055.40039,6,11,0,4,34,32,1.75,9,8,14,0,0,0,0,2,0,26,0,5,16,9,7,11,11,0,0,0,0,0,10,2,0,5,8,0,2,0,1,199,96,7,0,0,8,6,2,8,0,0,0,0,4,1,0,1,2,77,3,0,42,13,0,0,0,0.129427042,0,27.83910179,13382.12988,0,https://www.fifa.com/en/tournaments/mens/worldcup/canadamexicousa2026/statistics/player-statistics
267702,Luis MEJIA,MEJIA,Goalkeeper,GK,16/03/1991,35,Older,1,0,0,,0,0,0,0,,0,0,,0,,0,,0,,FALSE,FALSE,FALSE,FALSE,FALSE,FALSE,FALSE,FALSE,FALSE,0,0,0,0,0,0,0,0,0,0,0,0,0,0,0,0,0,0,0,0,0,0,0,0,0,0,0,0,0,0,0,0,0,0,0,0,0,0,0,0,0,0,0,0,0,0,0,0,0,0,0,0,0,0,0,0,0,0,0,0,0,0,0,0,0,0,0,0,0,0,0,0,0,0,0,0,0,0,0,0,0,0,0,0,0,0,0,0,0,0,0,0,0,0,0,0,0,0,0,0,0,https://www.fifa.com/en/tournaments/mens/worldcup/canadamexicousa2026/statistics/player-statistics
511118,Lukas HORNICEK,HORNÍČEK,Goalkeeper,GK,13/07/2002,23,Younger,23,0,0,,0,0,0,0,,0,0,,0,,0,,0,,FALSE,FALSE,FALSE,FALSE,FALSE,FALSE,FALSE,FALSE,FALSE,0,0,0,0,0,0,0,0,0,0,0,0,0,0,0,0,0,0,0,0,0,0,0,0,0,0,0,0,0,0,0,0,0,0,0,0,0,0,0,0,0,0,0,0,0,0,0,0,0,0,0,0,0,0,0,0,0,0,0,0,0,0,0,0,0,0,0,0,0,0,0,0,0,0,0,0,0,0,0,0,0,0,0,0,0,0,0,0,0,0,0,0,0,0,0,0,0,0,0,0,0,https://www.fifa.com/en/tournaments/mens/worldcup/canadamexicousa2026/statistics/player-statistics
395860,MAHDY SOLIMAN,M. SOLIMAN,Goalkeeper,GK,8/06/1987,39,Older,16,0,0,,0,0,0,0,,0,0,,0,,0,,0,,FALSE,FALSE,FALSE,FALSE,FALSE,FALSE,FALSE,FALSE,FALSE,0,0,0,0,0,0,0,0,0,0,0,0,0,0,0,0,0,0,0,0,0,0,0,0,0,0,0,0,0,0,0,0,0,0,0,0,0,0,0,0,0,0,0,0,0,0,0,0,0,0,0,0,0,0,0,0,0,0,0,0,0,0,0,0,0,0,0,0,0,0,0,0,0,0,0,0,0,0,0,0,0,0,0,0,0,0,0,0,0,0,0,0,0,0,0,0,0,0,0,0,0,https://www.fifa.com/en/tournaments/mens/worldcup/canadamexicousa2026/statistics/player-statistics
419459,MAHMOUD ABUNADA,ABUNADA,Goalkeeper,GK,5/02/2000,26,Younger,1,3,310.3,103.4,0,0,0,0,,93,50,53.80%,1,0.29,1,0.29,0,,TRUE,FALSE,TRUE,TRUE,FALSE,FALSE,FALSE,FALSE,FALSE,0,0,0,0,0,0,0,0,0,0,0,0,0,0,0,0,0,3.096025944,0,0,0,0,0,0,0,8,0,171.5999947,8.880000114,3008.22998,16.38000107,12800.81982,9,21,0,9,124,103,1.877777785,16,12,22,0,0,0,0,1,0,84,7,17,39,11,8,15,17,8,0,0,0,1,37,6,3,12,25,0,3,0,4,162,101,0,0,0,7,4,3,7,0,1,0,0,4,0,0,0,3,48,3,0,20,2,0,0,0,0.062865683,0,26.80693817,16005.91016,1,https://www.fifa.com/en/tournaments/mens/worldcup/canadamexicousa2026/statistics/player-statistics
228912,Manuel NEUER,NEUER,Goalkeeper,GK,27/03/1986,40,Older,1,4,442.9,110.7,0,0,0,0,,129,118,91.50%,0,0,2,0.41,0,,TRUE,FALSE,TRUE,TRUE,FALSE,FALSE,FALSE,FALSE,FALSE,0,0,0,0,0,0,0,0,0,0,0,0,0,0,0,0,0,3.468996584,0,0,0,0,0,0,0,5,0,852.1699677,57.61000633,5409.849976,233.1700058,19128.89111,7,10,0,6,61,45,2.00000003,7,5,17,0,0,0,0,1,0,45,1,8,31,23,18,22,30,1,0,0,0,0,13,7,2,4,10,0,5,0,8,256,143,8,0,0,28,19,9,28,0,0,0,0,13,0,0,0,5,89,5,0,82,19,0,0,0,0.307685312,0,28.06478882,25681.69043,0,https://www.fifa.com/en/tournaments/mens/worldcup/canadamexicousa2026/statistics/player-statistics
407114,MARCIO ROSA,MARCIO,Goalkeeper,GK,23/02/1997,29,Older,12,0,0,,0,0,0,0,,0,0,,0,,0,,0,,FALSE,FALSE,FALSE,FALSE,FALSE,FALSE,FALSE,FALSE,FALSE,0,0,0,0,0,0,0,0,0,0,0,0,0,0,0,0,0,0,0,0,0,0,0,0,0,0,0,0,0,0,0,0,0,0,0,0,0,0,0,0,0,0,0,0,0,0,0,0,0,0,0,0,0,0,0,0,0,0,0,0,0,0,0,0,0,0,0,0,0,0,0,0,0,0,0,0,0,0,0,0,0,0,0,0,0,0,0,0,0,0,0,0,0,0,0,0,0,0,0,0,0,https://www.fifa.com/en/tournaments/mens/worldcup/canadamexicousa2026/statistics/player-statistics
448151,Mark FLEKKEN,FLEKKEN,Goalkeeper,GK,13/06/1993,32,Older,23,0,0,,0,0,0,0,,0,0,,0,,0,,0,,FALSE,FALSE,FALSE,FALSE,FALSE,FALSE,FALSE,FALSE,FALSE,0,0,0,0,0,0,0,0,0,0,0,0,0,0,0,0,0,0,0,0,0,0,0,0,0,0,0,0,0,0,0,0,0,0,0,0,0,0,0,0,0,0,0,0,0,0,0,0,0,0,0,0,0,0,0,0,0,0,0,0,0,0,0,0,0,0,0,0,0,0,0,0,0,0,0,0,0,0,0,0,0,0,0,0,0,0,0,0,0,0,0,0,0,0,0,0,0,0,0,0,0,https://www.fifa.com/en/tournaments/mens/worldcup/canadamexicousa2026/statistics/player-statistics
491228,Martin ZLOMISLIC,ZLOMISLIĆ,Goalkeeper,GK,16/08/1998,27,Younger,22,0,0,,0,0,0,0,,0,0,,0,,0,,0,,FALSE,FALSE,FALSE,FALSE,FALSE,FALSE,FALSE,FALSE,FALSE,0,0,0,0,0,0,0,0,0,0,0,0,0,0,0,0,0,0,0,0,0,0,0,0,0,0,0,0,0,0,0,0,0,0,0,0,0,0,0,0,0,0,0,0,0,0,0,0,0,0,0,0,0,0,0,0,0,0,0,0,0,0,0,0,0,0,0,0,0,0,0,0,0,0,0,0,0,0,0,0,0,0,0,0,0,0,0,0,0,0,0,0,0,0,0,0,0,0,0,0,0,https://www.fifa.com/en/tournaments/mens/worldcup/canadamexicousa2026/statistics/player-statistics
484862,Marvin KELLER,KELLER,Goalkeeper,GK,3/07/2002,23,Younger,21,0,0,,0,0,0,0,,0,0,,0,,0,,0,,FALSE,FALSE,FALSE,FALSE,FALSE,FALSE,FALSE,FALSE,FALSE,0,0,0,0,0,0,0,0,0,0,0,0,0,0,0,0,0,0,0,0,0,0,0,0,0,0,0,0,0,0,0,0,0,0,0,0,0,0,0,0,0,0,0,0,0,0,0,0,0,0,0,0,0,0,0,0,0,0,0,0,0,0,0,0,0,0,0,0,0,0,0,0,0,0,0,0,0,0,0,0,0,0,0,0,0,0,0,0,0,0,0,0,0,0,0,0,0,0,0,0,0,https://www.fifa.com/en/tournaments/mens/worldcup/canadamexicousa2026/statistics/player-statistics
484012,Matej KOVAR,KOVÁŘ,Goalkeeper,GK,17/05/2000,26,Younger,1,3,301.1,100.4,0,0,0,0,,97,62,63.90%,0,0,0,0,0,,TRUE,FALSE,TRUE,TRUE,FALSE,FALSE,FALSE,FALSE,FALSE,0,0,0,0,0,0,0,0,0,0,0,0,0,0,0,0,0,2.861788988,0,0,0,0,0,0,0,2,0,168.0500069,0,2913.940002,26.19999981,11250.41992,12,26,0,5,60,52,1.816666692,11,9,18,0,0,0,0,3,0,78,3,24,43,15,9,16,24,3,1,0,0,0,32,8,2,5,28,1,5,0,8,181,105,5,0,0,13,7,6,13,0,0,0,0,9,0,0,0,10,56,10,0,19,2,0,0,0,0.100078812,0,23.37003326,14358.60938,0,https://www.fifa.com/en/tournaments/mens/worldcup/canadamexicousa2026/statistics/player-statistics
339117,Mathew RYAN,RYAN,Goalkeeper,GK,8/04/1992,34,Older,1,1,2.5,2.5,0,0,0,0,,0,0,,0,0,0,0,0,,TRUE,FALSE,FALSE,FALSE,FALSE,FALSE,FALSE,FALSE,FALSE,0,0,0,0,0,0,0,0,0,0,0,0,0,0,0,0,0,0.949756861,0,0,0,0,0,0,0,0,0,39.75000381,0,53.27000427,0,113.8500061,0,0,0,0,0,0,0,0,0,0,0,0,0,0,0,0,0,0,0,0,0,0,0,0,0,0,0,0,0,0,0,0,0,0,0,0,0,0,0,0,0,0,0,0,0,0,0,0,0,0,0,0,0,0,0,0,0,0,0,2,0,1,0,0,0.141820788,0,18.08337593,206.8699951,0,https://www.fifa.com/en/tournaments/mens/worldcup/canadamexicousa2026/statistics/player-statistics
499913,Matt FREESE,FREESE,Goalkeeper,GK,2/09/1998,27,Younger,24,4,420,105,0,0,0,0,,95,63,66.30%,0,0,2,0.43,0,,TRUE,FALSE,TRUE,TRUE,FALSE,FALSE,FALSE,FALSE,FALSE,0,0,0,0,0,0,0,0,0,0,0,0,0,0,0,0,0,2.761431503,0,0,0,0,0,0,0,7,0,295.9799957,4.25,5252.469971,62.57999802,18499.38965,5,11,0,9,58,48,2.428571433,10,8,21,0,0,0,0,2,0,52,2,11,27,11,8,14,16,2,0,0,0,0,23,5,2,10,11,0,3,0,5,172,111,7,0,0,15,10,5,15,0,0,0,0,9,0,0,0,3,50,3,0,26,6,0,0,0,0.184768762,0,25.54216194,24114.66992,0,https://www.fifa.com/en/tournaments/mens/worldcup/canadamexicousa2026/statistics/player-statistics
448217,Matt TURNER,TURNER,Goalkeeper,GK,24/06/1994,31,Older,1,1,104.9,104.9,0,0,0,0,,33,24,72.70%,0,0,0,0,0,,TRUE,FALSE,FALSE,TRUE,FALSE,FALSE,FALSE,FALSE,FALSE,0,0,0,0,0,0,0,0,0,0,0,0,0,0,0,0,1,0.679311037,0,0,0,0,0,0,0,3,0,211.519989,11.35999966,1514.159912,15.0199995,4187.02002,1,3,0,4,21,17,0,0,0,4,0,0,0,0,1,0,17,0,6,9,2,2,3,2,0,0,0,0,0,8,0,0,2,4,0,0,0,0,57,33,1,0,0,2,1,1,2,0,0,0,0,2,0,0,0,1,18,1,0,20,2,0,0,0,0.045575451,0,28.31191444,5939.080078,0,https://www.fifa.com/en/tournaments/mens/worldcup/canadamexicousa2026/statistics/player-statistics
514171,Matthieu EPOLO,EPOLO,Goalkeeper,GK,15/01/2005,21,Younger,21,0,0,,0,0,0,0,,0,0,,0,,0,,0,,FALSE,FALSE,FALSE,FALSE,FALSE,FALSE,FALSE,FALSE,FALSE,0,0,0,0,0,0,0,0,0,0,0,0,0,0,0,0,0,0,0,0,0,0,0,0,0,0,0,0,0,0,0,0,0,0,0,0,0,0,0,0,0,0,0,0,0,0,0,0,0,0,0,0,0,0,0,0,0,0,0,0,0,0,0,0,0,0,0,0,0,0,0,0,0,0,0,0,0,0,0,0,0,0,0,0,0,0,0,0,0,0,0,0,0,0,0,0,0,0,0,0,0,https://www.fifa.com/en/tournaments/mens/worldcup/canadamexicousa2026/statistics/player-statistics
368535,Max CROCOMBE,CROCOMBE,Goalkeeper,GK,12/08/1993,32,Older,1,3,306.8,102.3,0,0,0,0,,107,78,72.90%,0,0,1,0.29,0,,TRUE,FALSE,TRUE,TRUE,FALSE,FALSE,FALSE,FALSE,FALSE,0,0,0,0,0,0,0,0,0,0,0,0,0,0,0,0,0,2.555194298,0,0,0,0,0,0,0,7,0,205.7599869,0,2387.509949,16.87999916,10449.43018,3,6,0,10,97,88,1.571428597,11,11,24,0,0,0,0,3,0,71,4,22,35,19,5,9,35,4,0,0,0,0,32,16,2,6,6,0,14,0,2,185,111,5,0,0,21,13,8,21,0,0,0,0,11,0,0,0,0,60,0,0,19,2,0,0,0,0.095706334,0,24.00472832,13059.57959,0,https://www.fifa.com/en/tournaments/mens/worldcup/canadamexicousa2026/statistics/player-statistics
331732,Maxime CREPEAU,CRÉPEAU,Goalkeeper,GK,11/05/1994,32,Older,16,5,511.2,102.2,0,0,0,0,,123,92,74.80%,1,0.18,1,0.18,0,,TRUE,FALSE,TRUE,TRUE,FALSE,FALSE,FALSE,FALSE,FALSE,0,0,0,0,0,0,0,0,0,0,0,0,0,0,0,0,1,3.302458858,0,0,0,0,0,0,0,15,0,892.9300385,2.410000086,7321.810059,199.1299958,19727.26001,9,18,0,17,49,40,2.416666687,7,6,14,0,0,0,0,2,0,65,2,22,29,10,3,5,20,2,0,0,0,0,34,10,3,10,20,0,7,0,7,237,146,12,0,0,14,9,5,14,0,0,0,0,7,0,0,0,6,75,6,0,90,16,0,0,0,0.58131535,0,25.36761665,28143.53955,0,https://www.fifa.com/en/tournaments/mens/worldcup/canadamexicousa2026/statistics/player-statistics
520070,Melvin MASTIL,MASTIL,Goalkeeper,GK,19/02/2000,26,Younger,1,0,0,,0,0,0,0,,0,0,,0,,0,,0,,FALSE,FALSE,FALSE,FALSE,FALSE,FALSE,FALSE,FALSE,FALSE,0,0,0,0,0,0,0,0,0,0,0,0,0,0,0,0,0,0,0,0,0,0,0,0,0,0,0,0,0,0,0,0,0,0,0,0,0,0,0,0,0,0,0,0,0,0,0,0,0,0,0,0,0,0,0,0,0,0,0,0,0,0,0,0,0,0,0,0,0,0,0,0,0,0,0,0,0,0,0,0,0,0,0,0,0,0,0,0,0,0,0,0,0,0,0,0,0,0,0,0,0,https://www.fifa.com/en/tournaments/mens/worldcup/canadamexicousa2026/statistics/player-statistics
360498,Mert GUNOK,MERT,Goalkeeper,GK,1/03/1989,37,Older,1,0,0,,0,0,0,0,,0,0,,0,,0,,0,,FALSE,FALSE,FALSE,FALSE,FALSE,FALSE,FALSE,FALSE,FALSE,0,0,0,0,0,0,0,0,0,0,0,0,0,0,0,0,0,0,0,0,0,0,0,0,0,0,0,0,0,0,0,0,0,0,0,0,0,0,0,0,0,0,0,0,0,0,0,0,0,0,0,0,0,0,0,0,0,0,0,0,0,0,0,0,0,0,0,0,0,0,0,0,0,0,0,0,0,0,0,0,0,0,0,0,0,0,0,0,0,0,0,0,0,0,0,0,0,0,0,0,0,https://www.fifa.com/en/tournaments/mens/worldcup/canadamexicousa2026/statistics/player-statistics
416056,MESHAAL BARSHAM,BARSHAM,Goalkeeper,GK,14/02/1998,28,Older,22,0,0,,0,0,0,0,,0,0,,0,,0,,0,,FALSE,FALSE,FALSE,FALSE,FALSE,FALSE,FALSE,FALSE,FALSE,0,0,0,0,0,0,0,0,0,0,0,0,0,0,0,0,0,0,0,0,0,0,0,0,0,0,0,0,0,0,0,0,0,0,0,0,0,0,0,0,0,0,0,0,0,0,0,0,0,0,0,0,0,0,0,0,0,0,0,0,0,0,0,0,0,0,0,0,0,0,0,0,0,0,0,0,0,0,0,0,0,0,0,0,0,0,0,0,0,0,0,0,0,0,0,0,0,0,0,0,0,https://www.fifa.com/en/tournaments/mens/worldcup/canadamexicousa2026/statistics/player-statistics
390218,Michael WOUD,WOUD,Goalkeeper,GK,16/01/1999,27,Younger,22,0,0,,0,0,0,0,,0,0,,0,,0,,0,,FALSE,FALSE,FALSE,FALSE,FALSE,FALSE,FALSE,FALSE,FALSE,0,0,0,0,0,0,0,0,0,0,0,0,0,0,0,0,0,0,0,0,0,0,0,0,0,0,0,0,0,0,0,0,0,0,0,0,0,0,0,0,0,0,0,0,0,0,0,0,0,0,0,0,0,0,0,0,0,0,0,0,0,0,0,0,0,0,0,0,0,0,0,0,0,0,0,0,0,0,0,0,0,0,0,0,0,0,0,0,0,0,0,0,0,0,0,0,0,0,0,0,0,https://www.fifa.com/en/tournaments/mens/worldcup/canadamexicousa2026/statistics/player-statistics
448332,Mike MAIGNAN,MAIGNAN,Goalkeeper,GK,3/07/1995,30,Older,16,8,810.1,101.3,0,0,0,0,,225,179,79.60%,0,0,2,0.22,0,,TRUE,FALSE,TRUE,TRUE,FALSE,FALSE,FALSE,FALSE,FALSE,0,0,0,0,0,0,0,0,0,0,0,0,0,0,0,0,1,3.142370135,0,1,0,0,0,0,0,9,0,1106.38998,22.95000124,9406.729858,153.7500029,31789.08008,22,35,0,14,108,86,3.650000006,15,12,35,0,0,0,0,5,0,82,2,17,50,26,21,31,36,3,1,0,0,1,29,9,4,9,25,1,4,0,14,429,242,18,0,0,48,34,14,48,0,0,0,0,24,0,0,0,8,149,8,0,110,14,0,0,0,0.471475583,0,29.63142776,42478.8999,0,https://www.fifa.com/en/tournaments/mens/worldcup/canadamexicousa2026/statistics/player-statistics
499803,Mike PENDERS,PENDERS,Goalkeeper,GK,31/07/2005,20,Younger,13,0,0,,0,0,0,0,,0,0,,0,,0,,0,,FALSE,FALSE,FALSE,FALSE,FALSE,FALSE,FALSE,FALSE,FALSE,0,0,0,0,0,0,0,0,0,0,0,0,0,0,0,0,0,0,0,0,0,0,0,0,0,0,0,0,0,0,0,0,0,0,0,0,0,0,0,0,0,0,0,0,0,0,0,0,0,0,0,0,0,0,0,0,0,0,0,0,0,0,0,0,0,0,0,0,0,0,0,0,0,0,0,0,0,0,0,0,0,0,0,0,0,0,0,0,0,0,0,0,0,0,0,0,0,0,0,0,0,https://www.fifa.com/en/tournaments/mens/worldcup/canadamexicousa2026/statistics/player-statistics
522842,Mladen JURKAS,JURKAS,Goalkeeper,GK,7/10/2007,18,Younger,12,0,0,,0,0,0,0,,0,0,,0,,0,,0,,FALSE,FALSE,FALSE,FALSE,FALSE,FALSE,FALSE,FALSE,FALSE,0,0,0,0,0,0,0,0,0,0,0,0,0,0,0,0,0,0,0,0,0,0,0,0,0,0,0,0,0,0,0,0,0,0,0,0,0,0,0,0,0,0,0,0,0,0,0,0,0,0,0,0,0,0,0,0,0,0,0,0,0,0,0,0,0,0,0,0,0,0,0,0,0,0,0,0,0,0,0,0,0,0,0,0,0,0,0,0,0,0,0,0,0,0,0,0,0,0,0,0,0,https://www.fifa.com/en/tournaments/mens/worldcup/canadamexicousa2026/statistics/player-statistics
512079,MOHAMED ALAA,M. ALAA,Goalkeeper,GK,1/01/1999,27,Younger,26,0,0,,0,0,0,0,,0,0,,0,,0,,0,,FALSE,FALSE,FALSE,FALSE,FALSE,FALSE,FALSE,FALSE,FALSE,0,0,0,0,0,0,0,0,0,0,0,0,0,0,0,0,0,0,0,0,0,0,0,0,0,0,0,0,0,0,0,0,0,0,0,0,0,0,0,0,0,0,0,0,0,0,0,0,0,0,0,0,0,0,0,0,0,0,0,0,0,0,0,0,0,0,0,0,0,0,0,0,0,0,0,0,0,0,0,0,0,0,0,0,0,0,0,0,0,0,0,0,0,0,0,0,0,0,0,0,0,https://www.fifa.com/en/tournaments/mens/worldcup/canadamexicousa2026/statistics/player-statistics
408948,MOHAMED ELSHENAWY,M. ELSHENAWY,Goalkeeper,GK,18/12/1988,37,Older,1,0,0,,0,0,0,0,,0,0,,0,,0,,0,,FALSE,FALSE,FALSE,FALSE,FALSE,FALSE,FALSE,FALSE,FALSE,0,0,0,0,0,0,0,0,0,0,0,0,0,0,0,0,0,0,0,0,0,0,0,0,0,0,0,0,0,0,0,0,0,0,0,0,0,0,0,0,0,0,0,0,0,0,0,0,0,0,0,0,0,0,0,0,0,0,0,0,0,0,0,0,0,0,0,0,0,0,0,0,0,0,0,0,0,0,0,0,0,0,0,0,0,0,0,0,0,0,0,0,0,0,0,0,0,0,0,0,0,https://www.fifa.com/en/tournaments/mens/worldcup/canadamexicousa2026/statistics/player-statistics
486259,Mohamed KONE,KONE,Goalkeeper,GK,7/03/2002,24,Younger,16,0,0,,0,0,0,0,,0,0,,0,,0,,0,,FALSE,FALSE,FALSE,FALSE,FALSE,FALSE,FALSE,FALSE,FALSE,0,0,0,0,0,0,0,0,0,0,0,0,0,0,0,0,0,0,0,0,0,0,0,0,0,0,0,0,0,0,0,0,0,0,0,0,0,0,0,0,0,0,0,0,0,0,0,0,0,0,0,0,0,0,0,0,0,0,0,0,0,0,0,0,0,0,0,0,0,0,0,0,0,0,0,0,0,0,0,0,0,0,0,0,0,0,0,0,0,0,0,0,0,0,0,0,0,0,0,0,0,https://www.fifa.com/en/tournaments/mens/worldcup/canadamexicousa2026/statistics/player-statistics
396885,MOHAMMED ALOWAIS,ALOWAIS,Goalkeeper,GK,10/10/1991,34,Older,21,3,306.6,102.2,0,0,0,0,,93,53,57.00%,0,0,1,0.29,0,,TRUE,FALSE,TRUE,TRUE,FALSE,FALSE,FALSE,FALSE,FALSE,0,0,0,0,0,0,0,0,0,0,0,0,0,0,0,0,0,2.511727651,0,0,0,0,0,0,0,8,0,123.3700089,0,2055.179962,15.40999985,10650.20996,3,6,0,16,86,78,2.513888896,17,15,36,0,0,0,0,8,0,67,4,15,32,13,7,13,20,4,0,0,0,0,31,7,1,12,10,0,6,0,4,138,97,5,0,0,6,5,1,6,0,0,0,0,3,0,0,0,2,30,2,0,15,1,0,0,0,0.052423399,0,24.08941841,12844.16943,0,https://www.fifa.com/en/tournaments/mens/worldcup/canadamexicousa2026/statistics/player-statistics
419002,Moises RAMIREZ,RAMÍREZ,Goalkeeper,GK,9/09/2000,25,Younger,12,0,0,,0,0,0,0,,0,0,,0,,0,,0,,FALSE,FALSE,FALSE,FALSE,FALSE,FALSE,FALSE,FALSE,FALSE,0,0,0,0,0,0,0,0,0,0,0,0,0,0,0,0,0,0,0,0,0,0,0,0,0,0,0,0,0,0,0,0,0,0,0,0,0,0,0,0,0,0,0,0,0,0,0,0,0,0,0,0,0,0,0,0,0,0,0,0,0,0,0,0,0,0,0,0,0,0,0,0,0,0,0,0,0,0,0,0,0,0,0,0,0,0,0,0,0,0,0,0,0,0,0,0,0,0,0,0,0,https://www.fifa.com/en/tournaments/mens/worldcup/canadamexicousa2026/statistics/player-statistics
448821,Mory DIAW,DIAW,Goalkeeper,GK,22/06/1993,32,Older,23,3,287.5,95.8,0,0,0,0,,95,64,67.40%,0,0,2,0.63,0,,TRUE,FALSE,TRUE,TRUE,FALSE,FALSE,FALSE,FALSE,FALSE,0,0,0,0,0,0,0,0,0,0,0,0,0,0,0,0,1,1.998950124,0,1,0,0,0,0,0,6,0,156.0200005,0,2424.849884,31.9800005,9928.619873,2,4,0,9,53,45,1.400000006,5,3,10,0,0,0,0,3,0,73,2,25,38,17,8,11,28,2,0,0,0,0,33,11,2,6,5,0,9,0,2,166,95,1,0,0,18,14,4,18,0,0,0,0,11,0,0,0,1,59,1,0,15,4,1,0,0,0.217547234,0,23.49980354,12541.47021,0,https://www.fifa.com/en/tournaments/mens/worldcup/canadamexicousa2026/statistics/player-statistics
416906,MOSTAFA SHOUBIR,SHOUBIR,Goalkeeper,GK,15/05/2000,26,Younger,23,5,546.8,109.4,0,0,0,0,,147,114,77.60%,0,0,5,0.82,0,,TRUE,FALSE,TRUE,TRUE,FALSE,FALSE,FALSE,FALSE,FALSE,0,0,0,0,0,0,0,0,0,0,0,0,0,0,0,0,0,3.227347374,0,0,0,0,0,0,0,12,0,623.3699951,5.909999371,5546.569885,192.9499969,23046.13086,2,5,0,18,119,105,4.038095295,14,14,49,0,0,0,0,6,0,62,3,14,36,18,12,19,26,3,0,0,0,0,23,8,2,6,2,0,6,0,1,242,151,7,0,0,17,11,6,17,0,0,0,0,7,0,0,0,2,63,2,0,60,14,0,0,0,0.200527251,0,26.2351284,29414.92969,1,https://www.fifa.com/en/tournaments/mens/worldcup/canadamexicousa2026/statistics/player-statistics
520245,Mouhib CHAMAKH,CHAMAKH,Goalkeeper,GK,25/08/2001,24,Younger,1,1,100.5,100.5,0,0,0,0,,23,16,69.60%,0,0,0,0,0,,TRUE,FALSE,FALSE,TRUE,FALSE,FALSE,FALSE,FALSE,FALSE,0,0,0,0,0,0,0,0,0,0,0,0,0,0,0,0,0,0.774216096,0,0,0,0,0,0,0,1,0,40.1400032,0,512.1600342,4.210000038,3334.890137,0,0,0,2,26,20,0.166666672,1,1,10,0,0,0,0,1,0,14,0,5,7,3,1,2,5,0,0,0,0,0,7,2,0,2,0,0,2,0,0,34,24,0,0,0,1,1,0,1,0,0,0,0,0,0,0,0,0,8,0,0,4,0,0,0,0,0.029605765,0,21.27003479,3891.399902,0,https://www.fifa.com/en/tournaments/mens/worldcup/canadamexicousa2026/statistics/player-statistics
395755,Munir EL KAJOUI,EL KAJOUI,Goalkeeper,GK,10/05/1989,37,Older,12,0,0,,0,0,0,0,,0,0,,0,,0,,0,,FALSE,FALSE,FALSE,FALSE,FALSE,FALSE,FALSE,FALSE,FALSE,0,0,0,0,0,0,0,0,0,0,0,0,0,0,0,0,0,0,0,0,0,0,0,0,0,0,0,0,0,0,0,0,0,0,0,0,0,0,0,0,0,0,0,0,0,0,0,0,0,0,0,0,0,0,0,0,0,0,0,0,0,0,0,0,0,0,0,0,0,0,0,0,0,0,0,0,0,0,0,0,0,0,0,0,0,0,0,0,0,0,0,0,0,0,0,0,0,0,0,0,0,https://www.fifa.com/en/tournaments/mens/worldcup/canadamexicousa2026/statistics/player-statistics
419287,NAWAF ALAQIDI,ALAQIDI,Goalkeeper,GK,10/05/2000,26,Younger,1,0,0,,0,0,0,0,,0,0,,0,,0,,0,,FALSE,FALSE,FALSE,FALSE,FALSE,FALSE,FALSE,FALSE,FALSE,0,0,0,0,0,0,0,0,0,0,0,0,0,0,0,0,0,0,0,0,0,0,0,0,0,0,0,0,0,0,0,0,0,0,0,0,0,0,0,0,0,0,0,0,0,0,0,0,0,0,0,0,0,0,0,0,0,0,0,0,0,0,0,0,0,0,0,0,0,0,0,0,0,0,0,0,0,0,0,0,0,0,0,0,0,0,0,0,0,0,0,0,0,0,0,0,0,0,0,0,0,https://www.fifa.com/en/tournaments/mens/worldcup/canadamexicousa2026/statistics/player-statistics
482978,Nikola VASILJ,VASILJ,Goalkeeper,GK,2/12/1995,30,Older,1,4,411.9,103,0,0,0,0,,155,94,60.60%,0,0,0,0,0,,TRUE,FALSE,TRUE,TRUE,FALSE,FALSE,FALSE,FALSE,FALSE,0,0,0,0,0,0,0,0,0,0,0,0,0,0,0,0,0,3.314014077,0,0,0,0,0,0,0,5,0,324.5899963,21.58000016,5312.27002,75.56000137,17010.02954,15,30,0,11,92,70,1.761904806,8,7,27,0,0,0,0,6,0,93,3,25,40,10,5,12,22,4,0,0,0,1,49,12,7,20,26,0,5,0,6,279,162,3,0,0,18,13,5,18,0,0,0,0,12,0,0,0,11,87,11,0,34,7,0,0,0,0.12952566,0,27.41573906,22744.02979,0,https://www.fifa.com/en/tournaments/mens/worldcup/canadamexicousa2026/statistics/player-statistics
483127,NOUR BANIATEYAH,BANI ATEYAH,Goalkeeper,GK,25/01/1993,33,Older,12,0,0,,0,0,0,0,,0,0,,0,,0,,0,,FALSE,FALSE,FALSE,FALSE,FALSE,FALSE,FALSE,FALSE,FALSE,0,0,0,0,0,0,0,0,0,0,0,0,0,0,0,0,0,0,0,0,0,0,0,0,0,0,0,0,0,0,0,0,0,0,0,0,0,0,0,0,0,0,0,0,0,0,0,0,0,0,0,0,0,0,0,0,0,0,0,0,0,0,0,0,0,0,0,0,0,0,0,0,0,0,0,0,0,0,0,0,0,0,0,0,0,0,0,0,0,0,0,0,0,0,0,0,0,0,0,0,0,https://www.fifa.com/en/tournaments/mens/worldcup/canadamexicousa2026/statistics/player-statistics
306538,Oliver Baumann,BAUMANN,Goalkeeper,GK,2/06/1990,36,Older,12,0,0,,0,0,0,0,,0,0,,0,,0,,0,,FALSE,FALSE,FALSE,FALSE,FALSE,FALSE,FALSE,FALSE,FALSE,0,0,0,0,0,0,0,0,0,0,0,0,0,0,0,0,0,0,0,0,0,0,0,0,0,0,0,0,0,0,0,0,0,0,0,0,0,0,0,0,0,0,0,0,0,0,0,0,0,0,0,0,0,0,0,0,0,0,0,0,0,0,0,0,0,0,0,0,0,0,0,0,0,0,0,0,0,0,0,0,0,0,0,0,0,0,0,0,0,0,0,0,0,0,0,0,0,0,0,0,0,https://www.fifa.com/en/tournaments/mens/worldcup/canadamexicousa2026/statistics/player-statistics
373235,Orjan NYLAND,NYLAND,Goalkeeper,GK,10/09/1990,35,Older,1,5,554.9,111,0,0,0,0,,204,138,67.60%,0,0,0,0,0,,TRUE,FALSE,TRUE,TRUE,FALSE,FALSE,FALSE,FALSE,FALSE,0,0,0,0,0,0,0,0,0,0,0,0,0,0,0,0,2,2.96891892,0,1,0,0,0,0,0,10,0,543.3800125,10.40999985,6456.959839,73.59000063,25851.5498,12,20,0,18,107,93,2.764285743,17,14,34,0,0,0,0,8,0,168,6,47,88,51,26,35,83,6,0,0,0,0,74,32,7,21,23,0,25,0,14,370,193,7,0,0,39,25,14,39,0,0,0,0,19,0,0,0,2,137,2,0,60,6,0,0,0,0.202437272,0,27.5519104,32935.89014,0,https://www.fifa.com/en/tournaments/mens/worldcup/canadamexicousa2026/statistics/player-statistics
494531,Orlando GILL,O. GILL,Goalkeeper,GK,11/06/2000,26,Younger,12,5,554.5,110.9,0,0,0,0,,159,68,42.80%,0,0,3,0.49,0,,TRUE,FALSE,TRUE,TRUE,FALSE,FALSE,FALSE,FALSE,FALSE,0,0,0,0,0,0,0,0,0,0,0,0,0,0,0,0,1,3.403513908,0,1,0,0,0,0,0,21,0,473.109993,0,5871.650146,75.14999795,25019.50977,3,10,1,29,141,124,4.133333325,28,22,55,0,0,0,0,8,0,181,10,49,73,24,5,14,58,10,0,0,0,0,98,34,15,39,18,0,19,0,3,238,182,10,0,0,16,12,4,16,0,0,0,0,1,0,0,0,7,43,7,0,49,5,0,0,0,0.087715935,0,24.63445663,31439.41943,0,https://www.fifa.com/en/tournaments/mens/worldcup/canadamexicousa2026/statistics/player-statistics
441241,Orlando MOSQUERA,MOSQUERA,Goalkeeper,GK,25/12/1994,31,Older,22,3,303.8,101.3,0,0,0,0,,103,74,71.80%,0,0,0,0,0,,TRUE,FALSE,TRUE,TRUE,FALSE,FALSE,FALSE,FALSE,FALSE,0,0,0,0,0,0,0,0,0,0,0,0,0,0,0,0,2,2.982616186,0,2,0,0,0,0,0,3,0,338.7900314,0,2984.140015,110.6300011,11678.6709,13,22,0,8,48,42,2.166666687,9,6,17,0,0,0,0,5,0,68,2,21,37,16,10,14,23,2,0,0,0,0,29,7,1,6,21,0,6,0,4,185,96,3,0,0,27,20,7,27,0,0,0,0,9,0,0,1,1,67,2,0,31,11,0,0,0,0.100878792,0,24.77501297,15112.23047,0,https://www.fifa.com/en/tournaments/mens/worldcup/canadamexicousa2026/statistics/player-statistics
477817,Oussama BENBOT,BENBOT,Goalkeeper,GK,11/10/1994,31,Older,16,1,100.8,100.8,0,0,0,0,,25,18,72.00%,0,0,1,0.89,0,,TRUE,FALSE,FALSE,TRUE,FALSE,FALSE,FALSE,FALSE,FALSE,0,0,0,0,0,0,0,0,0,0,0,0,0,0,0,0,0,0.712598741,0,0,0,0,0,0,0,1,0,42.80999756,0,700,0,4044.790039,0,0,0,2,14,13,0,0,0,9,0,0,0,0,1,0,15,1,5,8,3,1,2,5,1,0,0,0,0,6,2,0,0,0,0,2,0,0,40,24,1,0,0,1,1,0,1,0,0,0,0,0,0,0,0,0,13,0,0,6,0,0,0,0,0.040377211,0,18.20163536,4787.599609,0,https://www.fifa.com/en/tournaments/mens/worldcup/canadamexicousa2026/statistics/player-statistics
463817,Owen GOODMAN,GOODMAN,Goalkeeper,GK,27/11/2003,22,Younger,18,0,0,,0,0,0,0,,0,0,,0,,0,,0,,FALSE,FALSE,FALSE,FALSE,FALSE,FALSE,FALSE,FALSE,FALSE,0,0,0,0,0,0,0,0,0,0,0,0,0,0,0,0,0,0,0,0,0,0,0,0,0,0,0,0,0,0,0,0,0,0,0,0,0,0,0,0,0,0,0,0,0,0,0,0,0,0,0,0,0,0,0,0,0,0,0,0,0,0,0,0,0,0,0,0,0,0,0,0,0,0,0,0,0,0,0,0,0,0,0,0,0,0,0,0,0,0,0,0,0,0,0,0,0,0,0,0,0,https://www.fifa.com/en/tournaments/mens/worldcup/canadamexicousa2026/statistics/player-statistics
494557,Patrick BEACH,BEACH,Goalkeeper,GK,6/08/2003,22,Younger,18,4,435.7,108.9,0,0,0,0,,122,79,64.80%,0,0,0,0,0,,TRUE,FALSE,TRUE,TRUE,FALSE,FALSE,FALSE,FALSE,FALSE,0,0,0,0,0,0,0,0,0,0,0,0,0,0,0,0,0,2.623897493,0,0,0,0,0,0,0,3,0,363.1399918,0,3103.220032,135.8400059,15445.55078,1,7,0,8,91,76,3.25,14,13,39,0,0,0,0,5,0,71,2,15,35,13,8,18,22,3,0,0,0,1,33,9,4,15,5,0,5,0,0,208,132,8,0,0,16,8,8,16,0,0,0,0,10,0,0,0,1,59,1,0,23,5,0,1,0,0.108580206,0,23.96224785,19047.74951,0,https://www.fifa.com/en/tournaments/mens/worldcup/canadamexicousa2026/statistics/player-statistics
441065,Patrick PENTZ,PENTZ,Goalkeeper,GK,2/01/1997,29,Older,13,0,0,,0,0,0,0,,0,0,,0,,0,,0,,FALSE,FALSE,FALSE,FALSE,FALSE,FALSE,FALSE,FALSE,FALSE,0,0,0,0,0,0,0,0,0,0,0,0,0,0,0,0,0,0,0,0,0,0,0,0,0,0,0,0,0,0,0,0,0,0,0,0,0,0,0,0,0,0,0,0,0,0,0,0,0,0,0,0,0,0,0,0,0,0,0,0,0,0,0,0,0,0,0,0,0,0,0,0,0,0,0,0,0,0,0,0,0,0,0,0,0,0,0,0,0,0,0,0,0,0,0,0,0,0,0,0,0,https://www.fifa.com/en/tournaments/mens/worldcup/canadamexicousa2026/statistics/player-statistics
331135,Paul Izzo,IZZO,Goalkeeper,GK,6/01/1995,31,Older,12,0,0,,0,0,0,0,,0,0,,0,,0,,0,,FALSE,FALSE,FALSE,FALSE,FALSE,FALSE,FALSE,FALSE,FALSE,0,0,0,0,0,0,0,0,0,0,0,0,0,0,0,0,0,0,0,0,0,0,0,0,0,0,0,0,0,0,0,0,0,0,0,0,0,0,0,0,0,0,0,0,0,0,0,0,0,0,0,0,0,0,0,0,0,0,0,0,0,0,0,0,0,0,0,0,0,0,0,0,0,0,0,0,0,0,0,0,0,0,0,0,0,0,0,0,0,0,0,0,0,0,0,0,0,0,0,0,0,https://www.fifa.com/en/tournaments/mens/worldcup/canadamexicousa2026/statistics/player-statistics
448507,Payam NIAZMAND,PAYAM,Goalkeeper,GK,6/04/1995,31,Older,12,0,0,,0,0,0,0,,0,0,,0,,0,,0,,FALSE,FALSE,FALSE,FALSE,FALSE,FALSE,FALSE,FALSE,FALSE,0,0,0,0,0,0,0,0,0,0,0,0,0,0,0,0,0,0,0,0,0,0,0,0,0,0,0,0,0,0,0,0,0,0,0,0,0,0,0,0,0,0,0,0,0,0,0,0,0,0,0,0,0,0,0,0,0,0,0,0,0,0,0,0,0,0,0,0,0,0,0,0,0,0,0,0,0,0,0,0,0,0,0,0,0,0,0,0,0,0,0,0,0,0,0,0,0,0,0,0,0,https://www.fifa.com/en/tournaments/mens/worldcup/canadamexicousa2026/statistics/player-statistics
485070,Raul RANGEL,R. RANGEL,Goalkeeper,GK,25/02/2000,26,Younger,1,5,494.3,98.9,0,0,0,0,,155,120,77.40%,1,0.18,0,0,0,,TRUE,FALSE,TRUE,TRUE,FALSE,FALSE,FALSE,FALSE,FALSE,0,0,0,0,0,0,0,0,0,0,0,0,0,0,0,0,1,3.137431479,0,1,0,0,0,0,0,7,0,724.2400131,9.520000458,5084.620117,149.2699951,19865.97949,21,30,0,10,57,46,4.400000006,8,8,23,0,0,0,0,3,0,106,4,34,55,33,15,17,56,4,0,0,0,0,47,23,5,9,27,0,18,0,17,317,170,11,1,0,61,42,20,62,0,0,0,0,22,0,0,1,6,107,7,0,71,12,0,1,0,0.222096327,0,25.76667404,25833.62988,0,https://www.fifa.com/en/tournaments/mens/worldcup/canadamexicousa2026/statistics/player-statistics
395059,Ricardo GOSS,GOSS,Goalkeeper,GK,2/04/1994,32,Older,22,0,0,,0,0,0,0,,0,0,,0,,0,,0,,FALSE,FALSE,FALSE,FALSE,FALSE,FALSE,FALSE,FALSE,FALSE,0,0,0,0,0,0,0,0,0,0,0,0,0,0,0,0,0,0,0,0,0,0,0,0,0,0,0,0,0,0,0,0,0,0,0,0,0,0,0,0,0,0,0,0,0,0,0,0,0,0,0,0,0,0,0,0,0,0,0,0,0,0,0,0,0,0,0,0,0,0,0,0,0,0,0,0,0,0,0,0,0,0,0,0,0,0,0,0,0,0,0,0,0,0,0,0,0,0,0,0,0,https://www.fifa.com/en/tournaments/mens/worldcup/canadamexicousa2026/statistics/player-statistics
464127,Robin RISSER,RISSER,Goalkeeper,GK,2/12/2004,21,Younger,23,0,0,,0,0,0,0,,0,0,,0,,0,,0,,FALSE,FALSE,FALSE,FALSE,FALSE,FALSE,FALSE,FALSE,FALSE,0,0,0,0,0,0,0,0,0,0,0,0,0,0,0,0,0,0,0,0,0,0,0,0,0,0,0,0,0,0,0,0,0,0,0,0,0,0,0,0,0,0,0,0,0,0,0,0,0,0,0,0,0,0,0,0,0,0,0,0,0,0,0,0,0,0,0,0,0,0,0,0,0,0,0,0,0,0,0,0,0,0,0,0,0,0,0,0,0,0,0,0,0,0,0,0,0,0,0,0,0,https://www.fifa.com/en/tournaments/mens/worldcup/canadamexicousa2026/statistics/player-statistics
506028,Robin ROEFS,ROEFS,Goalkeeper,GK,17/01/2003,23,Younger,13,0,0,,0,0,0,0,,0,0,,0,,0,,0,,FALSE,FALSE,FALSE,FALSE,FALSE,FALSE,FALSE,FALSE,FALSE,0,0,0,0,0,0,0,0,0,0,0,0,0,0,0,0,0,0,0,0,0,0,0,0,0,0,0,0,0,0,0,0,0,0,0,0,0,0,0,0,0,0,0,0,0,0,0,0,0,0,0,0,0,0,0,0,0,0,0,0,0,0,0,0,0,0,0,0,0,0,0,0,0,0,0,0,0,0,0,0,0,0,0,0,0,0,0,0,0,0,0,0,0,0,0,0,0,0,0,0,0,https://www.fifa.com/en/tournaments/mens/worldcup/canadamexicousa2026/statistics/player-statistics
395986,Ronwen WILLIAMS,WILLIAMS,Goalkeeper,GK,21/01/1992,34,Older,1,4,402.1,100.5,0,0,0,0,,237,179,75.50%,0,0,0,0,0,,TRUE,FALSE,TRUE,TRUE,FALSE,FALSE,FALSE,FALSE,FALSE,0,0,0,0,0,0,0,0,0,0,0,0,0,0,0,0,3,3.087773681,0,2,0,0,0,0,0,5,0,377.269989,3.430000067,4012.450012,100.6599979,16214.81982,15,36,0,7,72,59,3,14,11,32,0,0,0,0,2,0,135,7,39,66,30,13,20,52,7,2,0,0,0,62,20,3,16,47,2,15,0,12,443,176,10,0,0,60,42,18,60,0,0,0,0,36,0,0,0,8,178,8,0,36,7,0,0,0,0.096024616,0,25.70899773,20708.62988,0,https://www.fifa.com/en/tournaments/mens/worldcup/canadamexicousa2026/statistics/player-statistics
448092,RUI SILVA,RUI SILVA,Goalkeeper,GK,7/02/1994,32,Older,22,0,0,,0,0,0,0,,0,0,,0,,0,,0,,FALSE,FALSE,FALSE,FALSE,FALSE,FALSE,FALSE,FALSE,FALSE,0,0,0,0,0,0,0,0,0,0,0,0,0,0,0,0,0,0,0,0,0,0,0,0,0,0,0,0,0,0,0,0,0,0,0,0,0,0,0,0,0,0,0,0,0,0,0,0,0,0,0,0,0,0,0,0,0,0,0,0,0,0,0,0,0,0,0,0,0,0,0,0,0,0,0,0,0,0,0,0,0,0,0,0,0,0,0,0,0,0,0,0,0,0,0,0,0,0,0,0,0,https://www.fifa.com/en/tournaments/mens/worldcup/canadamexicousa2026/statistics/player-statistics
372294,Sabri BEN HESSEN,BEN HESSEN,Goalkeeper,GK,13/06/1996,29,Older,22,0,0,,0,0,0,0,,0,0,,0,,0,,0,,FALSE,FALSE,FALSE,FALSE,FALSE,FALSE,FALSE,FALSE,FALSE,0,0,0,0,0,0,0,0,0,0,0,0,0,0,0,0,0,0,0,0,0,0,0,0,0,0,0,0,0,0,0,0,0,0,0,0,0,0,0,0,0,0,0,0,0,0,0,0,0,0,0,0,0,0,0,0,0,0,0,0,0,0,0,0,0,0,0,0,0,0,0,0,0,0,0,0,0,0,0,0,0,0,0,0,0,0,0,0,0,0,0,0,0,0,0,0,0,0,0,0,0,https://www.fifa.com/en/tournaments/mens/worldcup/canadamexicousa2026/statistics/player-statistics
419461,SALAH ZAKARIA,SALAH,Goalkeeper,GK,24/04/1999,27,Younger,21,0,0,,0,0,0,0,,0,0,,0,,0,,0,,FALSE,FALSE,FALSE,FALSE,FALSE,FALSE,FALSE,FALSE,FALSE,0,0,0,0,0,0,0,0,0,0,0,0,0,0,0,0,0,0,0,0,0,0,0,0,0,0,0,0,0,0,0,0,0,0,0,0,0,0,0,0,0,0,0,0,0,0,0,0,0,0,0,0,0,0,0,0,0,0,0,0,0,0,0,0,0,0,0,0,0,0,0,0,0,0,0,0,0,0,0,0,0,0,0,0,0,0,0,0,0,0,0,0,0,0,0,0,0,0,0,0,0,https://www.fifa.com/en/tournaments/mens/worldcup/canadamexicousa2026/statistics/player-statistics
514479,Sander TANGVIK,TANGVIK,Goalkeeper,GK,29/11/2002,23,Younger,12,0,0,,0,0,0,0,,0,0,,0,,0,,0,,FALSE,FALSE,FALSE,FALSE,FALSE,FALSE,FALSE,FALSE,FALSE,0,0,0,0,0,0,0,0,0,0,0,0,0,0,0,0,0,0,0,0,0,0,0,0,0,0,0,0,0,0,0,0,0,0,0,0,0,0,0,0,0,0,0,0,0,0,0,0,0,0,0,0,0,0,0,0,0,0,0,0,0,0,0,0,0,0,0,0,0,0,0,0,0,0,0,0,0,0,0,0,0,0,0,0,0,0,0,0,0,0,0,0,0,0,0,0,0,0,0,0,0,https://www.fifa.com/en/tournaments/mens/worldcup/canadamexicousa2026/statistics/player-statistics
402897,Santiago MELE,S. MELE,Goalkeeper,GK,6/09/1997,28,Older,12,0,0,,0,0,0,0,,0,0,,0,,0,,0,,FALSE,FALSE,FALSE,FALSE,FALSE,FALSE,FALSE,FALSE,FALSE,0,0,0,0,0,0,0,0,0,0,0,0,0,0,0,0,0,0,0,0,0,0,0,0,0,0,0,0,0,0,0,0,0,0,0,0,0,0,0,0,0,0,0,0,0,0,0,0,0,0,0,0,0,0,0,0,0,0,0,0,0,0,0,0,0,0,0,0,0,0,0,0,0,0,0,0,0,0,0,0,0,0,0,0,0,0,0,0,0,0,0,0,0,0,0,0,0,0,0,0,0,https://www.fifa.com/en/tournaments/mens/worldcup/canadamexicousa2026/statistics/player-statistics
495348,Senne LAMMENS,LAMMENS,Goalkeeper,GK,7/07/2002,23,Younger,12,1,26.4,26.4,0,0,0,0,,13,6,46.20%,0,0,0,0,0,,TRUE,FALSE,FALSE,FALSE,FALSE,FALSE,FALSE,FALSE,FALSE,0,0,0,0,0,0,0,0,0,0,0,0,0,0,0,0,0,0.607971509,0,0,0,0,0,0,0,0,0,43.97999573,11.22999954,281.6900024,14.72000027,1255.75,0,1,0,1,7,5,0.666666687,2,2,3,0,0,0,0,1,0,14,1,4,5,1,0,0,3,1,0,0,0,0,8,2,1,3,1,0,1,0,0,23,13,1,0,0,1,1,0,1,0,0,0,0,1,0,0,0,0,7,0,0,4,1,1,0,0,0.010077083,0,26.94434166,1607.369995,0,https://www.fifa.com/en/tournaments/mens/worldcup/canadamexicousa2026/statistics/player-statistics
368664,Sergio ROCHET,S. ROCHET,Goalkeeper,GK,23/03/1993,33,Older,1,1,51.5,51.5,0,0,0,0,,19,10,52.60%,0,0,0,0,0,,TRUE,FALSE,FALSE,FALSE,FALSE,FALSE,FALSE,FALSE,FALSE,0,0,0,0,0,0,0,0,0,0,0,0,0,0,0,0,0,1.196941535,0,0,0,0,0,0,0,0,0,85.19999695,16.5,896.499939,27.31000137,2053.919922,1,1,0,0,7,5,0,0,0,3,0,0,0,0,0,0,24,3,6,11,4,1,2,9,3,2,0,0,0,10,3,0,1,0,2,1,0,0,38,18,0,0,0,5,3,2,5,0,0,0,0,4,0,0,0,0,14,0,0,6,3,1,0,0,0.038389664,0,28.23230743,3079.429932,0,https://www.fifa.com/en/tournaments/mens/worldcup/canadamexicousa2026/statistics/player-statistics
494246,Sipho CHAINE,CHAINE,Goalkeeper,GK,14/12/1996,29,Older,16,0,0,,0,0,0,0,,0,0,,0,,0,,0,,FALSE,FALSE,FALSE,FALSE,FALSE,FALSE,FALSE,FALSE,FALSE,0,0,0,0,0,0,0,0,0,0,0,0,0,0,0,0,0,0,0,0,0,0,0,0,0,0,0,0,0,0,0,0,0,0,0,0,0,0,0,0,0,0,0,0,0,0,0,0,0,0,0,0,0,0,0,0,0,0,0,0,0,0,0,0,0,0,0,0,0,0,0,0,0,0,0,0,0,0,0,0,0,0,0,0,0,0,0,0,0,0,0,0,0,0,0,0,0,0,0,0,0,https://www.fifa.com/en/tournaments/mens/worldcup/canadamexicousa2026/statistics/player-statistics
402820,SONG Bumkeun,BUMKEUN,Goalkeeper,GK,15/10/1997,28,Older,12,0,0,,0,0,0,0,,0,0,,0,,0,,0,,FALSE,FALSE,FALSE,FALSE,FALSE,FALSE,FALSE,FALSE,FALSE,0,0,0,0,0,0,0,0,0,0,0,0,0,0,0,0,0,0,0,0,0,0,0,0,0,0,0,0,0,0,0,0,0,0,0,0,0,0,0,0,0,0,0,0,0,0,0,0,0,0,0,0,0,0,0,0,0,0,0,0,0,0,0,0,0,0,0,0,0,0,0,0,0,0,0,0,0,0,0,0,0,0,0,0,0,0,0,0,0,0,0,0,0,0,0,0,0,0,0,0,0,https://www.fifa.com/en/tournaments/mens/worldcup/canadamexicousa2026/statistics/player-statistics
358106,Thibaut COURTOIS,COURTOIS,Goalkeeper,GK,11/05/1992,34,Older,1,6,625.1,104.2,0,0,0,0,,198,144,72.70%,0,0,0,0,0,,TRUE,FALSE,TRUE,TRUE,FALSE,FALSE,FALSE,FALSE,FALSE,0,0,0,0,0,0,0,0,0,0,0,0,0,0,0,0,0,2.878681302,0,0,0,0,0,0,0,6,0,604.4899864,40.39999902,4927.339905,168.1599998,24050.09106,7,22,0,10,110,90,4.066666722,17,14,33,0,0,0,0,4,0,139,5,51,67,30,9,11,55,5,0,0,0,0,67,25,4,11,33,0,21,0,10,372,206,11,0,0,38,29,9,38,0,0,0,0,27,0,0,0,3,134,3,0,55,13,0,1,0,0.274683403,0,26.57189941,29790.48047,0,https://www.fifa.com/en/tournaments/mens/worldcup/canadamexicousa2026/statistics/player-statistics
486196,Timothy FAYULU,FAYULU,Goalkeeper,GK,24/07/1999,26,Younger,16,0,0,,0,0,0,0,,0,0,,0,,0,,0,,FALSE,FALSE,FALSE,FALSE,FALSE,FALSE,FALSE,FALSE,FALSE,0,0,0,0,0,0,0,0,0,0,0,0,0,0,0,0,0,0,0,0,0,0,0,0,0,0,0,0,0,0,0,0,0,0,0,0,0,0,0,0,0,0,0,0,0,0,0,0,0,0,0,0,0,0,0,0,0,0,0,0,0,0,0,0,0,0,0,0,0,0,0,0,0,0,0,0,0,0,0,0,0,0,0,0,0,0,0,0,0,0,0,0,0,0,0,0,0,0,0,0,0,https://www.fifa.com/en/tournaments/mens/worldcup/canadamexicousa2026/statistics/player-statistics
511710,Tomoki HAYAKAWA,HAYAKAWA,Goalkeeper,GK,3/03/1999,27,Younger,23,0,0,,0,0,0,0,,0,0,,0,,0,,0,,FALSE,FALSE,FALSE,FALSE,FALSE,FALSE,FALSE,FALSE,FALSE,0,0,0,0,0,0,0,0,0,0,0,0,0,0,0,0,0,0,0,0,0,0,0,0,0,0,0,0,0,0,0,0,0,0,0,0,0,0,0,0,0,0,0,0,0,0,0,0,0,0,0,0,0,0,0,0,0,0,0,0,0,0,0,0,0,0,0,0,0,0,0,0,0,0,0,0,0,0,0,0,0,0,0,0,0,0,0,0,0,0,0,0,0,0,0,0,0,0,0,0,0,https://www.fifa.com/en/tournaments/mens/worldcup/canadamexicousa2026/statistics/player-statistics
466382,Trevor DOORNBUSCH,DOORNBUSCH,Goalkeeper,GK,6/07/1999,26,Younger,26,0,0,,0,0,0,0,,0,0,,0,,0,,0,,FALSE,FALSE,FALSE,FALSE,FALSE,FALSE,FALSE,FALSE,FALSE,0,0,0,0,0,0,0,0,0,0,0,0,0,0,0,0,0,0,0,0,0,0,0,0,0,0,0,0,0,0,0,0,0,0,0,0,0,0,0,0,0,0,0,0,0,0,0,0,0,0,0,0,0,0,0,0,0,0,0,0,0,0,0,0,0,0,0,0,0,0,0,0,0,0,0,0,0,0,0,0,0,0,0,0,0,0,0,0,0,0,0,0,0,0,0,0,0,0,0,0,0,https://www.fifa.com/en/tournaments/mens/worldcup/canadamexicousa2026/statistics/player-statistics
466370,Tyrick BODAK,BODAK,Goalkeeper,GK,15/05/2002,24,Younger,25,0,0,,0,0,0,0,,0,0,,0,,0,,0,,FALSE,FALSE,FALSE,FALSE,FALSE,FALSE,FALSE,FALSE,FALSE,0,0,0,0,0,0,0,0,0,0,0,0,0,0,0,0,0,0,0,0,0,0,0,0,0,0,0,0,0,0,0,0,0,0,0,0,0,0,0,0,0,0,0,0,0,0,0,0,0,0,0,0,0,0,0,0,0,0,0,0,0,0,0,0,0,0,0,0,0,0,0,0,0,0,0,0,0,0,0,0,0,0,0,0,0,0,0,0,0,0,0,0,0,0,0,0,0,0,0,0,0,https://www.fifa.com/en/tournaments/mens/worldcup/canadamexicousa2026/statistics/player-statistics
441181,Ugurcan CAKIR,UĞURCAN,Goalkeeper,GK,5/04/1996,30,Older,23,3,313.7,104.6,0,0,0,0,,98,77,78.60%,0,0,0,0,0,,TRUE,FALSE,TRUE,TRUE,FALSE,FALSE,FALSE,FALSE,FALSE,0,0,0,0,0,0,0,0,0,0,0,0,0,0,0,0,1,3.02574118,0,1,0,0,0,0,0,4,0,568.0900116,31.46000004,3274.429993,94.59999418,11903.6499,9,17,0,9,55,46,1.714285731,8,8,8,0,0,0,0,5,0,42,0,15,22,9,5,7,15,0,0,0,0,0,20,6,2,5,12,0,4,0,8,185,95,7,0,1,25,13,13,26,0,0,0,0,14,0,0,0,2,72,2,0,55,10,0,0,0,0.277861085,0,28.83349419,15872.22998,0,https://www.fifa.com/en/tournaments/mens/worldcup/canadamexicousa2026/statistics/player-statistics
430753,Unai SIMON,UNAI SIMÓN,Goalkeeper,GK,11/06/1997,29,Older,23,8,857.4,107.2,0,0,0,0,,314,253,80.60%,0,0,3,0.31,0,,TRUE,FALSE,TRUE,TRUE,FALSE,FALSE,FALSE,FALSE,FALSE,0,0,0,0,0,0,0,0,0,0,0,0,0,0,0,0,2,3.365516335,0,2,0,0,0,0,0,10,0,1398.419998,90.59999967,8305.110107,460.3499966,37836.10059,24,47,0,12,120,93,5.5,14,9,28,0,0,0,0,2,0,146,5,39,85,43,32,41,60,5,1,0,0,0,56,16,5,12,46,1,10,0,12,608,310,23,0,0,126,85,41,126,0,0,0,0,68,0,0,0,12,228,12,0,143,44,0,0,0,0.480326124,0,29.87396049,48090.57959,0,https://www.fifa.com/en/tournaments/mens/worldcup/canadamexicousa2026/statistics/player-statistics
479077,Utkir YUSUPOV,YUSUPOV,Goalkeeper,GK,4/01/1991,35,Older,1,1,105.6,105.6,0,0,0,0,,29,17,58.60%,0,0,1,0.85,0,,TRUE,FALSE,FALSE,TRUE,FALSE,FALSE,FALSE,FALSE,FALSE,0,0,0,0,0,0,0,0,0,0,0,0,0,0,0,0,1,0.963916938,0,1,0,0,0,0,0,2,0,87.47000122,0,694.1199951,12.28999901,4300.549316,1,1,0,4,27,21,0.25,1,1,10,0,0,0,0,2,0,22,2,6,12,3,2,4,4,2,0,0,0,0,8,1,0,0,0,0,1,0,0,50,35,3,0,0,12,7,5,12,0,0,0,0,1,0,0,0,0,14,0,0,7,1,0,0,0,0.020947078,0,22.51351166,5094.429688,0,https://www.fifa.com/en/tournaments/mens/worldcup/canadamexicousa2026/statistics/player-statistics
483264,Viktor JOHANSSON,V. JOHANSSON,Goalkeeper,GK,14/09/1998,27,Younger,12,0,0,,0,0,0,0,,0,0,,0,,0,,0,,FALSE,FALSE,FALSE,FALSE,FALSE,FALSE,FALSE,FALSE,FALSE,0,0,0,0,0,0,0,0,0,0,0,0,0,0,0,0,0,0,0,0,0,0,0,0,0,0,0,0,0,0,0,0,0,0,0,0,0,0,0,0,0,0,0,0,0,0,0,0,0,0,0,0,0,0,0,0,0,0,0,0,0,0,0,0,0,0,0,0,0,0,0,0,0,0,0,0,0,0,0,0,0,0,0,0,0,0,0,0,0,0,0,0,0,0,0,0,0,0,0,0,0,https://www.fifa.com/en/tournaments/mens/worldcup/canadamexicousa2026/statistics/player-statistics
364752,VOZINHA,VOZINHA,Goalkeeper,GK,3/06/1986,40,Older,1,4,445.5,111.4,0,0,0,0,,166,117,70.50%,0,0,3,0.61,0,,TRUE,FALSE,TRUE,TRUE,FALSE,FALSE,FALSE,FALSE,FALSE,0,0,0,0,0,0,0,0,0,0,0,0,0,0,0,1,0,2.891430974,1,0,0,0,0,0,0,5,0,412.6999969,3.820000052,3073.739868,89.6099987,17740.96924,23,32,0,10,136,102,2.727272749,18,17,23,0,0,0,0,5,0,106,2,23,72,39,29,47,52,2,0,0,0,0,32,13,3,7,29,0,10,0,20,299,161,5,0,0,35,19,16,35,0,0,0,0,13,0,0,0,7,102,7,0,44,9,0,0,1,0.073454093,0,25.35424614,21320.83936,0,https://www.fifa.com/en/tournaments/mens/worldcup/canadamexicousa2026/statistics/player-statistics
396315,WEVERTON,WEVERTON,Goalkeeper,GK,13/12/1987,38,Older,12,0,0,,0,0,0,0,,0,0,,0,,0,,0,,FALSE,FALSE,FALSE,FALSE,FALSE,FALSE,FALSE,FALSE,FALSE,0,0,0,0,0,0,0,0,0,0,0,0,0,0,0,0,0,0,0,0,0,0,0,0,0,0,0,0,0,0,0,0,0,0,0,0,0,0,0,0,0,0,0,0,0,0,0,0,0,0,0,0,0,0,0,0,0,0,0,0,0,0,0,0,0,0,0,0,0,0,0,0,0,0,0,0,0,0,0,0,0,0,0,0,0,0,0,0,0,0,0,0,0,0,0,0,0,0,0,0,0,https://www.fifa.com/en/tournaments/mens/worldcup/canadamexicousa2026/statistics/player-statistics
405873,Yahia Fofana,Y. FOFANA,Goalkeeper,GK,21/08/2000,25,Younger,1,4,408.9,102.2,0,0,0,0,,114,74,64.90%,0,0,3,0.66,0,,TRUE,FALSE,TRUE,TRUE,FALSE,FALSE,FALSE,FALSE,FALSE,0,0,0,0,0,0,0,0,0,0,0,0,0,0,0,0,0,2.928016841,0,0,0,0,0,0,0,7,0,216.8000031,5.179999828,3689.259949,105.4199972,15949.37061,12,20,0,10,84,68,2.047619075,11,8,8,0,0,0,0,3,0,88,1,26,53,30,18,26,44,1,1,0,0,0,34,13,1,7,21,1,11,0,12,216,124,6,0,0,17,12,5,17,0,0,0,0,10,0,0,0,3,78,3,0,16,5,0,0,0,0.16752515,0,26.16995239,19966.03027,0,https://www.fifa.com/en/tournaments/mens/worldcup/canadamexicousa2026/statistics/player-statistics
356956,Yassine BOUNOU,BONO,Goalkeeper,GK,5/04/1991,35,Older,1,6,650.4,108.4,0,0,0,0,,211,142,67.30%,0,0,4,0.55,0,,TRUE,FALSE,TRUE,TRUE,FALSE,FALSE,FALSE,FALSE,FALSE,0,0,0,0,0,0,0,0,0,0,0,0,0,0,0,0,0,2.599183599,0,0,0,0,0,0,0,19,0,337.0400047,0,5050.769836,43.42000049,22605.76001,10,24,0,22,112,91,3.550000012,19,15,33,0,0,0,0,3,0,111,9,29,50,9,5,12,16,9,0,0,0,0,52,7,3,14,30,0,4,0,4,383,205,11,0,0,32,18,14,32,0,1,0,0,19,0,0,1,8,133,9,0,38,5,0,0,0,0.199604182,0,24.52590942,28036.98975,0,https://www.fifa.com/en/tournaments/mens/worldcup/canadamexicousa2026/statistics/player-statistics
397894,YAZEED ABULAILA,YAZEED,Goalkeeper,GK,8/01/1993,33,Older,1,3,309.4,103.1,0,0,0,0,,66,42,63.60%,0,0,0,0,0,,TRUE,FALSE,TRUE,TRUE,FALSE,FALSE,FALSE,FALSE,FALSE,0,0,0,0,0,0,0,0,0,0,0,0,0,0,0,0,0,2.636877616,0,0,0,0,0,0,0,4,0,92.1099987,0,1836.599915,20.43000031,11637.42993,3,7,0,8,70,56,1.333333343,8,8,9,0,0,0,0,4,0,51,3,11,27,9,6,13,15,3,1,0,0,0,21,5,2,7,8,1,2,0,2,122,79,3,0,0,9,7,2,9,0,0,0,0,7,0,0,0,0,40,0,0,9,2,0,0,0,0.05190994,0,23.45568085,13586.57031,0,https://www.fifa.com/en/tournaments/mens/worldcup/canadamexicousa2026/statistics/player-statistics
494277,Yehvann DIOUF,Y. DIOUF,Goalkeeper,GK,16/11/1999,26,Younger,1,0,0,,0,0,0,0,,0,0,,0,,0,,0,,FALSE,FALSE,FALSE,FALSE,FALSE,FALSE,FALSE,FALSE,FALSE,0,0,0,0,0,0,0,0,0,0,0,0,0,0,0,0,0,0,0,0,0,0,0,0,0,0,0,0,0,0,0,0,0,0,0,0,0,0,0,0,0,0,0,0,0,0,0,0,0,0,0,0,0,0,0,0,0,0,0,0,0,0,0,0,0,0,0,0,0,0,0,0,0,0,0,0,0,0,0,0,0,0,0,0,0,0,0,0,0,0,0,0,0,0,0,0,0,0,0,0,0,https://www.fifa.com/en/tournaments/mens/worldcup/canadamexicousa2026/statistics/player-statistics
402022,Yvon MVOGO,MVOGO,Goalkeeper,GK,6/06/1994,32,Older,12,0,0,,0,0,0,0,,0,0,,0,,0,,0,,FALSE,FALSE,FALSE,FALSE,FALSE,FALSE,FALSE,FALSE,FALSE,0,0,0,0,0,0,0,0,0,0,0,0,0,0,0,0,0,0,0,0,0,0,0,0,0,0,0,0,0,0,0,0,0,0,0,0,0,0,0,0,0,0,0,0,0,0,0,0,0,0,0,0,0,0,0,0,0,0,0,0,0,0,0,0,0,0,0,0,0,0,0,0,0,0,0,0,0,0,0,0,0,0,0,0,0,0,0,0,0,0,0,0,0,0,0,0,0,0,0,0,0,https://www.fifa.com/en/tournaments/mens/worldcup/canadamexicousa2026/statistics/player-statistics
405530,Zion Suzuki,SUZUKI,Goalkeeper,GK,21/08/2002,23,Younger,1,4,405.8,101.5,0,0,0,0,,109,76,69.70%,0,0,1,0.22,0,,TRUE,FALSE,TRUE,TRUE,FALSE,FALSE,FALSE,FALSE,FALSE,0,0,0,0,0,0,0,0,0,0,0,0,0,0,0,0,0,3.021472991,0,0,0,0,0,0,0,3,0,350.1100082,7.21999979,5453.450073,59.33999515,14563.14014,8,15,0,7,78,64,2.133333385,17,12,7,0,0,0,0,4,0,77,6,17,39,20,13,16,29,6,1,0,0,0,32,8,1,9,25,1,6,0,10,204,118,11,0,0,20,14,6,20,0,0,0,0,13,0,0,0,1,75,1,0,38,5,0,0,0,0.132016951,0,25.6711483,20433.25928,0,https://www.fifa.com/en/tournaments/mens/worldcup/canadamexicousa2026/statistics/player-statistics
442428,Aaron HICKEY,HICKEY,Defender,DF,10/06/2002,24,Younger,2,1,79.1,79.1,0,0,0,0,,42,38,90.50%,2,2.27,4,4.55,0,,TRUE,FALSE,FALSE,FALSE,TRUE,FALSE,FALSE,FALSE,FALSE,0,0,0,0,0,0,0,0,0,0,0,0,0,0,0,1,0,2.113182545,0,0,0,1,0,16,5,2,0,1107.160034,178.1000214,3665.469971,340.7399902,3069.919922,16,19,1,2,0,0,0,0,0,0,0,0,0,0,0,0,14,1,2,8,7,5,5,11,1,1,0,0,0,5,3,1,2,5,1,1,0,5,83,31,2,2,9,15,1,25,26,0,0,0,0,11,2,0,0,5,29,5,0,103,30,0,1,0,0.024360254,8,32.40311432,8361.390625,1,https://www.fifa.com/en/tournaments/mens/worldcup/canadamexicousa2026/statistics/player-statistics
426357,Aaron WAN-BISSAKA,WAN BISSAKA,Defender,DF,26/11/1997,28,Older,2,4,399.5,99.9,0,0,0,0,,137,109,79.60%,1,0.23,1,0.23,0,,TRUE,FALSE,TRUE,TRUE,TRUE,FALSE,TRUE,FALSE,TRUE,0,0,0,0,0,0,0,0,0,0,0,0,0,0,0,10,0,6.069047332,4,0,0,7,2,104,14,0,0,5366.229858,944.4900055,15667.77002,2433.889893,15988.85034,42,64,12,0,0,0,0,0,0,0,0,0,0,0,0,0,74,3,7,31,21,16,21,48,5,3,1,2,0,38,24,19,28,31,2,3,0,22,287,152,7,58,48,35,39,102,141,1,0,0,0,39,19,5,7,47,66,54,0,460,194,0,1,2,0.569803931,38,33.67913055,40401.23047,0,https://www.fifa.com/en/tournaments/mens/worldcup/canadamexicousa2026/statistics/player-statistics
433527,ABDALLAH NASIB,NASIB,Defender,DF,25/02/1994,32,Older,3,3,287.1,95.7,0,0,0,0,,97,70,72.20%,1,0.31,1,0.31,0,,TRUE,FALSE,TRUE,TRUE,TRUE,FALSE,TRUE,FALSE,TRUE,0,0,0,0,0,0,0,0,0,0,0,0,0,0,0,1,0,5.622141679,1,0,0,0,0,38,6,4,0,3112.200134,318.5400085,11454.84033,1098.619965,10885.69043,16,31,12,4,0,0,0,0,0,0,0,0,0,0,0,0,61,1,9,36,23,20,26,36,1,0,0,0,0,24,13,10,14,32,0,3,0,17,190,94,4,0,2,27,1,28,29,0,0,0,0,11,1,0,2,11,64,13,0,269,86,0,1,0,0.152844306,19,32.39413071,26869.88965,0,https://www.fifa.com/en/tournaments/mens/worldcup/canadamexicousa2026/statistics/player-statistics
370171,Abdoulaye Seck,SECK,Defender,DF,4/06/1992,34,Older,4,1,67,67,0,1,2,0,0.00%,30,26,86.70%,1,1.34,1,1.34,0.05,0.00x,TRUE,FALSE,FALSE,FALSE,TRUE,FALSE,FALSE,FALSE,FALSE,0,0,0,1,0,0,0,1,0,0,1,0,1,1,0,0,0,1.375433087,0,0,0,0,0,3,1,1,0,624.4199829,85.36999512,2380.609863,211.8799896,2840.25,4,10,1,1,0,0,0,0,0,0,0,0,0,1,0,0,5,1,1,2,0,0,0,0,1,0,0,0,0,2,0,0,0,5,0,0,0,0,66,28,4,0,0,7,3,4,7,0,0,0,0,3,2,0,1,6,24,7,0,51,16,0,1,0,0.15027909,0,33.0152359,6142.529785,1,https://www.fifa.com/en/tournaments/mens/worldcup/canadamexicousa2026/statistics/player-statistics
464924,Abdukodir KHUSANOV,KHUSANOV,Defender,DF,29/02/2004,22,Younger,2,3,312,104,0,0,0,0,,98,81,82.70%,6,1.73,0,0,0,,TRUE,FALSE,TRUE,TRUE,TRUE,FALSE,TRUE,FALSE,TRUE,0,0,0,0,0,0,0,0,0,0,0,0,0,0,0,0,1,5.367776076,0,1,0,0,0,23,8,4,0,2479.580017,717.3599854,11773.02002,1025.270004,11917.64917,33,39,11,6,0,0,0,0,0,6,0,0,0,0,2,0,45,1,10,30,19,16,19,24,1,0,0,0,0,14,5,2,3,12,0,3,0,7,214,111,3,2,1,13,7,9,16,0,0,0,0,7,1,0,4,27,54,31,0,218,93,0,0,0,0.192750297,5,36.45697021,27912.87891,2,https://www.fifa.com/en/tournaments/mens/worldcup/canadamexicousa2026/statistics/player-statistics
441336,Abdul MUMIN,A. MUMIN,Defender,DF,6/06/1998,28,Older,6,0,0,,0,0,0,0,,0,0,,0,,0,,0,,FALSE,FALSE,FALSE,FALSE,TRUE,FALSE,FALSE,FALSE,FALSE,0,0,0,0,0,0,0,0,0,0,0,0,0,0,0,0,0,0,0,0,0,0,0,0,0,0,0,0,0,0,0,0,0,0,0,0,0,0,0,0,0,0,0,0,0,0,0,0,0,0,0,0,0,0,0,0,0,0,0,0,0,0,0,0,0,0,0,0,0,0,0,0,0,0,0,0,0,0,0,0,0,0,0,0,0,0,0,0,0,0,0,0,0,0,0,0,0,0,0,0,0,https://www.fifa.com/en/tournaments/mens/worldcup/canadamexicousa2026/statistics/player-statistics
403312,Abdulelah ALAMRI,ALAMRI,Defender,DF,15/01/1997,29,Older,4,3,268.4,89.5,1,0,4,2,25.00%,99,81,81.80%,1,0.34,0,0,0.93,1.07x,TRUE,TRUE,TRUE,TRUE,TRUE,FALSE,TRUE,FALSE,TRUE,0,0,0,1,0,0,2,0,0,1,3,2,1,1,0,1,0,5.669818719,1,0,0,1,1,23,5,4,0,2772.409851,387.1200104,9589.150146,1075.359955,11383.7002,24,38,7,4,0,0,0,0,0,0,0,1,0,1,0,0,45,3,6,20,11,6,11,26,3,2,0,0,0,22,13,8,13,25,2,3,0,12,212,88,6,4,2,24,15,15,30,0,0,0,0,15,2,2,3,12,84,15,0,252,89,0,1,0,0.215464666,2,31.57100868,25207.74023,1,https://www.fifa.com/en/tournaments/mens/worldcup/canadamexicousa2026/statistics/player-statistics
484082,Abdulkerim BARDAKCI,ABDÜLKERİM,Defender,DF,7/09/1994,31,Older,14,3,300.1,100,0,0,3,0,0.00%,242,222,91.70%,1,0.3,3,0.9,0.07,0.00x,TRUE,TRUE,TRUE,TRUE,TRUE,FALSE,TRUE,FALSE,TRUE,0,1,0,0,0,0,1,2,0,0,1,0,2,2,0,5,5,6.080866496,4,3,0,6,2,27,12,10,0,3037.02002,512.8799896,12509.73999,1178.289978,13181.08008,42,61,3,12,0,0,0,0,0,7,0,0,0,0,2,0,82,2,14,29,20,12,13,56,3,1,0,0,1,50,35,26,33,35,0,8,1,19,516,184,20,2,1,22,11,14,25,0,0,0,0,19,2,1,1,23,212,24,0,258,93,0,1,1,0.564555071,1,31.53774071,30419.00977,0,https://www.fifa.com/en/tournaments/mens/worldcup/canadamexicousa2026/statistics/player-statistics
479042,Abdulla ABDULLAEV,ABDULLAEV,Defender,DF,1/09/1997,28,Older,18,2,206.9,103.4,0,0,0,0,,72,65,90.30%,5,2.18,1,0.44,0,,TRUE,FALSE,TRUE,TRUE,TRUE,FALSE,TRUE,FALSE,TRUE,0,0,0,0,0,0,0,0,0,0,0,0,0,0,0,2,0,3.821585337,2,0,0,0,0,22,7,6,0,2184.099976,270.1300163,8244.529785,714.6799622,8348.519531,12,15,7,6,0,0,0,0,0,0,0,0,0,0,0,0,26,0,3,13,10,8,10,21,1,1,1,1,0,12,10,8,9,7,0,2,0,5,143,64,3,1,1,11,6,7,13,0,0,0,0,8,0,0,0,7,53,7,0,191,57,0,0,1,0.105194228,8,32.48294067,19761.95898,0,https://www.fifa.com/en/tournaments/mens/worldcup/canadamexicousa2026/statistics/player-statistics
400721,Achraf HAKIMI,HAKIMI,Defender,DF,4/11/1998,27,Younger,2,6,650.4,108.4,1,2,14,4,7.10%,449,402,89.50%,7,0.97,16,2.21,0.96,1.04x,TRUE,TRUE,TRUE,TRUE,TRUE,FALSE,TRUE,FALSE,TRUE,0,3,1,0,1,3,3,6,0,0,6,2,6,8,2,34,6,5.88979284,21,5,21,38,12,93,30,25,0,7196.779968,2273.51004,23730.80981,3492.469971,27057.10986,218,299,19,25,0,0,0,0,0,0,0,1,0,0,0,0,115,3,9,48,37,29,36,87,7,6,1,1,3,60,44,34,45,72,3,5,2,50,971,374,34,79,114,60,102,151,253,0,0,0,0,103,92,12,13,154,277,167,0,624,296,0,0,11,1.912221238,52,35.47566986,63750.68066,1,https://www.fifa.com/en/tournaments/mens/worldcup/canadamexicousa2026/statistics/player-statistics
512127,Achref ABADA,Achref ABADA,Defender,DF,15/06/1999,26,Younger,3,0,0,,0,0,0,0,,0,0,,0,,0,,0,,FALSE,FALSE,FALSE,FALSE,TRUE,FALSE,FALSE,FALSE,FALSE,0,0,0,0,0,0,0,0,0,0,0,0,0,0,0,0,0,0,0,0,0,0,0,0,0,0,0,0,0,0,0,0,0,0,0,0,0,0,0,0,0,0,0,0,0,0,0,0,0,0,0,0,0,0,0,0,0,0,0,0,0,0,0,0,0,0,0,0,0,0,0,0,0,0,0,0,0,0,0,0,0,0,0,0,0,0,0,0,0,0,0,0,0,0,0,0,0,0,0,0,0,https://www.fifa.com/en/tournaments/mens/worldcup/canadamexicousa2026/statistics/player-statistics
516043,Adam AROUS,AROUS,Defender,DF,17/07/2004,21,Younger,5,0,0,,0,0,0,0,,0,0,,0,,0,,0,,FALSE,FALSE,FALSE,FALSE,TRUE,FALSE,FALSE,FALSE,FALSE,0,0,0,0,0,0,0,0,0,0,0,0,0,0,0,0,0,0,0,0,0,0,0,0,0,0,0,0,0,0,0,0,0,0,0,0,0,0,0,0,0,0,0,0,0,0,0,0,0,0,0,0,0,0,0,0,0,0,0,0,0,0,0,0,0,0,0,0,0,0,0,0,0,0,0,0,0,0,0,0,0,0,0,0,0,0,0,0,0,0,0,0,0,0,0,0,0,0,0,0,0,https://www.fifa.com/en/tournaments/mens/worldcup/canadamexicousa2026/statistics/player-statistics
430477,AHMED FATOUH,A. FATOUH,Defender,DF,22/03/1998,28,Older,13,3,301.2,100.4,0,0,1,1,0.00%,182,163,89.60%,2,0.6,3,0.9,0.13,0.00x,TRUE,FALSE,TRUE,TRUE,TRUE,FALSE,TRUE,FALSE,TRUE,0,0,0,0,0,0,1,0,0,0,1,1,0,0,0,4,0,3.929814148,1,0,0,7,1,49,9,5,0,4754.77002,538.6900024,14309.27979,2242.099915,11011.42993,85,107,24,5,0,0,0,0,0,0,0,0,0,0,0,0,86,6,13,35,24,14,16,60,11,7,4,4,1,40,29,18,20,56,2,8,1,39,370,150,11,19,25,33,21,56,77,0,0,0,0,29,23,2,1,56,114,57,0,408,166,0,1,1,0.278857101,22,30.71107864,32856.26953,1,https://www.fifa.com/en/tournaments/mens/worldcup/canadamexicousa2026/statistics/player-statistics
484276,AHMED MAKNAZI,AHMED H.,Defender,DF,24/09/2001,24,Younger,15,1,39,39,0,0,0,0,,5,3,60.00%,0,0,0,0,0,,TRUE,FALSE,FALSE,FALSE,TRUE,FALSE,FALSE,FALSE,FALSE,0,0,0,0,0,0,0,0,0,0,0,0,0,0,0,2,0,2.198227247,1,0,0,0,0,23,5,0,0,548.5,95.73999023,1782.900024,227.8200073,1621.400269,4,7,2,0,0,0,0,0,0,0,0,0,0,0,0,0,2,0,0,2,1,1,2,1,0,0,0,0,0,0,0,0,0,2,0,0,0,1,16,11,0,0,1,0,1,0,1,0,0,0,0,0,1,0,0,9,0,9,0,55,16,1,0,1,0.29434374,0,29.69751358,4276.359863,0,https://www.fifa.com/en/tournaments/mens/worldcup/canadamexicousa2026/statistics/player-statistics
376285,Aissa MANDI,MANDI,Defender,DF,22/10/1991,34,Older,2,4,403.1,100.8,0,0,0,0,,382,357,93.50%,0,0,5,1.12,0,,TRUE,FALSE,TRUE,TRUE,TRUE,FALSE,TRUE,FALSE,TRUE,0,0,0,0,0,0,0,0,0,0,0,0,0,0,0,4,10,5.622981787,4,9,0,0,0,19,6,8,0,3502.500183,348.239994,15080.99048,1076.179993,17850.15088,54,65,14,9,0,0,0,0,0,0,0,0,0,0,1,0,104,5,13,63,51,41,45,76,5,1,0,0,0,36,24,14,18,31,1,9,0,19,774,204,16,3,4,26,13,20,33,0,0,0,0,15,1,0,1,26,348,27,0,331,81,0,0,0,0.41253591,2,29.97823906,37858.06152,0,https://www.fifa.com/en/tournaments/mens/worldcup/canadamexicousa2026/statistics/player-statistics
481183,AKAM HASHIM,AKAM,Defender,DF,16/08/1998,27,Younger,5,3,303.9,101.3,0,0,1,0,0.00%,148,126,85.10%,0,0,3,0.89,0.03,0.00x,TRUE,FALSE,TRUE,TRUE,TRUE,FALSE,TRUE,FALSE,TRUE,0,0,0,0,0,0,1,0,0,0,0,0,1,1,0,10,1,5.557536761,7,1,0,0,0,16,7,5,0,3314.940186,375.3600006,11615.28003,911.2199707,11881.07056,38,60,3,5,0,0,0,0,0,0,0,0,0,0,0,0,49,3,9,26,16,12,14,25,3,1,0,0,0,20,8,4,8,25,1,3,0,12,313,118,3,1,2,17,6,14,20,0,0,0,0,10,1,1,2,23,123,25,0,270,79,0,0,4,0.100759048,0,33.65191269,28097.87109,0,https://www.fifa.com/en/tournaments/mens/worldcup/canadamexicousa2026/statistics/player-statistics
448014,Alessandro CIRCATI,CIRCATI,Defender,DF,10/10/2003,22,Younger,3,4,438.2,109.6,0,0,3,0,0.00%,221,177,80.10%,5,1.03,4,0.82,0.13,0.00x,TRUE,TRUE,TRUE,TRUE,TRUE,FALSE,TRUE,FALSE,TRUE,0,1,0,1,0,0,1,0,0,0,2,0,2,1,0,8,4,6.088272572,8,3,0,1,0,48,28,5,0,4785.920105,538.5299873,21079.00928,1805.720032,16359.2605,87,120,12,6,0,0,0,0,0,0,0,0,0,2,1,0,105,8,9,53,39,30,36,69,10,6,1,1,1,42,24,14,24,52,4,5,1,37,448,189,11,4,10,41,16,39,55,0,0,0,0,29,9,0,4,59,134,63,0,424,142,0,0,1,0.346346734,34,33.38263702,44568.43945,1,https://www.fifa.com/en/tournaments/mens/worldcup/canadamexicousa2026/statistics/player-statistics
464542,Alex FREEMAN,FREEMAN,Defender,DF,9/08/2004,21,Younger,16,5,442.5,88.5,1,1,4,1,25.00%,283,256,90.50%,1,0.2,1,0.2,0.78,1.28x,TRUE,TRUE,TRUE,TRUE,TRUE,FALSE,TRUE,FALSE,TRUE,0,0,0,1,0,0,2,1,0,0,4,1,2,0,0,25,4,6.463625526,22,3,0,4,0,64,20,2,0,6584.670166,553.0800056,21510.17041,2162.269974,16471.40967,106,139,17,2,0,0,0,0,0,0,0,1,0,3,0,0,112,3,16,55,49,34,36,92,9,6,2,3,3,48,37,20,26,49,2,13,2,42,591,221,13,10,34,64,20,88,108,0,0,0,0,56,22,4,8,68,195,76,0,545,179,1,0,13,0.519985847,33,34.57870483,47281.6001,0,https://www.fifa.com/en/tournaments/mens/worldcup/canadamexicousa2026/statistics/player-statistics
391297,Alex GRIMALDO,GRIMALDO,Defender,DF,20/09/1995,30,Older,3,0,0,,0,0,0,0,,0,0,,0,,0,,0,,FALSE,FALSE,FALSE,FALSE,TRUE,FALSE,FALSE,FALSE,FALSE,0,0,0,0,0,0,0,0,0,0,0,0,0,0,0,0,0,0,0,0,0,0,0,0,0,0,0,0,0,0,0,0,0,0,0,0,0,0,0,0,0,0,0,0,0,0,0,0,0,0,0,0,0,0,0,0,0,0,0,0,0,0,0,0,0,0,0,0,0,0,0,0,0,0,0,0,0,0,0,0,0,0,0,0,0,0,0,0,0,0,0,0,0,0,0,0,0,0,0,0,0,https://www.fifa.com/en/tournaments/mens/worldcup/canadamexicousa2026/statistics/player-statistics
335658,ALEX SANDRO,ALEX SANDRO,Defender,DF,26/01/1991,35,Older,6,1,15.2,15.2,0,0,0,0,,13,13,100.00%,1,5.92,0,0,0,,TRUE,FALSE,FALSE,FALSE,TRUE,FALSE,FALSE,FALSE,FALSE,0,0,0,0,0,0,0,0,0,0,0,0,0,0,0,0,0,1.445329571,0,0,0,0,0,4,2,0,0,344.3399963,14.60999966,837.5300293,114.7600098,511.2300415,2,2,0,0,0,0,0,0,0,0,0,0,0,0,0,0,3,0,0,3,3,3,3,3,0,0,0,0,0,0,0,0,0,0,0,0,0,0,25,8,0,2,2,2,1,5,6,0,0,0,0,2,2,0,0,2,10,2,0,31,8,1,0,0,0.127092138,1,26.59680176,1822.469971,0,https://www.fifa.com/en/tournaments/mens/worldcup/canadamexicousa2026/statistics/player-statistics
502945,Alexander BERNHARDSSON,BERNHARDSSON,Defender,DF,8/09/1998,27,Younger,21,3,233.1,77.7,0,0,1,1,0.00%,67,51,76.10%,2,0.77,5,1.93,0.05,0.00x,TRUE,FALSE,TRUE,TRUE,TRUE,FALSE,TRUE,FALSE,TRUE,0,0,0,0,0,0,0,1,0,0,0,0,0,1,1,12,1,4.852809429,6,1,0,3,0,81,9,2,0,3193.219971,463.3799896,10711.46973,1268.810028,9472.899902,26,48,14,2,0,0,0,0,0,0,0,0,0,0,0,0,27,0,2,4,2,1,2,14,3,2,1,2,1,20,10,8,17,16,0,1,1,9,150,80,6,15,15,10,10,30,40,0,0,0,0,13,28,0,2,34,37,36,0,268,90,0,3,4,1.015402749,11,31.05019188,25109.77832,0,https://www.fifa.com/en/tournaments/mens/worldcup/canadamexicousa2026/statistics/player-statistics
505495,Alexandro MAIDANA,MAIDANA,Defender,DF,26/07/2005,20,Younger,26,2,69.5,34.7,0,0,0,0,,19,13,68.40%,0,0,0,0,0,,TRUE,FALSE,FALSE,FALSE,TRUE,FALSE,FALSE,FALSE,FALSE,0,0,0,0,0,0,0,0,0,0,0,0,0,0,0,0,0,2.909029102,0,0,0,1,0,30,6,0,0,1076.309998,245.0600052,3871.120117,602.1399994,2540.450012,3,7,2,0,0,0,0,0,0,0,0,0,0,0,0,0,9,0,2,3,1,0,1,3,0,0,0,0,0,6,2,1,4,4,0,1,0,2,38,24,1,4,3,2,2,7,9,0,0,0,0,1,4,1,1,7,7,8,0,101,38,1,1,0,0.672697306,8,30.62054443,8335.080078,0,https://www.fifa.com/en/tournaments/mens/worldcup/canadamexicousa2026/statistics/player-statistics
514070,Alfie JONES,JONES,Defender,DF,7/10/1997,28,Older,3,0,0,,0,0,0,0,,0,0,,0,,0,,0,,FALSE,FALSE,FALSE,FALSE,TRUE,FALSE,FALSE,FALSE,FALSE,0,0,0,0,0,0,0,0,0,0,0,0,0,0,0,0,0,0,0,0,0,0,0,0,0,0,0,0,0,0,0,0,0,0,0,0,0,0,0,0,0,0,0,0,0,0,0,0,0,0,0,0,0,0,0,0,0,0,0,0,0,0,0,0,0,0,0,0,0,0,0,0,0,0,0,0,0,0,0,0,0,0,0,0,0,0,0,0,0,0,0,0,0,0,0,0,0,0,0,0,0,https://www.fifa.com/en/tournaments/mens/worldcup/canadamexicousa2026/statistics/player-statistics
486614,ALHASHMI ALHUSSEIN,ALHASHMI,Defender,DF,15/08/2003,22,Younger,25,1,41.3,41.3,0,0,0,0,,0,0,,2,4.36,2,4.36,0,,TRUE,FALSE,FALSE,FALSE,TRUE,FALSE,FALSE,FALSE,FALSE,0,0,0,0,0,0,0,0,0,0,0,0,0,0,0,0,0,1.97126627,0,0,0,0,0,20,8,0,0,597.0700073,64.12999725,1687.890015,236.2599945,1486.949951,0,0,2,0,0,0,0,0,0,0,0,0,0,0,0,0,0,0,0,0,0,0,0,0,0,0,0,0,0,0,0,0,0,0,0,0,0,0,1,1,0,0,1,0,0,1,1,0,0,0,0,0,1,0,1,0,0,1,0,50,20,1,0,0,0.052897073,0,30.17639351,4072.299805,0,https://www.fifa.com/en/tournaments/mens/worldcup/canadamexicousa2026/statistics/player-statistics
433362,Ali ABDI,ABDI,Defender,DF,20/12/1993,32,Older,2,3,293,97.7,0,0,1,0,0.00%,74,51,68.90%,4,1.23,2,0.61,0.05,0.00x,TRUE,FALSE,TRUE,TRUE,TRUE,FALSE,TRUE,FALSE,TRUE,0,0,0,0,1,0,0,0,0,0,0,0,1,1,0,5,0,6.130573908,3,0,1,5,0,102,24,0,0,3823.300049,823.690033,10993.81006,2083.720032,12208.4502,28,50,22,0,0,0,0,0,0,0,0,0,0,0,0,0,26,3,1,12,7,5,8,15,5,3,1,2,0,9,5,3,5,10,2,0,0,2,153,88,2,46,48,8,21,81,102,0,0,0,0,23,17,5,5,30,30,35,0,343,150,0,1,2,1.278124109,19,34.8082428,29932.9707,0,https://www.fifa.com/en/tournaments/mens/worldcup/canadamexicousa2026/statistics/player-statistics
433439,ALI LAJAMI,LAJAMI,Defender,DF,24/04/1996,30,Older,3,3,177.8,59.3,0,0,0,0,,68,56,82.40%,0,0,2,1.01,0,,TRUE,FALSE,TRUE,TRUE,TRUE,FALSE,TRUE,FALSE,TRUE,0,0,0,0,0,0,0,0,0,0,0,0,0,0,0,2,5,5.800102552,2,4,0,0,0,7,3,2,0,1575.349945,179.4199996,6103.789963,769.5299759,7894.01947,22,28,3,2,0,0,0,0,0,2,0,0,0,0,0,0,24,4,1,11,9,6,6,17,4,3,0,0,0,9,5,2,4,11,3,0,0,9,138,59,1,0,1,10,6,5,11,0,0,0,0,5,1,0,0,16,43,16,0,145,54,2,0,0,0.104019807,6,31.64490509,16522.10913,0,https://www.fifa.com/en/tournaments/mens/worldcup/canadamexicousa2026/statistics/player-statistics
419326,ALI MAJRASHI,MAJRASHI,Defender,DF,2/10/1999,26,Younger,2,0,0,,0,0,0,0,,0,0,,0,,0,,0,,FALSE,FALSE,FALSE,FALSE,TRUE,FALSE,FALSE,FALSE,FALSE,0,0,0,0,0,0,0,0,0,0,0,0,0,0,0,0,0,0,0,0,0,0,0,0,0,0,0,0,0,0,0,0,0,0,0,0,0,0,0,0,0,0,0,0,0,0,0,0,0,0,0,0,0,0,0,0,0,0,0,0,0,0,0,0,0,0,0,0,0,0,0,0,0,0,0,0,0,0,0,0,0,0,0,0,0,0,0,0,0,0,0,0,0,0,0,0,0,0,0,0,0,https://www.fifa.com/en/tournaments/mens/worldcup/canadamexicousa2026/statistics/player-statistics
489603,Ali NEMATI,ALI,Defender,DF,8/02/1996,30,Older,19,3,309.5,103.2,0,0,1,0,0.00%,129,114,88.40%,3,0.87,0,0,0.06,0.00x,TRUE,FALSE,TRUE,TRUE,TRUE,FALSE,TRUE,FALSE,TRUE,0,0,0,0,0,0,1,0,0,0,1,0,0,0,0,3,2,6.135492484,2,2,0,3,1,24,10,2,0,4032.179932,606.6900177,12632.10034,1326.600006,13016.34961,19,33,5,2,0,0,0,0,0,11,0,0,0,0,0,0,45,3,11,21,11,7,7,19,3,0,0,0,0,21,8,4,7,33,0,4,0,12,265,93,8,3,1,24,12,16,28,1,0,0,0,13,4,1,1,21,99,22,0,369,108,0,0,0,0.224309288,3,32.90161514,31613.91895,1,https://www.fifa.com/en/tournaments/mens/worldcup/canadamexicousa2026/statistics/player-statistics
448522,Alidu SEIDU,ALIDU SEIDU,Defender,DF,4/06/2000,26,Younger,2,1,92.3,92.3,0,0,0,0,,27,25,92.60%,1,0.98,0,0,0,,TRUE,FALSE,FALSE,TRUE,TRUE,FALSE,TRUE,FALSE,FALSE,0,0,0,0,0,0,0,0,0,0,0,0,0,0,0,3,0,1.362494707,3,0,0,1,0,16,6,2,0,858.8299561,189.1399994,3118.660156,380.7700195,3831.569824,15,19,0,2,0,0,0,0,0,0,0,0,0,0,0,0,6,0,0,4,4,4,4,5,0,0,0,0,0,2,1,1,2,4,0,0,0,3,65,35,0,2,2,0,0,4,4,0,0,0,0,0,2,0,2,13,14,15,0,73,34,1,0,1,0.029671974,1,33.83384705,8378.970703,1,https://www.fifa.com/en/tournaments/mens/worldcup/canadamexicousa2026/statistics/player-statistics
441252,Alistair JOHNSTON,JOHNSTON,Defender,DF,8/10/1998,27,Younger,2,5,511.2,102.2,0,0,5,2,0.00%,240,184,76.70%,5,0.88,4,0.7,0.18,0.00x,TRUE,TRUE,TRUE,TRUE,TRUE,FALSE,TRUE,FALSE,TRUE,0,1,0,1,1,0,2,1,0,0,4,2,2,1,0,7,2,6.276806164,5,2,2,24,6,52,16,7,0,8209.390259,1670.059982,20624.46973,3485.399841,19468.81006,87,138,12,7,0,0,0,0,0,0,0,0,0,2,0,0,124,6,9,34,25,17,19,82,17,9,2,5,6,73,48,37,52,62,4,4,3,39,509,251,24,53,50,73,39,137,176,0,0,0,0,73,47,8,12,76,125,88,0,683,264,0,0,3,1.475548834,57,35.07826614,53458.12988,1,https://www.fifa.com/en/tournaments/mens/worldcup/canadamexicousa2026/statistics/player-statistics
412144,Alphonso DAVIES,DAVIES,Defender,DF,2/11/2000,25,Younger,19,1,22,22,0,0,0,0,,18,14,77.80%,0,0,0,0,0,,TRUE,FALSE,FALSE,FALSE,TRUE,FALSE,FALSE,FALSE,FALSE,0,0,0,0,0,0,0,0,0,0,0,0,0,0,0,4,0,1.404854679,1,0,0,1,0,4,0,0,0,398.8600159,87.87999725,1051.530029,212.0100098,839.3099365,9,15,1,0,0,0,0,0,0,0,0,0,0,0,0,0,4,0,0,0,0,0,0,4,0,0,0,0,0,4,4,4,4,3,0,0,0,3,41,20,2,6,7,0,3,10,13,0,0,0,0,6,14,0,1,7,12,8,0,37,17,1,0,1,0.382378966,5,29.93186188,2589.590088,0,https://www.fifa.com/en/tournaments/mens/worldcup/canadamexicousa2026/statistics/player-statistics
482976,Amar DEDIC,DEDIĆ,Defender,DF,18/08/2002,23,Younger,7,3,310.4,103.5,0,0,2,1,0.00%,99,80,80.80%,6,1.74,3,0.87,0.06,0.00x,TRUE,FALSE,TRUE,TRUE,TRUE,FALSE,TRUE,FALSE,TRUE,0,1,0,0,0,0,0,2,0,0,0,0,0,2,1,15,3,4.438414931,11,3,0,0,0,95,11,1,0,3797.370056,629.9399872,12934.8396,1598.310059,11643.84009,56,74,14,1,0,0,0,0,0,0,0,0,0,0,0,0,32,1,2,14,8,7,11,20,1,0,0,0,0,17,12,11,14,15,0,1,0,10,204,116,6,23,19,14,11,45,56,0,0,0,0,12,3,1,6,34,47,40,0,356,141,0,0,8,0.611036368,28,32.52270889,30604.2998,1,https://www.fifa.com/en/tournaments/mens/worldcup/canadamexicousa2026/statistics/player-statistics
385031,Amir MURILLO,A. MURILLO,Defender,DF,11/02/1996,30,Older,23,3,303.8,101.3,0,0,5,1,0.00%,112,88,78.60%,1,0.3,7,2.07,0.37,0.00x,TRUE,TRUE,TRUE,TRUE,TRUE,FALSE,TRUE,FALSE,TRUE,0,2,1,0,1,1,1,1,0,0,4,1,2,1,0,14,1,6.269653797,6,1,0,8,4,68,15,5,0,3911.670044,946.3799896,12664.33008,2125.249939,12133.69019,62,93,11,5,0,0,0,0,0,0,0,0,0,0,0,0,63,7,5,23,11,5,11,35,12,7,4,4,1,28,17,11,15,40,3,3,0,29,260,144,11,35,46,20,15,86,101,1,0,0,0,39,26,5,6,61,51,67,0,332,156,0,0,5,0.852721989,25,34.10335922,31781.32031,0,https://www.fifa.com/en/tournaments/mens/worldcup/canadamexicousa2026/statistics/player-statistics
511889,ANAS BADAWI,BADAWI,Defender,DF,13/09/1997,28,Older,26,0,0,,0,0,0,0,,0,0,,0,,0,,0,,FALSE,FALSE,FALSE,FALSE,TRUE,FALSE,FALSE,FALSE,FALSE,0,0,0,0,0,0,0,0,0,0,0,0,0,0,0,0,0,0,0,0,0,0,0,0,0,0,0,0,0,0,0,0,0,0,0,0,0,0,0,0,0,0,0,0,0,0,0,0,0,0,0,0,0,0,0,0,0,0,0,0,0,0,0,0,0,0,0,0,0,0,0,0,0,0,0,0,0,0,0,0,0,0,0,0,0,0,0,0,0,0,0,0,0,0,0,0,0,0,0,0,0,https://www.fifa.com/en/tournaments/mens/worldcup/canadamexicousa2026/statistics/player-statistics
424071,Anass SALAH EDDINE,SALAH-EDDINE,Defender,DF,18/01/2002,24,Younger,26,4,240.7,60.2,0,0,1,0,0.00%,166,152,91.60%,3,1.12,2,0.75,0.01,0.00x,TRUE,FALSE,TRUE,TRUE,TRUE,FALSE,TRUE,FALSE,TRUE,0,1,0,0,0,0,1,0,0,0,0,0,0,1,0,1,0,3.782223622,1,0,0,3,0,35,10,3,0,2301.820007,411.9499817,9044.159607,1011.420006,9797.750244,72,81,3,3,0,0,0,0,0,0,0,0,0,0,0,0,34,0,4,21,16,15,17,24,1,1,1,1,0,12,7,6,8,18,0,1,0,16,338,119,6,11,8,24,11,32,43,0,0,0,0,19,10,3,3,52,99,55,0,201,77,2,2,0,0.249085613,17,32.43078232,22567.09961,0,https://www.fifa.com/en/tournaments/mens/worldcup/canadamexicousa2026/statistics/player-statistics
441240,Andres ANDRADE,ANDRADE,Defender,DF,16/10/1998,27,Younger,16,3,303.8,101.3,0,0,0,0,,178,147,82.60%,4,1.19,0,0,0,,TRUE,FALSE,TRUE,TRUE,TRUE,FALSE,TRUE,FALSE,TRUE,0,0,0,0,0,0,0,0,0,0,0,0,0,0,0,0,5,6.002294858,0,4,0,8,0,38,19,5,0,3865.47998,703.780014,13013.49951,1311.72995,11490.10962,87,113,10,5,0,0,0,0,0,0,0,0,0,0,0,0,123,5,21,65,47,37,39,75,7,2,0,0,2,51,26,15,23,90,1,9,1,61,380,159,4,3,24,64,21,70,91,0,0,0,0,44,2,1,1,70,105,71,0,322,117,0,0,0,0.237671431,10,33.21427917,30384.60059,1,https://www.fifa.com/en/tournaments/mens/worldcup/canadamexicousa2026/statistics/player-statistics
401339,Andy ROBERTSON,ROBERTSON,Defender,DF,11/03/1994,32,Older,3,3,255.4,85.1,0,0,0,0,,153,124,81.00%,3,1.06,1,0.35,0,,TRUE,FALSE,TRUE,TRUE,TRUE,FALSE,TRUE,FALSE,TRUE,0,0,0,0,0,0,0,0,0,0,0,0,0,0,0,2,3,5.920447826,2,1,0,11,4,47,5,10,0,2827.389801,751.9799652,9398.02002,1408.670044,11001.90918,52,71,13,10,0,0,0,0,0,0,0,0,0,0,0,0,71,4,9,29,16,14,16,34,7,1,1,3,0,35,17,15,22,31,0,2,0,14,316,119,9,17,27,15,8,51,59,0,0,0,0,31,24,2,1,41,97,42,0,246,107,0,1,1,0.308957055,17,33.93727112,25387.97021,1,https://www.fifa.com/en/tournaments/mens/worldcup/canadamexicousa2026/statistics/player-statistics
402974,Angelo PRECIADO,PRECIADO,Defender,DF,18/02/1998,28,Older,17,4,137,34.3,0,0,0,0,,47,32,68.10%,0,0,1,0.66,0,,TRUE,FALSE,FALSE,TRUE,TRUE,FALSE,TRUE,FALSE,FALSE,0,0,0,0,0,0,0,0,0,0,0,0,0,0,0,2,1,6.307805777,2,1,0,8,1,29,3,0,0,1707.860077,586.8499985,5702.800049,677.1299896,5366.220093,22,39,4,0,0,0,0,0,0,0,0,0,0,0,0,0,17,2,0,3,1,1,1,7,5,1,1,3,0,9,5,5,7,11,0,0,0,3,106,51,2,11,10,8,4,25,29,0,0,0,0,12,16,3,3,19,25,22,0,144,61,4,0,1,1.194809571,9,33.23656845,14040.86035,0,https://www.fifa.com/en/tournaments/mens/worldcup/canadamexicousa2026/statistics/player-statistics
337389,Anthony RALSTON,RALSTON,Defender,DF,16/11/1998,27,Younger,24,2,23.6,11.8,0,0,1,1,0.00%,5,5,100.00%,2,7.63,0,0,0.02,0.00x,TRUE,FALSE,FALSE,FALSE,TRUE,FALSE,FALSE,FALSE,FALSE,0,0,0,0,1,0,0,0,0,0,1,1,0,0,0,1,1,4.900534948,1,1,0,1,1,9,2,0,0,421.2900085,49.72999477,1247.250092,209.1699982,880.0599365,2,3,2,0,0,0,0,0,0,0,0,0,0,0,0,0,5,0,2,2,2,0,0,5,1,1,1,1,0,2,2,0,0,1,0,2,0,1,16,8,2,1,3,1,0,5,5,0,0,0,0,2,3,0,0,3,5,3,0,35,13,2,0,1,0.208019765,0,27.56843185,2807.500122,0,https://www.fifa.com/en/tournaments/mens/worldcup/canadamexicousa2026/statistics/player-statistics
494279,Antoine MENDY,A. MENDY,Defender,DF,27/05/2004,22,Younger,24,0,0,,0,0,0,0,,0,0,,0,,0,,0,,FALSE,FALSE,FALSE,FALSE,TRUE,FALSE,FALSE,FALSE,FALSE,0,0,0,0,0,0,0,0,0,0,0,0,0,0,0,0,0,0,0,0,0,0,0,0,0,0,0,0,0,0,0,0,0,0,0,0,0,0,0,0,0,0,0,0,0,0,0,0,0,0,0,0,0,0,0,0,0,0,0,0,0,0,0,0,0,0,0,0,0,0,0,0,0,0,0,0,0,0,0,0,0,0,0,0,0,0,0,0,0,0,0,0,0,0,0,0,0,0,0,0,0,https://www.fifa.com/en/tournaments/mens/worldcup/canadamexicousa2026/statistics/player-statistics
441251,Antonee ROBINSON,A. ROBINSON,Defender,DF,8/08/1997,28,Older,5,4,399.2,99.8,0,0,0,0,,221,181,81.90%,4,0.9,1,0.23,0,,TRUE,FALSE,TRUE,TRUE,TRUE,FALSE,TRUE,FALSE,TRUE,0,0,0,0,0,0,0,0,0,0,0,0,0,0,0,20,2,5.265262032,12,1,3,18,4,66,18,8,0,6461.880127,1229.119965,19154.81006,2386.049896,14583.62036,101,142,14,9,0,0,0,0,0,0,0,0,0,0,1,0,97,7,12,33,17,8,14,57,13,6,3,5,1,51,34,25,31,46,3,6,0,25,481,221,11,52,58,53,17,146,163,0,0,0,0,72,49,10,6,68,137,74,0,556,206,0,2,10,0.86103636,28,33.9671936,43815.48047,1,https://www.fifa.com/en/tournaments/mens/worldcup/canadamexicousa2026/statistics/player-statistics
379955,Antonio RUEDIGER,RÜDIGER,Defender,DF,3/03/1993,33,Older,2,4,300.9,75.2,0,0,1,0,0.00%,246,230,93.50%,1,0.3,0,0,0.04,0.00x,TRUE,FALSE,TRUE,TRUE,TRUE,FALSE,TRUE,FALSE,TRUE,0,0,0,0,0,0,0,1,0,0,0,0,1,1,0,1,0,5.866386414,1,0,0,1,0,14,4,1,0,2829.67012,446.9800072,11644.19958,1040.910019,12840.37982,44,50,5,1,0,0,0,0,0,1,0,0,0,0,0,0,62,4,3,30,26,23,23,46,4,1,0,0,0,28,19,16,21,13,1,2,0,10,514,170,8,0,1,10,5,6,11,0,0,0,0,6,2,0,3,16,225,19,0,258,72,2,1,0,0.48696585,4,33.13992691,28802.14063,0,https://www.fifa.com/en/tournaments/mens/worldcup/canadamexicousa2026/statistics/player-statistics
494639,Arjan MALIC,MALIĆ,Defender,DF,28/08/2005,20,Younger,24,1,50.5,50.5,0,0,0,0,,27,25,92.60%,1,1.78,1,1.78,0,,TRUE,FALSE,FALSE,FALSE,TRUE,FALSE,FALSE,FALSE,FALSE,0,0,0,0,0,0,0,0,0,0,0,0,0,0,0,3,0,1.635270953,1,0,0,2,0,11,2,0,0,693.7699585,183.1000061,2275.879883,343.1400146,2003.069946,5,11,9,0,0,0,0,0,0,0,0,0,0,0,0,0,7,0,1,2,1,1,1,4,2,1,1,2,0,3,2,2,2,4,0,0,0,1,61,24,3,5,12,14,8,23,31,0,0,0,0,15,3,0,1,2,27,3,0,58,30,0,1,0,0.229700834,2,32.33860779,5498.959961,0,https://www.fifa.com/en/tournaments/mens/worldcup/canadamexicousa2026/statistics/player-statistics
511141,Armando OBISPO,OBISPO,Defender,DF,5/03/1999,27,Younger,18,3,300.3,100.1,0,0,0,0,,97,87,89.70%,1,0.3,0,0,0,,TRUE,FALSE,TRUE,TRUE,TRUE,FALSE,TRUE,FALSE,TRUE,0,0,0,0,0,0,0,0,0,0,0,0,0,0,0,2,1,5.335681121,2,1,0,0,0,24,9,1,0,2222.539978,331.0600052,10472.15991,760.2200317,12927.80029,27,32,4,1,0,0,0,0,0,13,0,0,0,0,0,0,37,1,6,26,21,18,19,27,1,1,0,0,0,10,5,2,3,20,1,2,0,15,214,97,4,0,4,12,8,8,16,1,0,0,0,4,1,0,1,20,66,21,0,189,65,0,0,1,0.198018562,0,33.17737198,26713.7793,0,https://www.fifa.com/en/tournaments/mens/worldcup/canadamexicousa2026/statistics/player-statistics
436572,Arthur MASUAKU,MASUAKU,Defender,DF,7/11/1993,32,Older,26,4,340.1,85,0,1,0,0,,169,141,83.40%,0,0,4,1.06,0,,TRUE,FALSE,TRUE,TRUE,TRUE,FALSE,TRUE,FALSE,TRUE,0,0,0,0,0,0,0,0,0,0,0,0,0,0,0,10,5,5.794377804,5,4,6,14,3,102,10,4,0,3758.700073,357.1900177,13364.77026,1329.029999,13991.15991,64,93,9,4,0,0,0,0,0,0,0,0,0,0,0,0,96,4,10,43,30,25,29,65,6,4,1,1,1,47,31,26,32,56,3,2,0,37,363,179,12,6,31,23,11,49,60,0,0,0,0,33,12,0,1,37,120,38,0,343,114,0,4,2,0.184246421,30,33.30042267,32800.8501,0,https://www.fifa.com/en/tournaments/mens/worldcup/canadamexicousa2026/statistics/player-statistics
448346,Arthur THEATE,THEATE,Defender,DF,25/05/2000,26,Younger,3,3,268.6,89.5,0,0,5,1,0.00%,164,153,93.30%,1,0.34,0,0,0.25,0.00x,TRUE,TRUE,TRUE,TRUE,TRUE,FALSE,TRUE,FALSE,TRUE,0,1,0,1,0,0,3,1,0,0,3,1,1,2,0,0,0,3.146214883,0,0,0,0,0,10,6,3,0,3131.029938,342.0799942,12580.64014,972.9199829,10180.50995,55,68,3,4,0,0,0,0,0,0,0,0,0,2,1,0,48,0,12,24,18,10,12,36,0,0,0,0,0,24,18,10,12,21,0,8,0,14,353,130,9,0,0,22,8,14,22,0,0,0,0,12,3,0,3,37,125,40,0,249,82,1,0,0,0.274136089,1,31.61286354,27207.18018,0,https://www.fifa.com/en/tournaments/mens/worldcup/canadamexicousa2026/statistics/player-statistics
481181,Arya YOUSEFI,ARYA,Defender,DF,22/04/2002,24,Younger,17,1,51.2,51.2,0,0,1,1,0.00%,18,16,88.90%,0,0,1,1.76,0.06,0.00x,TRUE,FALSE,FALSE,FALSE,TRUE,FALSE,FALSE,FALSE,FALSE,0,0,1,0,0,0,0,0,0,0,1,1,0,0,0,2,0,2.27200826,1,0,0,0,0,12,2,0,0,980.3099976,91.09999847,2347.090088,431.9400024,1962.879883,16,19,1,0,0,0,0,0,0,0,0,0,0,0,0,0,3,0,0,0,0,0,0,2,0,0,0,0,0,3,2,2,3,2,0,0,0,1,42,22,1,6,12,1,8,11,19,0,0,0,0,5,7,1,1,20,0,21,0,84,31,0,1,1,0.643666625,2,30.57759666,5813.320313,0,https://www.fifa.com/en/tournaments/mens/worldcup/canadamexicousa2026/statistics/player-statistics
395050,Aubrey MODIBA,MODIBA,Defender,DF,22/07/1995,30,Older,6,4,381.3,95.3,0,0,5,1,0.00%,139,115,82.70%,4,0.94,6,1.42,0.12,0.00x,TRUE,TRUE,TRUE,TRUE,TRUE,FALSE,TRUE,FALSE,TRUE,0,0,0,0,0,0,2,3,0,0,1,0,4,4,1,6,1,5.957260728,2,1,2,8,4,67,14,7,0,5003.780029,460.010006,15579.39014,2186.849976,14634.74951,59,82,12,8,0,0,0,0,0,0,0,0,0,0,1,0,68,6,7,16,9,2,3,38,9,3,0,1,2,43,26,18,28,40,2,5,1,21,308,156,16,27,48,21,19,77,96,2,0,0,0,27,26,2,4,50,85,54,0,442,154,0,1,1,0.516336828,16,31.0294075,37864.78125,1,https://www.fifa.com/en/tournaments/mens/worldcup/canadamexicousa2026/statistics/player-statistics
484864,Aurele AMENDA,AMENDA,Defender,DF,31/07/2003,22,Younger,24,0,0,,0,0,0,0,,0,0,,0,,0,,0,,FALSE,FALSE,FALSE,FALSE,TRUE,FALSE,FALSE,FALSE,FALSE,0,0,0,0,0,0,0,0,0,0,0,0,0,0,0,0,0,0,0,0,0,0,0,0,0,0,0,0,0,0,0,0,0,0,0,0,0,0,0,0,0,0,0,0,0,0,0,0,0,0,0,0,0,0,0,0,0,0,0,0,0,0,0,0,0,0,0,0,0,0,0,0,0,0,0,0,0,0,0,0,0,0,0,0,0,0,0,0,0,0,0,0,0,0,0,0,0,0,0,0,0,https://www.fifa.com/en/tournaments/mens/worldcup/canadamexicousa2026/statistics/player-statistics
390272,Auston TRUSTY,TRUSTY,Defender,DF,12/08/1998,27,Younger,6,2,123.1,61.5,1,0,3,2,33.30%,50,38,76.00%,2,1.46,0,0,0.27,3.70x,TRUE,TRUE,TRUE,TRUE,TRUE,FALSE,TRUE,FALSE,TRUE,0,0,0,2,0,0,1,0,0,0,3,2,1,0,0,0,1,2.428323746,0,1,0,2,0,31,6,0,0,1613.309967,290.9299946,6283.049927,574.1600037,4083.090027,14,26,5,1,0,0,0,0,0,0,0,1,0,1,1,0,19,1,3,8,5,4,4,9,2,0,0,1,0,9,4,3,5,8,0,1,0,4,108,45,5,3,5,10,3,15,18,0,0,0,0,10,5,2,1,10,33,11,0,145,44,1,0,0,0.139815435,10,31.87298584,12844.53955,0,https://www.fifa.com/en/tournaments/mens/worldcup/canadamexicousa2026/statistics/player-statistics
518264,Avazbek ULMASALIYEV,ULMASALIYEV,Defender,DF,27/03/2000,26,Younger,25,0,0,,0,0,0,0,,0,0,,0,,0,,0,,FALSE,FALSE,FALSE,FALSE,TRUE,FALSE,FALSE,FALSE,FALSE,0,0,0,0,0,0,0,0,0,0,0,0,0,0,0,0,0,0,0,0,0,0,0,0,0,0,0,0,0,0,0,0,0,0,0,0,0,0,0,0,0,0,0,0,0,0,0,0,0,0,0,0,0,0,0,0,0,0,0,0,0,0,0,0,0,0,0,0,0,0,0,0,0,0,0,0,0,0,0,0,0,0,0,0,0,0,0,0,0,0,0,0,0,0,0,0,0,0,0,0,0,https://www.fifa.com/en/tournaments/mens/worldcup/canadamexicousa2026/statistics/player-statistics
403063,Axel Tuanzebe,TUANZEBE,Defender,DF,14/11/1997,28,Older,4,4,409.6,102.4,0,0,0,0,,155,140,90.30%,3,0.66,3,0.66,0,,TRUE,FALSE,TRUE,TRUE,TRUE,FALSE,TRUE,FALSE,TRUE,0,0,0,0,0,0,0,0,0,0,0,0,0,0,0,5,2,5.588626266,5,2,0,0,0,20,10,4,0,3563.7099,566.1800003,15714.08984,1492.429993,16867.19971,52,66,6,4,0,0,0,0,0,12,0,0,0,0,0,0,43,0,11,31,21,20,20,23,0,0,0,0,0,12,2,1,1,31,0,1,0,17,314,125,3,2,5,41,30,18,48,0,0,0,0,24,0,0,3,46,94,49,0,311,128,0,0,0,0.270389246,1,31.36798096,38203.61035,0,https://www.fifa.com/en/tournaments/mens/worldcup/canadamexicousa2026/statistics/player-statistics
335999,Aymeric LAPORTE,LAPORTE,Defender,DF,27/05/1994,32,Older,14,8,824.1,103,0,1,5,2,0.00%,660,618,93.60%,5,0.55,4,0.44,0.36,0.00x,TRUE,TRUE,TRUE,TRUE,TRUE,FALSE,TRUE,FALSE,TRUE,0,0,0,2,1,0,0,2,0,0,3,2,3,2,0,17,8,5.798022747,17,8,0,0,0,34,4,10,0,7926.539856,708.8499947,32810.90088,2683.049988,35442.76172,150,189,21,18,0,0,0,0,0,16,0,0,0,3,8,0,222,8,24,112,95,77,80,181,12,7,0,0,4,98,79,57,62,73,3,15,4,48,1378,457,36,6,3,88,43,54,97,0,0,0,0,48,5,0,7,64,562,71,0,695,204,0,2,0,1.246931791,3,33.0218544,79572.10156,1,https://www.fifa.com/en/tournaments/mens/worldcup/canadamexicousa2026/statistics/player-statistics
510991,AYOUB ALOUI,AYOUB,Defender,DF,11/03/2005,21,Younger,13,2,170.8,85.4,0,0,0,0,,28,11,39.30%,1,0.53,0,0,0,,TRUE,FALSE,FALSE,TRUE,TRUE,FALSE,TRUE,FALSE,FALSE,0,0,0,0,0,0,0,0,0,0,0,0,0,0,0,1,0,3.755235195,1,0,0,1,0,38,5,0,0,1934.97998,198.2600021,6510.389404,648.519989,6620.139648,3,15,2,0,0,0,0,0,0,0,0,0,0,0,0,0,25,4,2,12,2,1,6,4,4,0,0,0,0,9,2,1,3,19,0,1,0,3,57,33,1,4,12,7,2,21,23,0,0,0,0,4,2,1,1,10,12,11,0,170,55,0,1,0,0.033668425,9,32.05351257,15912.29053,0,https://www.fifa.com/en/tournaments/mens/worldcup/canadamexicousa2026/statistics/player-statistics
405527,Ayumu SEKO,SEKO,Defender,DF,7/06/2000,26,Younger,20,2,97.7,48.8,0,0,0,0,,50,42,84.00%,1,0.92,0,0,0,,TRUE,FALSE,TRUE,TRUE,TRUE,FALSE,TRUE,FALSE,TRUE,0,0,0,0,0,0,0,0,0,0,0,0,0,0,0,0,0,3.045259356,0,0,0,0,0,3,2,0,0,1257.460052,109.1900034,4188.439758,326.8600006,3830.959961,7,14,1,0,0,0,0,0,0,0,0,0,0,0,0,0,22,2,4,9,4,2,3,10,2,0,0,0,0,11,6,4,5,15,0,2,0,6,107,35,1,1,0,6,4,3,7,0,0,0,0,3,2,0,1,8,43,9,0,105,26,1,1,0,0.092083046,0,29.20442581,9712.909912,0,https://www.fifa.com/en/tournaments/mens/worldcup/canadamexicousa2026/statistics/player-statistics
349342,Aziz BEHICH,BEHICH,Defender,DF,16/12/1990,35,Older,16,3,245.4,81.8,0,0,1,1,0.00%,82,60,73.20%,1,0.37,4,1.47,0.02,0.00x,TRUE,FALSE,TRUE,TRUE,TRUE,FALSE,TRUE,FALSE,TRUE,0,0,0,0,0,0,0,1,0,0,1,1,0,0,0,5,1,5.037296772,5,1,0,6,1,55,7,1,0,4027.960052,482.7699966,11895.39063,1440.849998,9006.360046,32,59,9,1,0,0,0,0,0,0,0,0,0,0,0,0,24,0,4,11,8,6,7,15,1,0,0,1,0,12,7,5,8,14,0,2,0,9,178,93,4,24,30,15,8,61,69,0,0,0,0,23,17,4,4,41,31,45,0,341,105,1,0,1,0.851414985,23,32.9163475,26853.33179,0,https://www.fifa.com/en/tournaments/mens/worldcup/canadamexicousa2026/statistics/player-statistics
367536,Baba RAHMAN,BABA,Defender,DF,2/07/1994,31,Older,17,1,1.4,1.4,0,0,0,0,,0,0,,0,0,0,0,0,,TRUE,FALSE,FALSE,FALSE,TRUE,FALSE,FALSE,FALSE,FALSE,0,0,0,0,0,0,0,0,0,0,0,0,0,0,0,0,0,1.83274889,0,0,0,0,0,0,0,0,0,27.85000038,0,50.75,32.40999985,57.95999908,0,0,0,0,0,0,0,0,0,0,0,0,0,0,0,0,0,0,0,0,0,0,0,0,0,0,0,0,0,0,0,0,0,0,0,0,0,0,0,0,0,0,0,0,0,0,0,0,0,0,0,0,0,0,0,0,0,0,0,2,1,1,0,0,0.003741854,0,23.70959282,168.9700012,0,https://www.fifa.com/en/tournaments/mens/worldcup/canadamexicousa2026/statistics/player-statistics
475260,Behruzjon KARIMOV,KARIMOV,Defender,DF,7/08/2007,18,Younger,24,2,203.1,101.5,0,0,2,0,0.00%,55,43,78.20%,8,3.55,4,1.77,0.03,0.00x,TRUE,FALSE,TRUE,TRUE,TRUE,FALSE,TRUE,FALSE,TRUE,0,0,0,0,0,0,2,0,0,0,0,0,1,2,0,10,2,4.075649261,8,0,0,2,1,55,7,1,0,2788.539917,479.6999817,8469.390137,1348.070007,7585.410156,32,46,5,1,0,0,0,0,0,0,0,0,0,0,0,0,22,2,3,10,4,4,5,7,3,1,1,1,0,9,2,2,4,13,0,0,0,5,125,62,7,8,42,10,7,53,60,0,0,0,0,22,12,1,0,30,30,30,0,233,107,0,1,5,0.346411288,7,32.1999855,20671.11035,0,https://www.fifa.com/en/tournaments/mens/worldcup/canadamexicousa2026/statistics/player-statistics
385067,BOUALEM KHOUKHI,KHOUKHI,Defender,DF,9/07/1990,35,Older,16,3,310.3,103.4,0,0,2,0,0.00%,117,94,80.30%,2,0.58,1,0.29,0.07,0.00x,TRUE,FALSE,TRUE,TRUE,TRUE,FALSE,TRUE,FALSE,TRUE,0,0,0,0,0,1,0,1,0,0,0,0,2,2,0,2,3,4.916158676,2,3,0,1,0,21,12,8,0,2664.799988,191.0700073,9966.230469,635.9099884,11952.02026,29,45,5,9,0,0,0,0,0,12,0,0,0,0,1,0,58,7,8,32,22,15,17,34,8,2,0,1,0,18,10,3,3,36,2,5,0,18,236,106,6,4,5,18,17,10,27,0,0,0,0,15,6,0,1,12,88,13,0,226,62,0,0,0,0.416395595,0,31.57492638,25410.02979,0,https://www.fifa.com/en/tournaments/mens/worldcup/canadamexicousa2026/statistics/player-statistics
419225,Bradley Cross,CROSS,Defender,DF,30/01/2001,25,Younger,26,0,0,,0,0,0,0,,0,0,,0,,0,,0,,FALSE,FALSE,FALSE,FALSE,TRUE,FALSE,FALSE,FALSE,FALSE,0,0,0,0,0,0,0,0,0,0,0,0,0,0,0,0,0,0,0,0,0,0,0,0,0,0,0,0,0,0,0,0,0,0,0,0,0,0,0,0,0,0,0,0,0,0,0,0,0,0,0,0,0,0,0,0,0,0,0,0,0,0,0,0,0,0,0,0,0,0,0,0,0,0,0,0,0,0,0,0,0,0,0,0,0,0,0,0,0,0,0,0,0,0,0,0,0,0,0,0,0,https://www.fifa.com/en/tournaments/mens/worldcup/canadamexicousa2026/statistics/player-statistics
448360,Brandon MECHELE,MECHELE,Defender,DF,28/01/1993,33,Older,4,6,651.5,108.6,0,0,5,1,0.00%,399,369,92.50%,9,1.24,2,0.28,0.39,0.00x,TRUE,TRUE,TRUE,TRUE,TRUE,FALSE,TRUE,FALSE,TRUE,0,1,0,0,1,0,0,3,0,0,5,1,3,0,0,15,2,6.314115604,15,2,0,0,0,48,15,7,0,9788.159912,931.3300018,31976.36963,2902.100006,22811.05029,120,153,16,8,0,0,0,0,0,0,0,0,0,4,1,0,116,2,21,60,45,33,37,85,4,2,1,1,1,52,38,26,28,67,1,11,0,46,842,299,27,5,5,73,37,46,83,0,0,0,0,40,9,1,10,61,325,71,0,806,227,0,0,1,0.761427984,2,30.84684753,68409.00977,1,https://www.fifa.com/en/tournaments/mens/worldcup/canadamexicousa2026/statistics/player-statistics
431889,BREMER,BREMER,Defender,DF,18/03/1997,29,Older,14,0,0,,0,0,0,0,,0,0,,0,,0,,0,,FALSE,FALSE,FALSE,FALSE,TRUE,FALSE,FALSE,FALSE,FALSE,0,0,0,0,0,0,0,0,0,0,0,0,0,0,0,0,0,0,0,0,0,0,0,0,0,0,0,0,0,0,0,0,0,0,0,0,0,0,0,0,0,0,0,0,0,0,0,0,0,0,0,0,0,0,0,0,0,0,0,0,0,0,0,0,0,0,0,0,0,0,0,0,0,0,0,0,0,0,0,0,0,0,0,0,0,0,0,0,0,0,0,0,0,0,0,0,0,0,0,0,0,https://www.fifa.com/en/tournaments/mens/worldcup/canadamexicousa2026/statistics/player-statistics
401167,Caglar SOYUNCU,ÇAĞLAR,Defender,DF,23/05/1996,30,Older,4,1,15.5,15.5,0,0,0,0,,4,3,75.00%,0,0,0,0,0,,TRUE,FALSE,FALSE,FALSE,TRUE,FALSE,FALSE,FALSE,FALSE,0,0,0,0,0,0,0,0,0,0,0,0,0,0,0,0,0,1.796919823,0,0,0,0,0,1,1,0,0,105.0300064,0,553.0100098,32.34999847,704.1199951,1,1,0,0,0,0,0,0,0,0,0,0,0,0,0,0,2,0,1,1,0,0,0,0,0,0,0,0,0,1,0,0,0,0,0,0,0,0,8,2,0,0,0,4,3,1,4,0,0,0,0,2,0,0,0,1,3,1,0,9,3,1,0,0,0.030823397,0,24.15504456,1394.51001,0,https://www.fifa.com/en/tournaments/mens/worldcup/canadamexicousa2026/statistics/player-statistics
419567,Callan ELLIOT,ELLIOT,Defender,DF,7/07/1999,26,Younger,24,1,18.1,18.1,0,0,0,0,,6,4,66.70%,0,0,0,0,0,,TRUE,FALSE,FALSE,FALSE,TRUE,FALSE,FALSE,FALSE,FALSE,0,0,0,0,0,0,0,0,0,0,0,0,0,0,0,0,0,2.065570672,0,0,0,0,0,4,1,0,0,176.6000061,49.52000046,817.960083,86.25000763,745.3999634,3,3,0,0,0,0,0,0,0,0,0,0,0,0,0,0,5,0,2,2,1,0,0,2,0,0,0,0,0,3,1,0,1,2,0,1,0,2,11,6,0,0,1,0,0,1,1,0,0,0,0,0,0,0,0,3,0,3,0,19,8,1,0,0,0.019161966,3,30.89660263,1875.730103,0,https://www.fifa.com/en/tournaments/mens/worldcup/canadamexicousa2026/statistics/player-statistics
382312,Cameron BURGESS,BURGESS,Defender,DF,21/10/1995,30,Older,21,2,152.5,76.2,0,0,0,0,,56,45,80.40%,0,0,0,0,0,,TRUE,FALSE,TRUE,TRUE,TRUE,FALSE,TRUE,FALSE,TRUE,0,0,0,0,0,0,0,0,0,0,0,0,0,0,0,1,1,2.90174973,1,0,0,0,0,14,9,6,0,1818.98999,197.220005,6431.200073,430.3800049,6157.85022,17,24,2,6,0,0,0,0,0,0,0,0,0,0,0,0,23,1,4,14,10,8,9,14,2,1,0,0,1,7,3,0,1,10,0,2,1,7,113,41,2,0,1,8,3,6,9,0,1,0,0,4,0,0,5,15,31,20,0,147,33,0,1,0,0.15848146,0,34.20323563,15035.63965,0,https://www.fifa.com/en/tournaments/mens/worldcup/canadamexicousa2026/statistics/player-statistics
441132,Carl STARFELT,STARFELT,Defender,DF,1/06/1995,31,Older,15,1,10.1,10.1,0,0,0,0,,12,11,91.70%,0,0,0,0,0,,TRUE,FALSE,FALSE,FALSE,TRUE,FALSE,FALSE,FALSE,FALSE,0,0,0,0,0,0,0,0,0,0,0,0,0,0,0,0,0,1.663747072,0,0,0,0,0,0,0,0,0,116.1500015,7.190000057,562.5300293,48.31000137,382.480072,1,2,0,0,0,0,0,0,0,0,0,0,0,0,0,0,1,0,0,1,0,0,1,0,0,0,0,0,0,0,0,0,0,1,0,0,0,0,27,7,0,0,0,0,0,0,0,0,0,0,0,0,0,0,0,1,11,1,0,8,3,1,0,0,0.114701256,0,26.32164383,1116.660034,0,https://www.fifa.com/en/tournaments/mens/worldcup/canadamexicousa2026/statistics/player-statistics
397775,Carlens ARCUS,ARCUS,Defender,DF,28/06/1996,29,Older,2,3,171.9,57.3,0,0,0,0,,61,54,88.50%,5,2.62,3,1.57,0,,TRUE,FALSE,TRUE,TRUE,TRUE,FALSE,TRUE,FALSE,TRUE,0,0,0,0,0,0,0,0,0,0,0,0,0,0,0,1,0,6.069989522,0,0,0,2,1,34,11,0,0,2673.579834,350.719986,7234.160217,1253.759933,6494.340027,23,29,12,0,0,0,0,0,0,0,0,0,0,0,0,0,13,0,0,1,1,1,1,9,1,0,0,1,0,11,8,8,11,8,0,0,0,6,124,54,3,11,25,5,10,31,41,2,0,0,0,10,11,0,2,8,46,10,0,247,86,1,1,0,0.336364266,10,30.18128014,18006.5603,1,https://www.fifa.com/en/tournaments/mens/worldcup/canadamexicousa2026/statistics/player-statistics
418729,Carlos HARVEY,HARVEY,Defender,DF,3/02/2000,26,Younger,14,3,295.2,98.4,0,0,5,0,0.00%,107,85,79.40%,8,2.44,3,0.91,0.29,0.00x,TRUE,TRUE,TRUE,TRUE,TRUE,FALSE,TRUE,FALSE,TRUE,0,0,0,1,1,0,1,1,0,0,4,0,3,1,0,8,6,6.817519665,4,4,0,1,0,53,19,1,0,5067.219971,399.9299927,16576.03857,1664.26004,9866.129883,50,73,28,1,0,0,0,0,0,0,0,0,0,2,0,0,41,1,6,14,9,6,7,25,3,1,0,0,2,24,15,11,15,20,0,3,1,13,255,122,9,10,45,39,63,31,94,0,0,0,0,25,23,3,7,50,66,57,0,446,118,0,1,4,0.666239575,2,32.81644058,33573.58008,1,https://www.fifa.com/en/tournaments/mens/worldcup/canadamexicousa2026/statistics/player-statistics
511828,CASTROP Jens,JENS,Defender,DF,29/07/2003,22,Younger,23,1,51,51,0,0,0,0,,30,27,90.00%,3,5.29,0,0,0,,TRUE,FALSE,FALSE,FALSE,TRUE,FALSE,FALSE,FALSE,FALSE,0,0,0,0,0,0,0,0,0,0,0,0,0,0,0,4,1,2.162239234,1,1,0,4,1,13,5,0,0,555.5900269,168.1799927,2484.129883,361.8599854,1950.029785,19,28,2,0,0,0,0,0,0,0,0,0,0,0,0,0,6,1,0,2,2,1,1,5,2,2,1,1,0,2,1,0,1,5,1,0,0,4,65,27,2,4,15,0,3,16,19,0,0,0,0,4,13,3,0,12,18,12,0,40,32,1,0,1,0.936207056,5,31.24021721,5519.790039,0,https://www.fifa.com/en/tournaments/mens/worldcup/canadamexicousa2026/statistics/player-statistics
441242,Cesar BLACKMAN,BLACKMAN,Defender,DF,2/04/1998,28,Older,2,2,187.2,93.6,0,0,2,1,0.00%,79,69,87.30%,2,0.96,2,0.96,0.08,0.00x,TRUE,FALSE,TRUE,TRUE,TRUE,FALSE,TRUE,FALSE,TRUE,0,1,0,0,0,0,0,2,0,0,2,1,0,0,0,5,0,3.913240115,4,0,0,0,0,41,12,0,0,1997.380005,395.3000183,8048.780518,912.8199158,6979.310303,53,65,7,0,0,0,0,0,0,0,0,0,0,0,0,0,13,0,1,2,2,1,1,11,2,2,1,1,1,9,7,5,7,11,0,1,1,9,172,85,4,10,47,11,7,61,68,1,0,0,0,31,23,1,3,48,29,51,0,180,64,0,2,4,0.414439321,11,32.89159775,18333.58984,1,https://www.fifa.com/en/tournaments/mens/worldcup/canadamexicousa2026/statistics/player-statistics
395516,Cesar MONTES,C. MONTES,Defender,DF,24/02/1997,29,Older,3,4,349.6,87.4,0,0,1,1,0.00%,170,156,91.80%,4,1.03,4,1.03,0.06,0.00x,TRUE,FALSE,TRUE,TRUE,TRUE,FALSE,TRUE,FALSE,TRUE,0,0,0,1,0,0,0,0,0,0,1,1,0,0,0,1,2,5.296249866,1,2,0,2,0,14,4,3,1,3131.730194,261.8400021,13456.82983,977.9700089,13284.81982,47,60,9,3,0,0,0,0,0,0,0,0,0,1,0,0,60,5,9,35,27,20,21,40,5,2,0,0,0,20,11,4,6,31,2,5,0,15,361,125,12,2,1,23,13,13,26,0,0,0,0,17,3,1,1,22,148,23,1,267,84,0,1,0,0.210142931,0,30.78854179,31113.19092,0,https://www.fifa.com/en/tournaments/mens/worldcup/canadamexicousa2026/statistics/player-statistics
448607,Chadi RIAD,RIAD,Defender,DF,17/06/2003,22,Younger,18,4,390,97.5,0,1,1,0,0.00%,226,212,93.80%,0,0,1,0.23,0.12,0.00x,TRUE,FALSE,TRUE,TRUE,TRUE,FALSE,TRUE,FALSE,TRUE,0,0,0,1,0,0,0,0,0,0,1,0,0,0,0,7,1,3.94024682,6,1,0,0,0,30,12,1,0,4159.269958,315.5400085,17145.11011,1341.329987,15634.07031,54,70,7,2,0,0,0,0,0,0,0,0,0,1,1,0,39,1,10,25,18,13,14,25,1,0,0,0,0,13,7,2,2,25,0,5,0,11,464,135,6,0,3,74,48,29,77,0,0,0,0,40,2,0,1,21,204,22,0,393,99,0,1,1,0.464457713,1,32.88323593,38595.32031,0,https://www.fifa.com/en/tournaments/mens/worldcup/canadamexicousa2026/statistics/player-statistics
356532,Chancel MBEMBA,MBEMBA,Defender,DF,8/08/1994,31,Older,22,4,409.6,102.4,0,1,1,0,0.00%,162,130,80.20%,1,0.22,2,0.44,0.05,0.00x,TRUE,FALSE,TRUE,TRUE,TRUE,FALSE,TRUE,FALSE,TRUE,0,0,0,0,0,0,1,0,0,0,1,0,1,0,0,5,3,5.400306702,4,3,0,4,0,23,12,11,0,4060.039917,511.7800217,13862.2998,1584.419922,16885.96973,46,74,9,16,0,0,0,0,0,0,0,0,0,0,5,0,92,2,22,48,31,20,24,56,7,3,1,1,4,37,22,9,9,46,0,11,2,27,340,156,6,2,1,32,12,23,35,0,0,0,0,25,11,0,4,31,119,35,0,347,135,0,0,2,0.321013201,2,32.24974823,36904.51074,1,https://www.fifa.com/en/tournaments/mens/worldcup/canadamexicousa2026/statistics/player-statistics
522282,CHO Wije,WIJE,Defender,DF,25/08/2001,24,Younger,14,0,0,,0,0,0,0,,0,0,,0,,0,,0,,FALSE,FALSE,FALSE,FALSE,TRUE,FALSE,FALSE,FALSE,FALSE,0,0,0,0,0,0,0,0,0,0,0,0,0,0,0,0,0,0,0,0,0,0,0,0,0,0,0,0,0,0,0,0,0,0,0,0,0,0,0,0,0,0,0,0,0,0,0,0,0,0,0,0,0,0,0,0,0,0,0,0,0,0,0,0,0,0,0,0,0,0,0,0,0,0,0,0,0,0,0,0,0,0,0,0,0,0,0,0,0,0,0,0,0,0,0,0,0,0,0,0,0,https://www.fifa.com/en/tournaments/mens/worldcup/canadamexicousa2026/statistics/player-statistics
419062,Chris RICHARDS,RICHARDS,Defender,DF,28/03/2000,26,Younger,3,4,420,105,0,0,1,0,0.00%,291,277,95.20%,8,1.71,3,0.64,0.06,0.00x,TRUE,FALSE,TRUE,TRUE,TRUE,FALSE,TRUE,FALSE,TRUE,0,0,0,1,0,0,0,0,0,0,1,0,1,0,0,2,2,4.908599854,2,2,0,0,0,22,11,1,0,5923.030029,276.9300194,20699.66016,1326.629959,14660.74023,67,78,4,1,0,0,0,0,0,0,0,0,0,1,0,0,43,2,1,21,17,17,18,30,2,0,0,0,0,20,13,13,17,20,0,0,0,16,597,160,8,2,1,29,21,11,32,0,0,0,0,13,1,0,3,36,252,39,0,486,97,0,0,0,0.404756989,0,30.65311813,42886.99023,1,https://www.fifa.com/en/tournaments/mens/worldcup/canadamexicousa2026/statistics/player-statistics
486260,Christopher OPERI,OPERI,Defender,DF,29/04/1997,29,Older,13,1,100.3,100.3,0,0,0,0,,78,70,89.70%,2,1.79,0,0,0,,TRUE,FALSE,TRUE,TRUE,TRUE,FALSE,TRUE,FALSE,TRUE,0,0,0,0,0,0,0,0,0,0,0,0,0,0,0,1,0,1.602475286,1,0,0,1,0,20,3,2,0,1469,188.5500031,4588.099609,657.0200195,3795.749756,39,45,4,2,0,0,0,0,0,0,0,0,0,0,0,0,37,2,3,13,10,8,8,27,3,1,0,1,0,21,16,14,16,20,1,1,0,16,157,56,2,10,2,3,10,5,15,0,0,0,0,5,10,0,0,29,43,29,0,142,55,0,0,1,0.154398918,7,30.84474754,10698.41992,0,https://www.fifa.com/en/tournaments/mens/worldcup/canadamexicousa2026/statistics/player-statistics
431196,Cristian ROMERO,ROMERO,Defender,DF,27/04/1998,28,Older,13,7,686,98,1,0,3,2,33.30%,430,415,96.50%,9,1.18,3,0.39,0.41,2.45x,TRUE,TRUE,TRUE,TRUE,TRUE,FALSE,TRUE,FALSE,TRUE,0,0,0,2,1,0,0,0,0,0,3,2,1,0,0,8,0,4.433843732,8,0,0,0,0,52,22,10,0,5175.129913,303.6399899,19232.65991,1305.710022,31654.63989,182,197,11,12,0,0,0,0,0,5,0,1,0,3,2,0,106,1,11,66,60,50,54,95,1,0,0,0,0,39,35,25,27,67,0,10,0,60,905,299,19,6,2,29,24,13,37,0,0,0,0,22,4,1,9,65,343,74,0,415,108,0,5,3,1.920460185,2,32.34606171,57671.7793,2,https://www.fifa.com/en/tournaments/mens/worldcup/canadamexicousa2026/statistics/player-statistics
494345,Dan BURN,BURN,Defender,DF,9/05/1992,34,Older,15,3,59.2,19.7,0,0,0,0,,4,2,50.00%,1,1.52,0,0,0,,TRUE,FALSE,FALSE,FALSE,TRUE,FALSE,FALSE,FALSE,FALSE,0,0,0,0,0,0,0,0,0,0,0,0,0,0,0,0,0,2.161094844,0,0,0,0,0,1,0,0,0,528.210022,62.8399992,2626.829956,132.9400024,2414.300079,0,2,1,0,0,0,0,0,0,0,0,0,0,0,0,0,5,1,0,1,0,0,0,0,2,0,0,0,1,2,0,0,0,5,0,0,0,0,9,4,0,3,1,1,2,3,5,0,0,0,0,2,1,0,0,3,2,3,0,48,14,3,0,0,1.385937199,0,30.79081726,5765.119995,0,https://www.fifa.com/en/tournaments/mens/worldcup/canadamexicousa2026/statistics/player-statistics
494429,Danial IRI,DANIAL,Defender,DF,26/10/2003,22,Younger,25,0,0,,0,0,0,0,,0,0,,0,,0,,0,,FALSE,FALSE,FALSE,FALSE,TRUE,FALSE,FALSE,FALSE,FALSE,0,0,0,0,0,0,0,0,0,0,0,0,0,0,0,0,0,0,0,0,0,0,0,0,0,0,0,0,0,0,0,0,0,0,0,0,0,0,0,0,0,0,0,0,0,0,0,0,0,0,0,0,0,0,0,0,0,0,0,0,0,0,0,0,0,0,0,0,0,0,0,0,0,0,0,0,0,0,0,0,0,0,0,0,0,0,0,0,0,0,0,0,0,0,0,0,0,0,0,0,0,https://www.fifa.com/en/tournaments/mens/worldcup/canadamexicousa2026/statistics/player-statistics
431200,Daniel MUNOZ,D. MUÑOZ,Defender,DF,26/05/1996,30,Older,2,5,451.6,90.3,2,0,3,2,66.70%,213,194,91.10%,9,1.79,1,0.2,0.64,3.11x,TRUE,TRUE,TRUE,TRUE,TRUE,FALSE,TRUE,FALSE,TRUE,0,0,0,0,0,0,0,2,0,1,3,2,1,0,0,2,0,6.529381943,1,0,0,9,2,64,20,2,0,7120.140289,957.8000107,20290.20059,2975.01001,16270.19958,80,100,11,2,0,0,0,0,0,0,0,2,0,0,0,0,37,3,1,21,15,14,17,24,5,1,1,2,0,11,8,7,7,24,0,1,0,13,461,201,19,135,109,94,53,285,338,3,0,0,0,75,38,8,5,47,153,52,0,598,221,1,0,0,1.758277208,32,31.56831741,47613.34985,0,https://www.fifa.com/en/tournaments/mens/worldcup/canadamexicousa2026/statistics/player-statistics
491255,Daniel SVENSSON,SVENSSON,Defender,DF,12/02/2002,24,Younger,8,3,114.6,38.2,0,0,1,0,0.00%,46,38,82.60%,0,0,0,0,0.01,0.00x,TRUE,FALSE,FALSE,TRUE,TRUE,FALSE,TRUE,FALSE,FALSE,0,0,0,0,0,0,0,1,0,0,0,0,1,1,0,0,0,5.410485744,0,0,1,2,1,24,3,2,0,1665.780106,313.5899811,5919.750641,825.0799866,4364.339874,15,21,8,2,0,0,0,0,0,0,0,0,0,0,0,0,19,1,0,5,4,4,4,9,3,1,1,1,1,11,4,4,9,10,0,0,0,3,88,40,2,9,18,4,17,14,31,1,0,0,0,10,8,0,2,10,27,12,0,149,63,2,1,0,0.531141922,10,31.88944054,13088.54053,0,https://www.fifa.com/en/tournaments/mens/worldcup/canadamexicousa2026/statistics/player-statistics
335656,DANILO,DANILO,Defender,DF,15/07/1991,34,Older,13,5,471.8,94.4,0,0,1,0,0.00%,294,262,89.10%,7,1.34,1,0.19,0.04,0.00x,TRUE,FALSE,TRUE,TRUE,TRUE,FALSE,TRUE,FALSE,TRUE,0,0,0,0,0,0,0,1,0,0,1,0,0,0,0,3,1,5.679074955,3,1,0,7,2,50,8,3,0,5655.960266,1590.340042,15987.15991,2885.990021,18569.63989,68,92,3,3,0,0,0,0,0,0,0,0,0,0,0,0,102,3,8,42,31,25,31,78,6,3,1,3,0,54,44,38,43,44,2,4,0,30,604,221,20,45,41,112,35,163,198,1,0,0,0,93,21,4,0,44,234,44,0,495,217,1,0,1,0.559008583,27,34.19873047,44689.09033,2,https://www.fifa.com/en/tournaments/mens/worldcup/canadamexicousa2026/statistics/player-statistics
520035,David AFFENGRUBER,AFFENGRUBER,Defender,DF,19/03/2001,25,Younger,2,0,0,,0,0,0,0,,0,0,,0,,0,,0,,FALSE,FALSE,FALSE,FALSE,TRUE,FALSE,FALSE,FALSE,FALSE,0,0,0,0,0,0,0,0,0,0,0,0,0,0,0,0,0,0,0,0,0,0,0,0,0,0,0,0,0,0,0,0,0,0,0,0,0,0,0,0,0,0,0,0,0,0,0,0,0,0,0,0,0,0,0,0,0,0,0,0,0,0,0,0,0,0,0,0,0,0,0,0,0,0,0,0,0,0,0,0,0,0,0,0,0,0,0,0,0,0,0,0,0,0,0,0,0,0,0,0,0,https://www.fifa.com/en/tournaments/mens/worldcup/canadamexicousa2026/statistics/player-statistics
316002,David ALABA,ALABA,Defender,DF,24/06/1992,33,Older,8,4,302.4,75.6,0,1,2,0,0.00%,222,198,89.20%,2,0.6,0,0,0.02,0.00x,TRUE,FALSE,TRUE,TRUE,TRUE,FALSE,TRUE,FALSE,TRUE,0,1,0,0,0,0,2,0,0,0,0,0,1,2,0,3,1,5.925310135,2,0,1,1,0,28,9,10,0,3384.949768,232.1299896,13722.91016,1010.000031,11267.99023,73,94,5,10,0,0,0,0,0,11,0,0,0,0,0,0,92,4,19,44,32,18,21,64,5,4,0,0,1,43,28,13,19,66,3,11,1,45,441,145,9,3,7,30,17,23,40,0,0,0,0,25,4,0,0,54,151,54,0,297,70,0,3,0,0.349623065,0,31.15853119,29617.97949,0,https://www.fifa.com/en/tournaments/mens/worldcup/canadamexicousa2026/statistics/player-statistics
483936,David DOUDERA,DOUDĚRA,Defender,DF,31/05/1998,28,Older,21,1,100.1,100.1,0,0,4,0,0.00%,47,34,72.30%,0,0,1,0.9,0.05,0.00x,TRUE,TRUE,FALSE,TRUE,TRUE,FALSE,TRUE,FALSE,FALSE,0,0,0,0,1,0,3,0,0,0,1,0,4,3,0,2,0,2.09484005,1,0,0,4,1,23,0,0,0,1309.339966,88.33999634,4606.649902,428.2499695,4053.999756,20,35,1,0,0,0,0,0,0,0,0,0,0,0,0,0,25,2,3,8,5,3,3,13,3,0,0,0,1,14,8,6,8,18,0,2,0,11,107,51,5,10,10,3,7,16,23,0,0,0,0,6,10,0,0,20,28,20,0,114,34,0,0,1,0.216845497,8,29.21157837,10486.58008,0,https://www.fifa.com/en/tournaments/mens/worldcup/canadamexicousa2026/statistics/player-statistics
483990,David JURASEK,JURÁSEK,Defender,DF,7/08/2000,25,Younger,14,0,0,,0,0,0,0,,0,0,,0,,0,,0,,FALSE,FALSE,FALSE,FALSE,TRUE,FALSE,FALSE,FALSE,FALSE,0,0,0,0,0,0,0,0,0,0,0,0,0,0,0,0,0,0,0,0,0,0,0,0,0,0,0,0,0,0,0,0,0,0,0,0,0,0,0,0,0,0,0,0,0,0,0,0,0,0,0,0,0,0,0,0,0,0,0,0,0,0,0,0,0,0,0,0,0,0,0,0,0,0,0,0,0,0,0,0,0,0,0,0,0,0,0,0,0,0,0,0,0,0,0,0,0,0,0,0,0,https://www.fifa.com/en/tournaments/mens/worldcup/canadamexicousa2026/statistics/player-statistics
483505,David MOLLER WOLFE,MØLLER WOLFE,Defender,DF,23/04/2002,24,Younger,5,5,477.6,95.5,0,1,0,0,,186,162,87.10%,7,1.32,2,0.38,0,,TRUE,FALSE,TRUE,TRUE,TRUE,FALSE,TRUE,FALSE,TRUE,0,0,0,0,0,0,0,0,0,0,0,0,0,0,0,8,0,5.095074177,6,0,0,7,1,70,22,1,0,5915.829956,1409.119995,21265.92944,2537.319855,17461.98975,89,115,13,1,0,0,0,0,0,0,0,0,0,0,0,0,75,2,5,32,22,21,25,47,7,3,3,4,1,36,22,21,28,51,0,1,0,27,382,166,12,45,73,46,62,102,164,0,0,0,0,46,26,4,3,73,99,76,0,520,216,0,3,3,1.175232187,27,33.35358047,48590.18945,0,https://www.fifa.com/en/tournaments/mens/worldcup/canadamexicousa2026/statistics/player-statistics
430657,David RAUM,RAUM,Defender,DF,22/04/1998,28,Older,22,2,123.7,61.8,0,0,1,1,0.00%,52,44,84.60%,2,1.46,0,0,0.04,0.00x,TRUE,FALSE,TRUE,TRUE,TRUE,FALSE,TRUE,FALSE,TRUE,0,0,0,0,0,0,0,1,0,0,1,1,0,0,0,2,1,3.530772686,1,0,2,14,3,29,8,4,0,2370.770142,583.0999908,4736.599915,1084.540009,4922.620544,27,41,18,4,0,0,0,0,0,0,0,0,0,0,0,0,24,1,3,8,5,4,4,12,4,2,1,2,1,12,5,3,7,15,0,1,1,8,134,65,7,27,14,13,18,36,54,0,0,0,0,17,13,4,1,14,41,15,0,198,85,1,0,1,1.114745438,8,33.68346786,13697.62964,0,https://www.fifa.com/en/tournaments/mens/worldcup/canadamexicousa2026/statistics/player-statistics
433755,David Zima,ZIMA,Defender,DF,8/11/2000,25,Younger,2,1,19.5,19.5,0,0,0,0,,7,6,85.70%,0,0,0,0,0,,TRUE,FALSE,FALSE,FALSE,TRUE,FALSE,FALSE,FALSE,FALSE,0,0,0,0,0,0,0,0,0,0,0,0,0,0,0,0,0,2.358415445,0,0,0,0,0,4,1,0,0,349.3999634,0,1062.940063,111.8000031,787.3399658,4,5,0,0,0,0,0,0,0,0,0,0,0,0,0,0,3,0,0,1,1,1,1,3,0,0,0,0,0,2,2,2,2,2,0,0,0,2,16,7,0,0,1,1,1,1,2,0,0,0,0,1,0,0,0,1,6,1,0,23,9,1,0,0,0.047081836,0,24.58305931,2311.47998,0,https://www.fifa.com/en/tournaments/mens/worldcup/canadamexicousa2026/statistics/player-statistics
386013,Davinson SANCHEZ,SANCHEZ,Defender,DF,12/06/1996,29,Older,23,5,541.2,108.2,0,0,6,2,0.00%,361,324,89.80%,6,1,5,0.83,0.54,0.00x,TRUE,TRUE,TRUE,TRUE,TRUE,FALSE,TRUE,FALSE,TRUE,0,0,0,1,1,0,2,0,0,0,5,2,4,1,0,8,6,5.363491535,8,6,0,0,0,32,18,6,0,5064.349915,717.6999817,19405.08057,1766.539948,21543.46997,106,134,20,7,0,0,0,0,0,9,0,0,0,4,1,0,149,8,27,78,55,42,43,93,10,2,0,0,2,61,36,21,24,73,0,13,2,47,755,261,28,0,1,58,22,37,59,1,0,0,0,37,8,0,7,46,303,53,0,441,145,0,0,1,0.391879648,0,33.75780106,48497.13867,1,https://www.fifa.com/en/tournaments/mens/worldcup/canadamexicousa2026/statistics/player-statistics
389876,Dayot UPAMECANO,UPAMECANO,Defender,DF,27/10/1998,27,Younger,4,8,740.7,92.6,0,1,4,2,0.00%,443,409,92.30%,7,0.85,4,0.49,0.54,0.00x,TRUE,TRUE,TRUE,TRUE,TRUE,FALSE,TRUE,FALSE,TRUE,0,0,0,0,1,0,0,2,0,0,3,1,0,1,1,4,4,5.94692266,4,4,0,0,0,73,32,5,0,7105.340088,1422.239967,30935.58057,2889.700012,31258.51855,167,194,17,5,0,0,0,0,0,0,0,0,0,2,0,0,157,3,23,91,80,59,65,136,6,4,0,0,3,60,52,29,31,71,2,19,2,57,977,359,34,3,7,104,57,57,114,0,0,0,0,61,6,0,14,78,360,92,0,598,228,1,1,2,0.884491682,0,35.39147949,73611.37891,0,https://www.fifa.com/en/tournaments/mens/worldcup/canadamexicousa2026/statistics/player-statistics
394376,Deiver MACHADO,MACHADO,Defender,DF,2/09/1993,32,Older,22,1,99.1,99.1,0,0,0,0,,23,22,95.70%,1,0.91,2,1.82,0,,TRUE,FALSE,FALSE,TRUE,TRUE,FALSE,TRUE,FALSE,FALSE,0,0,0,0,0,0,0,0,0,0,0,0,0,0,0,1,0,1.219087601,0,0,0,2,0,21,2,0,0,1347.410034,277.2999573,3423.950195,698.7000122,4321.72998,11,14,4,0,0,0,0,0,0,0,0,0,0,0,0,0,5,0,0,2,2,2,2,4,1,1,1,1,0,2,1,1,2,2,0,0,0,2,52,21,5,16,17,3,7,29,36,0,0,0,0,9,9,1,2,5,18,7,0,117,56,0,0,0,0.395246744,1,33.9824295,10069.08984,0,https://www.fifa.com/en/tournaments/mens/worldcup/canadamexicousa2026/statistics/player-statistics
430194,Dennis HADZIKADUNIC,HADŽIKADUNIĆ,Defender,DF,9/07/1998,27,Younger,3,1,33,33,0,1,0,0,,10,8,80.00%,1,2.73,0,0,0,,TRUE,FALSE,FALSE,FALSE,TRUE,FALSE,FALSE,FALSE,FALSE,0,0,0,0,0,0,0,0,0,0,0,0,0,0,0,0,0,1.515396476,0,0,0,0,0,4,2,0,0,353.7600098,46.27999878,1492.869995,114.8899994,1331.010132,2,4,1,0,0,0,0,0,0,0,0,0,0,0,0,0,3,0,0,2,1,1,2,2,0,0,0,0,0,1,1,1,1,2,0,0,0,1,23,9,1,0,0,5,1,4,5,0,0,0,0,0,2,0,1,2,7,3,0,32,11,1,0,0,0.169740647,0,28.30764961,3338.809814,0,https://www.fifa.com/en/tournaments/mens/worldcup/canadamexicousa2026/statistics/player-statistics
436612,Denzel DUMFRIES,DUMFRIES,Defender,DF,18/04/1996,30,Older,22,4,432.6,108.2,0,2,5,2,0.00%,179,147,82.10%,6,1.25,3,0.62,0.44,0.00x,TRUE,TRUE,TRUE,TRUE,TRUE,FALSE,TRUE,FALSE,TRUE,0,1,1,1,0,0,2,1,0,0,4,2,2,1,0,7,0,6.054742336,4,0,0,17,5,74,8,1,0,5527.790039,985.7200317,15973.9707,2596.219849,18368.36035,67,100,24,1,0,0,0,0,0,0,0,0,0,2,0,0,61,4,5,10,5,0,1,33,13,7,2,6,3,38,21,14,26,24,3,2,2,11,379,158,14,40,29,13,18,64,82,1,0,0,0,38,44,13,3,53,112,56,0,470,183,0,0,1,1.179684475,40,34.34630585,43452.06055,0,https://www.fifa.com/en/tournaments/mens/worldcup/canadamexicousa2026/statistics/player-statistics
371958,Derek CORNELIUS,CORNELIUS,Defender,DF,25/11/1997,28,Older,13,4,351.4,87.9,0,0,5,1,0.00%,170,151,88.80%,4,1.02,3,0.77,0.74,0.00x,TRUE,TRUE,TRUE,TRUE,TRUE,FALSE,TRUE,FALSE,TRUE,0,0,0,1,2,0,0,0,0,0,5,1,4,0,0,0,1,4.580731678,0,0,0,1,0,29,6,2,0,4302.020142,406.5499878,13862.82056,1544.420029,13453.7998,61,80,4,3,0,0,0,0,0,2,0,0,0,4,1,0,59,0,11,32,23,18,21,41,2,1,0,1,1,25,17,11,13,45,0,5,1,31,379,151,17,2,2,10,6,8,14,0,0,0,0,9,8,1,5,30,138,35,0,368,106,0,1,0,0.996542789,2,30.74268723,33569.60938,1,https://www.fifa.com/en/tournaments/mens/worldcup/canadamexicousa2026/statistics/player-statistics
520037,Derrick LUCKASSEN,LUCKASSEN,Defender,DF,3/07/1995,30,Older,23,2,205.2,102.6,1,0,1,1,100.00%,125,109,87.20%,1,0.44,2,0.88,0.62,1.62x,TRUE,FALSE,TRUE,TRUE,TRUE,FALSE,TRUE,FALSE,TRUE,0,0,0,0,0,0,0,0,0,0,1,1,0,0,0,0,1,2.642956614,0,1,0,0,0,8,4,3,0,1655.629944,153.7400055,7267.060059,499.8899994,8483.419678,18,26,2,4,0,0,0,0,0,0,0,1,0,0,1,0,38,3,5,16,10,8,8,20,3,0,0,0,0,19,10,8,11,12,0,2,0,6,256,87,3,0,0,4,1,3,4,0,0,0,0,3,1,1,2,10,111,12,0,147,39,0,0,0,0.086802732,0,31.76345825,18059.74023,0,https://www.fifa.com/en/tournaments/mens/worldcup/canadamexicousa2026/statistics/player-statistics
506471,Deveron FONVILLE,FONVILLE,Defender,DF,16/05/2003,23,Younger,24,3,260.5,86.8,0,0,0,0,,66,55,83.30%,2,0.69,3,1.04,0,,TRUE,FALSE,TRUE,TRUE,TRUE,FALSE,TRUE,FALSE,TRUE,0,0,0,0,0,0,0,0,0,0,0,0,0,0,0,13,0,5.887185733,9,0,0,0,0,73,19,1,0,2915.960144,838.730011,9812.300049,1453.679993,10496.07983,44,61,9,1,0,0,0,0,0,0,0,0,0,0,0,0,27,2,3,9,7,4,4,19,3,1,1,1,0,15,11,8,10,24,0,3,0,17,151,82,5,5,8,4,3,14,17,0,0,0,0,6,9,0,4,49,19,53,0,239,132,0,2,4,0.297343004,6,34.65265656,25516.75049,0,https://www.fifa.com/en/tournaments/mens/worldcup/canadamexicousa2026/statistics/player-statistics
409241,DINEY BORGES,BORGES,Defender,DF,17/01/1995,31,Older,3,4,445.5,111.4,0,0,4,2,0.00%,195,158,81.00%,2,0.4,0,0,0.18,0.00x,TRUE,TRUE,TRUE,TRUE,TRUE,FALSE,TRUE,FALSE,TRUE,0,0,1,1,1,0,0,0,0,0,3,2,0,1,0,4,9,5.875472069,3,4,0,0,0,29,16,15,0,4595.500183,468.3699951,18209.0105,1418.990051,18646.10986,51,87,5,17,0,0,0,0,0,16,0,0,0,3,2,0,100,6,20,57,39,29,31,56,8,1,0,1,1,35,16,6,8,55,1,9,0,25,388,172,10,2,2,99,57,46,103,0,1,0,0,47,3,0,5,37,126,42,0,395,111,0,0,0,0.351858303,1,31.82818413,43337.97949,1,https://www.fifa.com/en/tournaments/mens/worldcup/canadamexicousa2026/statistics/player-statistics
403002,DIOGO DALOT,DALOT,Defender,DF,18/03/1999,27,Younger,5,2,78.9,39.5,0,0,1,0,0.00%,39,34,87.20%,0,0,1,1.14,0.04,0.00x,TRUE,FALSE,FALSE,FALSE,TRUE,FALSE,FALSE,FALSE,FALSE,0,0,0,1,0,0,0,0,0,0,0,0,1,1,0,3,0,2.421689224,2,0,0,1,0,13,3,1,0,1043.800018,151.7500038,2709.170044,596.6400452,3379.869995,23,29,2,1,0,0,0,0,0,0,0,0,0,0,0,0,16,1,1,7,5,5,5,11,1,0,0,0,0,8,6,6,6,11,0,0,0,6,86,40,3,10,12,13,12,23,35,0,0,0,0,10,6,1,0,25,13,25,0,86,39,2,0,2,1.160889901,6,32.35608292,7881.22998,0,https://www.fifa.com/en/tournaments/mens/worldcup/canadamexicousa2026/statistics/player-statistics
506329,Djed SPENCE,SPENCE,Defender,DF,9/08/2000,25,Younger,25,8,476.1,59.5,0,0,2,2,0.00%,201,177,88.10%,3,0.57,5,0.95,0.71,0.00x,TRUE,FALSE,TRUE,TRUE,TRUE,FALSE,TRUE,FALSE,TRUE,0,0,0,0,0,0,1,1,0,0,1,1,0,1,1,18,0,5.9907341,13,0,0,9,0,135,28,3,0,4839.470078,1799.679974,16595.45007,2317.529984,20078.50964,89,130,25,3,0,0,0,0,0,0,0,0,0,0,0,0,82,4,5,20,13,8,11,59,17,11,9,13,0,45,35,30,36,45,2,3,0,27,439,196,13,44,61,64,36,133,169,0,0,0,0,66,25,10,15,55,131,70,0,417,214,4,3,5,1.295941547,31,36.22447205,45630.63916,0,https://www.fifa.com/en/tournaments/mens/worldcup/canadamexicousa2026/statistics/player-statistics
484073,Dominic HYAM,HYAM,Defender,DF,20/12/1995,30,Older,16,0,0,,0,0,0,0,,0,0,,0,,0,,0,,FALSE,FALSE,FALSE,FALSE,TRUE,FALSE,FALSE,FALSE,FALSE,0,0,0,0,0,0,0,0,0,0,0,0,0,0,0,0,0,0,0,0,0,0,0,0,0,0,0,0,0,0,0,0,0,0,0,0,0,0,0,0,0,0,0,0,0,0,0,0,0,0,0,0,0,0,0,0,0,0,0,0,0,0,0,0,0,0,0,0,0,0,0,0,0,0,0,0,0,0,0,0,0,0,0,0,0,0,0,0,0,0,0,0,0,0,0,0,0,0,0,0,0,https://www.fifa.com/en/tournaments/mens/worldcup/canadamexicousa2026/statistics/player-statistics
367981,DOUGLAS SANTOS,DOUGLAS S.,Defender,DF,22/03/1994,32,Older,16,5,505.7,101.1,0,0,2,0,0.00%,275,256,93.10%,3,0.53,2,0.36,0.2,0.00x,TRUE,FALSE,TRUE,TRUE,TRUE,FALSE,TRUE,FALSE,TRUE,0,0,0,0,0,0,1,1,0,0,2,0,2,0,0,1,0,6.221582031,0,0,0,6,1,111,42,2,0,6994.750305,903.4999542,23360.40039,2965.910034,18238.3501,102,122,21,2,0,0,0,0,0,0,0,0,0,0,0,0,71,1,8,37,28,25,28,52,5,3,2,3,1,29,21,17,19,33,0,3,1,24,571,236,22,31,30,25,25,61,86,1,0,0,0,27,43,7,6,72,169,78,0,642,220,0,1,0,0.768758949,37,31.70317078,52462.91016,1,https://www.fifa.com/en/tournaments/mens/worldcup/canadamexicousa2026/statistics/player-statistics
372424,Duje CALETA-CAR,ĆALETA-CAR,Defender,DF,17/09/1996,29,Older,5,0,0,,0,0,0,0,,0,0,,0,,0,,0,,FALSE,FALSE,FALSE,FALSE,TRUE,FALSE,FALSE,FALSE,FALSE,0,0,0,0,0,0,0,0,0,0,0,0,0,0,0,0,0,0,0,0,0,0,0,0,0,0,0,0,0,0,0,0,0,0,0,0,0,0,0,0,0,0,0,0,0,0,0,0,0,0,0,0,0,0,0,0,0,0,0,0,0,0,0,0,0,0,0,0,0,0,0,0,0,0,0,0,0,0,0,0,0,0,0,0,0,0,0,0,0,0,0,0,0,0,0,0,0,0,0,0,0,https://www.fifa.com/en/tournaments/mens/worldcup/canadamexicousa2026/statistics/player-statistics
477829,Dylan BATUBINSIKA,BATUBINSIKA,Defender,DF,15/02/1996,30,Older,5,0,0,,0,0,0,0,,0,0,,0,,0,,0,,FALSE,FALSE,FALSE,FALSE,TRUE,FALSE,FALSE,FALSE,FALSE,0,0,0,0,0,0,0,0,0,0,0,0,0,0,0,0,0,0,0,0,0,0,0,0,0,0,0,0,0,0,0,0,0,0,0,0,0,0,0,0,0,0,0,0,0,0,0,0,0,0,0,0,0,0,0,0,0,0,0,0,0,0,0,0,0,0,0,0,0,0,0,0,0,0,0,0,0,0,0,0,0,0,0,0,0,0,0,0,0,0,0,0,0,0,0,0,0,0,0,0,0,https://www.fifa.com/en/tournaments/mens/worldcup/canadamexicousa2026/statistics/player-statistics
411653,Dylan BRONN,BRONN,Defender,DF,19/06/1995,30,Older,6,1,49,49,0,0,0,0,,20,16,80.00%,1,1.84,0,0,0,,TRUE,FALSE,FALSE,FALSE,TRUE,FALSE,FALSE,FALSE,FALSE,0,0,0,0,0,0,0,0,0,0,0,0,0,0,0,0,1,2.043795745,0,0,0,0,0,4,1,1,0,448.3100281,51.56999969,2284.690186,166.2400055,2061.899902,5,8,1,1,0,0,0,0,0,0,0,0,0,0,0,0,8,0,2,5,3,3,3,3,0,0,0,0,0,3,0,0,1,5,0,0,0,1,40,14,0,0,0,7,2,5,7,0,0,0,0,3,0,0,0,1,18,1,0,38,13,0,1,0,0.087506525,0,27.81941032,5012.709961,0,https://www.fifa.com/en/tournaments/mens/worldcup/canadamexicousa2026/statistics/player-statistics
480313,Edgardo FARINA,FARIÑA,Defender,DF,19/10/2001,24,Younger,5,0,0,,0,0,0,0,,0,0,,0,,0,,0,,FALSE,FALSE,FALSE,FALSE,TRUE,FALSE,FALSE,FALSE,FALSE,0,0,0,0,0,0,0,0,0,0,0,0,0,0,0,0,0,0,0,0,0,0,0,0,0,0,0,0,0,0,0,0,0,0,0,0,0,0,0,0,0,0,0,0,0,0,0,0,0,0,0,0,0,0,0,0,0,0,0,0,0,0,0,0,0,0,0,0,0,0,0,0,0,0,0,0,0,0,0,0,0,0,0,0,0,0,0,0,0,0,0,0,0,0,0,0,0,0,0,0,0,https://www.fifa.com/en/tournaments/mens/worldcup/canadamexicousa2026/statistics/player-statistics
400634,Edson ALVAREZ,E. ÁLVAREZ,Defender,DF,24/10/1997,28,Older,4,4,279,69.7,0,0,2,0,0.00%,153,138,90.20%,5,1.61,2,0.65,0.19,0.00x,TRUE,FALSE,TRUE,TRUE,TRUE,FALSE,TRUE,FALSE,TRUE,0,1,0,1,0,0,0,1,0,0,1,0,0,1,0,2,4,4.799951363,2,3,0,2,1,37,13,1,0,3962.899902,515.3499756,12136.45996,1115.520081,10797.66064,50,66,3,5,0,0,0,0,0,0,0,0,0,1,4,0,57,3,8,31,20,18,20,31,3,0,0,0,0,23,11,9,12,30,0,2,0,10,324,122,9,3,29,71,69,34,103,0,0,0,0,40,3,0,3,33,116,36,0,342,104,2,0,1,1.042837318,1,31.45735931,28527.88989,1,https://www.fifa.com/en/tournaments/mens/worldcup/canadamexicousa2026/statistics/player-statistics
389437,EHSAN HADDAD,EHSAN,Defender,DF,5/02/1994,32,Older,23,3,287.6,95.9,0,1,1,0,0.00%,73,54,74.00%,3,0.94,1,0.31,0.03,0.00x,TRUE,FALSE,TRUE,TRUE,TRUE,FALSE,TRUE,FALSE,TRUE,0,0,0,0,0,0,0,1,0,0,1,0,1,0,0,4,0,6.44421498,3,0,0,7,2,80,18,1,0,4317.309937,413.429985,13103.03052,1631.140015,11453.80005,40,63,13,1,0,0,0,0,0,0,0,0,0,0,0,0,40,4,3,9,6,1,2,26,9,7,3,4,1,22,13,7,14,34,3,2,1,21,167,81,4,11,30,16,3,54,57,0,0,0,0,26,23,0,1,47,32,48,0,384,118,0,1,1,0.232315786,7,30.89052582,30918.70996,0,https://www.fifa.com/en/tournaments/mens/worldcup/canadamexicousa2026/statistics/player-statistics
288961,Ehsan HAJISAFI,E. HAJISAFI,Defender,DF,25/02/1990,36,Older,3,2,104.6,52.3,0,0,1,0,0.00%,20,11,55.00%,2,1.72,1,0.86,0.08,0.00x,TRUE,FALSE,FALSE,TRUE,TRUE,FALSE,TRUE,FALSE,FALSE,0,1,0,0,0,0,0,1,0,0,0,0,0,1,0,4,1,4.413189252,3,1,0,2,0,27,2,2,0,1563.709991,129.1500015,5065.17981,606.7400208,4099.459961,8,19,1,2,0,0,0,0,0,0,0,0,0,0,0,0,12,1,2,5,1,1,2,2,2,0,0,1,0,5,1,1,2,9,0,0,0,2,47,25,2,1,8,6,3,12,15,0,0,0,0,4,2,1,1,6,14,7,0,134,48,1,1,1,0.180387624,2,28.19083023,11464.24048,1,https://www.fifa.com/en/tournaments/mens/worldcup/canadamexicousa2026/statistics/player-statistics
464865,El Hadji Malick DIOUF,DIOUF,Defender,DF,29/12/2004,21,Younger,25,3,202.8,67.6,0,0,0,0,,89,74,83.10%,2,0.89,0,0,0,,TRUE,FALSE,TRUE,TRUE,TRUE,FALSE,TRUE,FALSE,TRUE,0,0,0,0,0,0,0,0,0,0,0,0,0,0,0,1,0,4.766181946,1,0,5,9,3,37,5,1,0,2987.499939,646.1100159,9448.699951,1239.36998,7457.709961,39,53,14,1,0,0,0,0,0,0,0,0,0,0,0,0,42,6,1,13,9,5,6,29,7,5,1,1,0,22,15,11,15,31,4,0,0,22,194,91,3,17,17,19,11,42,53,0,0,0,0,15,16,1,0,23,59,23,0,268,97,1,1,0,0.141675614,15,31.18533707,21779.39063,0,https://www.fifa.com/en/tournaments/mens/worldcup/canadamexicousa2026/statistics/player-statistics
519958,Elliot STROUD,STROUD,Defender,DF,22/06/2002,23,Younger,24,4,183.7,45.9,0,0,1,0,0.00%,49,38,77.60%,3,1.47,1,0.49,0.09,0.00x,TRUE,FALSE,FALSE,TRUE,TRUE,FALSE,TRUE,FALSE,FALSE,0,0,0,0,0,0,1,0,0,0,1,0,1,0,0,6,0,6.959373593,4,0,3,6,2,61,7,0,0,2881.500015,512.4400101,8312.159866,1312.249992,7502.389534,27,41,9,0,0,0,0,0,0,0,0,0,0,0,0,0,24,2,2,6,2,1,2,13,6,3,2,3,1,12,8,6,7,19,0,1,1,11,115,57,5,9,19,9,10,27,37,0,0,0,0,9,10,0,1,20,32,21,0,251,94,2,2,3,0.684456423,4,32.79901505,20520.73975,0,https://www.fifa.com/en/tournaments/mens/worldcup/canadamexicousa2026/statistics/player-statistics
486268,Emmanuel AGBADOU,AGBADOU,Defender,DF,17/06/1997,28,Older,20,3,308.6,102.9,0,0,3,1,0.00%,154,142,92.20%,0,0,0,0,0.05,0.00x,TRUE,TRUE,TRUE,TRUE,TRUE,FALSE,TRUE,FALSE,TRUE,0,0,0,0,0,0,1,1,0,0,1,0,2,2,1,2,0,4.157363653,2,0,0,0,0,28,8,3,0,2635.509949,241.0499954,12637.21948,1000.700012,12002.30981,42,55,4,4,0,0,0,0,0,14,0,0,0,1,1,0,39,1,6,29,24,20,22,29,1,0,0,0,0,9,5,1,2,22,0,4,0,13,323,125,7,0,6,25,17,14,31,0,0,0,0,14,5,0,6,25,112,31,0,250,72,0,0,0,0.214539984,0,34.35000992,28516.79004,0,https://www.fifa.com/en/tournaments/mens/worldcup/canadamexicousa2026/statistics/player-statistics
448136,Eray COEMERT,CÖMERT,Defender,DF,4/02/1998,28,Older,18,1,39.8,39.8,0,0,0,0,,5,5,100.00%,0,0,0,0,0,,TRUE,FALSE,FALSE,FALSE,TRUE,FALSE,FALSE,FALSE,FALSE,0,0,0,0,0,0,0,0,0,0,0,0,0,0,0,0,0,0.99539566,0,0,0,0,0,9,1,0,0,359.0100098,104.8499908,1672.320068,163.7999725,1659.830078,3,3,1,0,0,0,0,0,0,0,0,0,0,0,0,0,1,0,0,0,0,0,0,1,0,0,0,0,0,1,1,1,1,0,0,0,0,0,13,7,0,1,0,1,1,1,2,0,0,0,0,1,0,0,1,1,3,2,0,32,11,1,0,0,0.410022557,0,32.62018585,3959.810059,0,https://www.fifa.com/en/tournaments/mens/worldcup/canadamexicousa2026/statistics/player-statistics
484065,Eren ELMALI,EREN ELMALI,Defender,DF,7/07/2000,25,Younger,13,2,134,67,0,0,0,0,,59,52,88.10%,2,1.34,1,0.67,0,,TRUE,FALSE,TRUE,TRUE,TRUE,FALSE,TRUE,FALSE,TRUE,0,0,0,0,0,0,0,0,0,0,0,0,0,0,0,4,1,4.453310966,3,1,0,4,1,26,3,0,0,1914.760071,528.4699936,5540.570068,685.0400085,5859.370117,29,40,4,0,0,0,0,0,0,0,0,0,0,0,0,0,13,0,1,6,5,5,5,11,1,1,1,1,0,6,5,5,5,10,0,0,0,8,121,55,5,12,11,3,11,15,26,0,0,0,0,10,8,3,1,29,23,30,0,135,60,1,0,2,1.10462594,11,34.75431824,14528.21045,1,https://www.fifa.com/en/tournaments/mens/worldcup/canadamexicousa2026/statistics/player-statistics
337232,Eric DAVIS,DAVIS,Defender,DF,31/03/1991,35,Older,15,2,14.5,7.3,0,0,1,0,0.00%,7,3,42.90%,0,0,1,6.2,0,,TRUE,FALSE,FALSE,FALSE,TRUE,FALSE,FALSE,FALSE,FALSE,0,0,0,1,0,0,0,0,0,0,0,0,1,1,0,0,0,4.817708492,0,0,2,3,1,1,1,2,0,424.5700073,49.99999857,679.8899841,234.6099892,420.0599823,3,5,1,2,0,0,0,0,0,0,0,0,0,0,0,0,6,0,0,1,0,0,1,1,2,0,0,0,2,3,1,1,1,2,0,0,0,1,18,11,1,1,4,0,2,3,5,0,0,0,0,2,2,0,0,4,2,4,0,30,18,2,0,0,0.395821571,1,26.91227913,1809.129944,0,https://www.fifa.com/en/tournaments/mens/worldcup/canadamexicousa2026/statistics/player-statistics
405562,Eric GARCIA,ERIC,Defender,DF,9/01/2001,25,Younger,4,1,29.5,29.5,0,0,0,0,,11,10,90.90%,1,3.05,0,0,0,,TRUE,FALSE,FALSE,FALSE,TRUE,FALSE,FALSE,FALSE,FALSE,0,0,0,0,0,0,0,0,0,0,0,0,0,0,0,0,1,0.681893766,0,1,0,0,0,1,1,1,0,211.3600006,0,1184.830078,86.72000122,1213.959961,1,1,1,1,0,0,0,0,0,0,0,0,0,0,0,0,3,0,0,2,2,2,2,2,0,0,0,0,0,1,0,0,1,1,0,0,0,1,22,11,3,0,0,1,1,0,1,0,0,0,0,1,0,0,0,0,10,0,0,23,6,1,0,0,0.030026665,0,25.08161545,2696.870117,0,https://www.fifa.com/en/tournaments/mens/worldcup/canadamexicousa2026/statistics/player-statistics
493061,Eric SMITH,SMITH,Defender,DF,8/01/1997,29,Older,20,0,0,,0,0,0,0,,0,0,,0,,0,,0,,FALSE,FALSE,FALSE,FALSE,TRUE,FALSE,FALSE,FALSE,FALSE,0,0,0,0,0,0,0,0,0,0,0,0,0,0,0,0,0,0,0,0,0,0,0,0,0,0,0,0,0,0,0,0,0,0,0,0,0,0,0,0,0,0,0,0,0,0,0,0,0,0,0,0,0,0,0,0,0,0,0,0,0,0,0,0,0,0,0,0,0,0,0,0,0,0,0,0,0,0,0,0,0,0,0,0,0,0,0,0,0,0,0,0,0,0,0,0,0,0,0,0,0,https://www.fifa.com/en/tournaments/mens/worldcup/canadamexicousa2026/statistics/player-statistics
419172,Evan NDICKA,NDICKA,Defender,DF,20/08/1999,26,Younger,21,0,0,,0,0,0,0,,0,0,,0,,0,,0,,FALSE,FALSE,FALSE,FALSE,TRUE,FALSE,FALSE,FALSE,FALSE,0,0,0,0,0,0,0,0,0,0,0,0,0,0,0,0,0,0,0,0,0,0,0,0,0,0,0,0,0,0,0,0,0,0,0,0,0,0,0,0,0,0,0,0,0,0,0,0,0,0,0,0,0,0,0,0,0,0,0,0,0,0,0,0,0,0,0,0,0,0,0,0,0,0,0,0,0,0,0,0,0,0,0,0,0,0,0,0,0,0,0,0,0,0,0,0,0,0,0,0,0,https://www.fifa.com/en/tournaments/mens/worldcup/canadamexicousa2026/statistics/player-statistics
403049,Ezri KONSA,KONSA,Defender,DF,23/10/1997,28,Older,2,8,740,92.5,1,0,3,2,33.30%,488,469,96.10%,8,0.97,11,1.34,0.32,3.10x,TRUE,TRUE,TRUE,TRUE,TRUE,FALSE,TRUE,FALSE,TRUE,0,0,0,1,0,0,1,0,0,0,3,2,0,0,0,8,3,5.648632824,7,2,0,3,0,77,22,11,0,7577.940063,839.340004,26477.51978,2474.420013,32479.92017,129,151,15,13,0,0,0,0,0,20,0,1,0,2,2,0,102,2,7,61,52,47,52,87,3,3,1,1,0,38,32,27,29,40,2,3,0,32,979,319,20,4,12,128,76,68,144,0,0,0,0,74,7,3,10,57,386,67,0,666,195,1,1,1,0.608510426,17,32.50760651,69849.13989,0,https://www.fifa.com/en/tournaments/mens/worldcup/canadamexicousa2026/statistics/player-statistics
394829,Fabian BALBUENA,BALBUENA,Defender,DF,23/08/1991,34,Older,5,1,0.7,0.7,0,0,0,0,,0,0,,0,0,0,0,0,,TRUE,FALSE,FALSE,FALSE,TRUE,FALSE,FALSE,FALSE,FALSE,0,0,0,0,0,0,0,0,0,0,0,0,0,0,0,0,0,1.546011925,0,0,0,0,0,0,0,0,0,15.26000023,0,22.19000244,24.34000015,28.25,0,0,0,0,0,0,0,0,0,0,0,0,0,0,0,0,0,0,0,0,0,0,0,0,0,0,0,0,0,0,0,0,0,0,0,0,0,0,0,0,0,0,0,0,0,0,0,0,0,0,0,0,0,0,0,0,0,0,0,2,1,1,0,0,0.026099475,0,21.55852699,90.04000092,0,https://www.fifa.com/en/tournaments/mens/worldcup/canadamexicousa2026/statistics/player-statistics
418963,Facundo MEDINA,MEDINA,Defender,DF,28/05/1999,27,Younger,25,5,350.1,70,0,1,0,0,,163,150,92.00%,3,0.77,2,0.51,0,,TRUE,FALSE,TRUE,TRUE,TRUE,FALSE,TRUE,FALSE,TRUE,0,0,0,0,0,0,0,0,0,0,0,0,0,0,0,0,0,3.776944935,0,0,0,5,2,63,15,2,0,4512.210047,741.6099916,16048.20023,1591.880043,13512.17012,87,97,14,2,0,0,0,0,0,1,0,0,0,0,0,0,28,0,1,18,14,14,17,23,2,2,2,2,0,8,7,7,7,18,0,0,0,15,328,129,5,46,39,66,37,114,151,1,0,0,0,43,20,5,5,41,99,46,0,409,121,2,2,0,0.533723221,24,32.27468109,36406.06964,1,https://www.fifa.com/en/tournaments/mens/worldcup/canadamexicousa2026/statistics/player-statistics
385139,Farrukh SAYFIEV,SAYFIEV,Defender,DF,17/01/1991,35,Older,4,1,55.5,55.5,0,0,0,0,,14,12,85.70%,0,0,2,3.24,0,,TRUE,FALSE,FALSE,FALSE,TRUE,FALSE,FALSE,FALSE,FALSE,0,0,0,0,0,0,0,0,0,0,0,0,0,0,0,2,0,2.074997743,1,0,0,1,0,5,0,0,0,831.6400146,145.1299896,2092.659668,442.7799988,2257.929932,11,14,1,0,0,0,0,0,0,0,0,0,0,0,0,0,7,2,0,3,3,1,1,7,2,2,0,0,0,2,2,0,0,4,2,0,0,4,29,13,3,2,2,1,1,4,5,0,0,0,0,3,4,3,0,13,1,13,0,71,31,1,0,1,0.287911773,2,30.56848907,5770.139648,0,https://www.fifa.com/en/tournaments/mens/worldcup/canadamexicousa2026/statistics/player-statistics
402979,Felix TORRES,TORRES,Defender,DF,11/01/1997,29,Older,2,1,12.9,12.9,0,0,0,0,,0,0,,0,0,0,0,0,,TRUE,FALSE,FALSE,FALSE,TRUE,FALSE,FALSE,FALSE,FALSE,0,0,0,0,0,0,0,0,0,0,0,0,0,0,0,0,0,1.146725774,0,0,0,0,0,1,1,0,0,36.13000107,0,394.8299561,4.019999981,554.2700195,0,0,0,0,0,0,0,0,0,0,0,0,0,0,0,0,0,0,0,0,0,0,0,0,0,0,0,0,0,0,0,0,0,0,0,0,0,0,0,0,0,0,0,0,0,0,0,0,0,0,0,0,0,0,0,0,0,0,0,5,0,1,0,0,0.00097825,0,20.51953125,989.25,0,https://www.fifa.com/en/tournaments/mens/worldcup/canadamexicousa2026/statistics/player-statistics
484113,Ferdi KADIOGLU,F. KADIOĞLU,Defender,DF,7/10/1999,26,Younger,20,2,179.7,89.8,0,0,1,0,0.00%,175,161,92.00%,0,0,3,1.5,0.04,0.00x,TRUE,FALSE,TRUE,TRUE,TRUE,FALSE,TRUE,FALSE,TRUE,0,0,0,0,0,0,0,1,0,0,0,0,1,1,0,6,1,4.364539464,5,0,0,4,0,16,7,2,0,2607.26001,491.3200073,7930.77002,1255.179993,7267.900146,65,81,0,2,0,0,0,0,0,0,0,0,0,0,0,0,64,4,0,10,8,6,6,52,9,7,2,2,3,45,37,32,38,29,2,0,3,20,353,136,25,30,33,34,36,61,97,0,0,0,0,42,32,2,2,39,120,41,0,218,101,0,1,1,0.938988924,22,32.06250763,19552.43066,0,https://www.fifa.com/en/tournaments/mens/worldcup/canadamexicousa2026/statistics/player-statistics
385030,Fidel ESCOBAR,F. ESCOBAR,Defender,DF,9/01/1995,31,Older,4,1,98.9,98.9,0,0,0,0,,27,20,74.10%,1,0.91,0,0,0,,TRUE,FALSE,FALSE,TRUE,TRUE,FALSE,TRUE,FALSE,FALSE,0,0,0,0,0,0,0,0,0,0,0,0,0,0,0,1,1,1.92546765,1,0,0,1,1,16,5,3,0,1097.060059,127.409996,3795.129883,523.5899658,3993.800049,16,22,2,4,0,0,0,0,0,1,0,0,0,0,1,0,22,0,6,12,8,6,6,12,1,1,0,0,1,9,3,0,2,19,0,2,1,12,52,26,2,2,3,3,1,7,8,0,0,0,0,3,1,0,0,20,2,20,0,106,45,0,0,0,0.02970979,1,30.2485714,9536.990234,0,https://www.fifa.com/en/tournaments/mens/worldcup/canadamexicousa2026/statistics/player-statistics
463580,Finn SURMAN,SURMAN,Defender,DF,23/09/2003,22,Younger,16,3,306.8,102.3,1,0,2,1,50.00%,145,135,93.10%,4,1.17,1,0.29,0.24,4.18x,TRUE,FALSE,TRUE,TRUE,TRUE,FALSE,TRUE,FALSE,TRUE,0,0,0,1,1,0,0,0,0,0,2,1,0,0,0,5,0,6.052506288,5,0,0,0,0,28,11,1,0,3588.60968,644.8400116,13789.52051,1286.599945,11621.51001,46,60,5,1,0,0,0,0,0,0,0,1,0,2,0,0,42,1,4,32,29,26,27,37,1,1,0,0,0,9,7,4,4,23,1,2,0,21,310,100,5,0,0,60,21,39,60,0,0,0,0,38,4,0,4,20,123,24,0,310,103,0,0,0,0.24345253,0,33.21973801,30931.08008,0,https://www.fifa.com/en/tournaments/mens/worldcup/canadamexicousa2026/statistics/player-statistics
440748,Francis DE VRIES,DE VRIES,Defender,DF,28/11/1994,31,Older,3,2,32,16,0,0,0,0,,16,7,43.80%,0,0,0,0,0,,TRUE,FALSE,FALSE,FALSE,TRUE,FALSE,FALSE,FALSE,FALSE,0,0,0,0,0,0,0,0,0,0,0,0,0,0,0,1,0,4.922695796,1,0,2,2,1,5,1,0,0,644.0800171,239.7399979,1538.380066,297.7800064,1201.789948,3,9,1,0,0,0,0,0,0,0,0,0,0,0,0,0,9,0,2,3,1,1,1,2,0,0,0,0,0,6,1,1,4,5,0,0,0,0,33,17,0,4,4,5,4,9,13,0,0,0,0,5,3,0,0,4,11,4,0,56,24,2,0,1,0.430873752,2,32.2926712,3921.77002,0,https://www.fifa.com/en/tournaments/mens/worldcup/canadamexicousa2026/statistics/player-statistics
436863,FRANS PUTROS,FRANS,Defender,DF,14/07/1993,32,Older,26,1,105.2,105.2,0,0,0,0,,28,26,92.90%,2,1.71,0,0,0,,TRUE,FALSE,FALSE,TRUE,TRUE,FALSE,TRUE,FALSE,FALSE,0,0,0,0,0,0,0,0,0,0,0,0,0,0,0,0,1,1.954648813,0,1,0,1,0,26,5,2,0,1154.710083,134.6999969,4212.67041,495.039978,4286.100098,11,12,1,2,0,0,0,0,0,0,0,0,0,0,0,0,17,1,0,9,7,6,8,15,2,2,1,1,0,6,6,5,5,7,1,0,0,6,55,28,0,5,2,1,1,7,8,0,0,0,0,2,6,0,0,9,11,9,0,106,32,0,0,0,0.083281085,7,28.61515236,10283.21973,0,https://www.fifa.com/en/tournaments/mens/worldcup/canadamexicousa2026/statistics/player-statistics
483530,Fredrik Andre BJORKAN,BJØRKAN,Defender,DF,21/08/1998,27,Younger,15,1,50.2,50.2,0,0,0,0,,21,19,90.50%,0,0,0,0,0,,TRUE,FALSE,FALSE,FALSE,TRUE,FALSE,FALSE,FALSE,FALSE,0,0,0,0,0,0,0,0,0,0,0,0,0,0,0,1,0,1.149825652,1,0,0,0,0,21,2,0,0,756.3099365,166.8399963,2710.790039,399.289978,1743.560181,14,16,2,0,0,0,0,0,0,0,0,0,0,0,0,0,5,0,0,2,2,2,2,5,0,0,0,0,0,3,3,3,3,5,0,0,0,5,46,16,1,7,5,6,3,15,18,0,0,0,0,8,2,1,0,7,13,7,0,70,29,0,1,0,0.070143506,1,30.97607803,5776.790039,0,https://www.fifa.com/en/tournaments/mens/worldcup/canadamexicousa2026/statistics/player-statistics
483276,Gabriel GUDMUNDSSON,GUDMUNDSSON,Defender,DF,29/04/1999,27,Younger,5,4,356,89,0,0,0,0,,147,112,76.20%,5,1.26,7,1.77,0,,TRUE,FALSE,TRUE,TRUE,TRUE,FALSE,TRUE,FALSE,TRUE,0,0,0,0,0,0,0,0,0,0,0,0,0,0,0,4,2,6.209172487,3,2,1,5,1,58,14,7,0,4130.989807,738.1400452,16042.24976,1787.879913,14117.69946,47,70,13,7,0,0,0,0,0,0,0,0,0,0,0,0,61,5,5,23,11,10,13,25,7,1,1,2,0,31,13,12,21,29,0,1,0,11,282,136,8,10,10,31,10,41,51,0,0,0,0,22,11,1,5,39,77,44,0,340,137,0,3,1,0.309812959,29,33.6595993,36816.96143,1,https://www.fifa.com/en/tournaments/mens/worldcup/canadamexicousa2026/statistics/player-statistics
430601,GABRIEL MAGALHAES,GABRIEL,Defender,DF,19/12/1997,28,Older,3,5,520.8,104.2,0,1,1,0,0.00%,431,413,95.80%,1,0.17,3,0.52,0.03,0.00x,TRUE,FALSE,TRUE,TRUE,TRUE,FALSE,TRUE,FALSE,TRUE,0,1,0,1,0,0,0,0,0,0,1,0,0,0,0,2,2,5.858175468,2,2,0,0,0,23,8,9,0,5583.069763,669.8099976,21653.62012,1554.929993,21375.14893,102,114,8,11,0,0,0,0,0,16,0,0,0,0,2,0,94,0,7,50,44,40,43,81,2,1,0,0,2,42,36,31,33,27,0,4,1,24,876,247,19,3,2,52,25,32,57,0,0,0,0,29,2,0,6,16,385,22,0,500,122,0,0,0,0.596228689,0,31.72514343,50836.5791,0,https://www.fifa.com/en/tournaments/mens/worldcup/canadamexicousa2026/statistics/player-statistics
466862,Garven METUSALA,METUSALA,Defender,DF,31/12/1999,26,Younger,14,0,0,,0,0,0,0,,0,0,,0,,0,,0,,FALSE,FALSE,FALSE,FALSE,TRUE,FALSE,FALSE,FALSE,FALSE,0,0,0,0,0,0,0,0,0,0,0,0,0,0,0,0,0,0,0,0,0,0,0,0,0,0,0,0,0,0,0,0,0,0,0,0,0,0,0,0,0,0,0,0,0,0,0,0,0,0,0,0,0,0,0,0,0,0,0,0,0,0,0,0,0,0,0,0,0,0,0,0,0,0,0,0,0,0,0,0,0,0,0,0,0,0,0,0,0,0,0,0,0,0,0,0,0,0,0,0,0,https://www.fifa.com/en/tournaments/mens/worldcup/canadamexicousa2026/statistics/player-statistics
477853,Gedeon KALULU,KALULU,Defender,DF,29/08/1997,28,Older,24,1,10.2,10.2,0,0,0,0,,6,5,83.30%,0,0,0,0,0,,TRUE,FALSE,FALSE,FALSE,TRUE,FALSE,FALSE,FALSE,FALSE,0,0,0,0,0,0,0,0,0,0,0,0,0,0,0,0,0,1.697252631,0,0,0,0,0,3,3,0,0,208.8700104,23.20000076,418.25,116.4700012,420.0499878,1,1,0,0,0,0,0,0,0,0,0,0,0,0,0,0,4,1,0,1,0,0,0,1,1,0,0,0,0,2,1,1,1,0,0,0,0,0,11,4,0,1,2,0,1,2,3,0,0,0,0,0,4,0,0,0,5,0,0,20,6,1,0,0,0.034747787,1,27.97650528,1186.839966,0,https://www.fifa.com/en/tournaments/mens/worldcup/canadamexicousa2026/statistics/player-statistics
407343,Ghislain KONAN,G. KONAN,Defender,DF,27/12/1995,30,Older,3,3,303.6,101.2,0,0,4,0,0.00%,149,124,83.20%,0,0,1,0.3,0.28,0.00x,TRUE,TRUE,TRUE,TRUE,TRUE,FALSE,TRUE,FALSE,TRUE,0,2,1,0,0,0,1,2,0,0,3,0,2,1,0,13,2,4.389027238,11,2,0,9,2,67,12,1,0,3782.97998,529.1700134,10918.7395,1458.579956,12934.06982,74,104,14,1,0,0,0,0,0,0,0,0,0,0,0,0,76,4,5,33,26,21,24,50,9,4,1,3,2,34,20,14,23,52,2,3,1,33,313,141,8,19,25,18,14,48,62,0,0,0,0,30,13,5,4,56,80,60,0,323,120,0,1,9,0.235698957,28,31.3714695,29623.54102,0,https://www.fifa.com/en/tournaments/mens/worldcup/canadamexicousa2026/statistics/player-statistics
441333,Gideon MENSAH,MENSAH,Defender,DF,18/07/1998,27,Younger,14,4,414.3,103.6,0,0,0,0,,182,156,85.70%,2,0.43,2,0.43,0,,TRUE,FALSE,TRUE,TRUE,TRUE,FALSE,TRUE,FALSE,TRUE,0,0,0,0,0,0,0,0,0,0,0,0,0,0,0,3,2,5.74300158,1,2,0,3,0,63,18,9,0,4165.22998,727.6100006,16024.90942,1946.330048,16833.8999,59,77,10,9,0,0,0,0,0,0,0,0,0,0,0,0,80,4,13,34,22,15,17,50,6,2,0,0,2,40,26,18,21,32,1,6,1,19,378,171,5,15,23,23,4,57,61,0,0,0,0,23,7,2,4,31,128,35,0,365,158,0,0,1,0.109905349,20,33.22658539,39697.98047,0,https://www.fifa.com/en/tournaments/mens/worldcup/canadamexicousa2026/statistics/player-statistics
441146,GONCALO INACIO,G. INÁCIO,Defender,DF,25/08/2001,24,Younger,14,0,0,,0,0,0,0,,0,0,,0,,0,,0,,FALSE,FALSE,FALSE,FALSE,TRUE,FALSE,FALSE,FALSE,FALSE,0,0,0,0,0,0,0,0,0,0,0,0,0,0,0,0,0,0,0,0,0,0,0,0,0,0,0,0,0,0,0,0,0,0,0,0,0,0,0,0,0,0,0,0,0,0,0,0,0,0,0,0,0,0,0,0,0,0,0,0,0,0,0,0,0,0,0,0,0,0,0,0,0,0,0,0,0,0,0,0,0,0,0,0,0,0,0,0,0,0,0,0,0,0,0,0,0,0,0,0,0,https://www.fifa.com/en/tournaments/mens/worldcup/canadamexicousa2026/statistics/player-statistics
402926,Gonzalo MONTIEL,MONTIEL,Defender,DF,1/01/1997,29,Older,4,6,241.7,40.3,0,1,1,0,0.00%,100,81,81.00%,4,1.49,2,0.74,0.15,0.00x,TRUE,FALSE,TRUE,TRUE,TRUE,FALSE,TRUE,FALSE,TRUE,0,1,0,0,0,0,0,0,0,1,1,0,0,0,0,0,0,4.959640801,0,0,0,5,0,21,7,0,0,3724.4599,450.7100067,10730.82983,1388.210007,10029.76965,34,52,3,0,0,0,0,0,0,0,0,0,0,0,0,0,15,0,3,8,5,4,5,9,0,0,0,0,0,7,4,3,4,6,0,1,0,4,208,84,10,37,26,12,22,53,75,0,0,0,0,25,23,5,1,38,56,39,0,330,106,4,2,0,4.300402492,15,33.19083786,26323.97998,1,https://www.fifa.com/en/tournaments/mens/worldcup/canadamexicousa2026/statistics/player-statistics
359634,Grant Hanley,HANLEY,Defender,DF,20/11/1991,34,Older,5,2,203.9,101.9,0,0,0,0,,101,94,93.10%,1,0.44,0,0,0,,TRUE,FALSE,TRUE,TRUE,TRUE,FALSE,TRUE,FALSE,TRUE,0,0,0,0,0,0,0,0,0,0,0,0,0,0,0,0,3,3.883597374,0,3,0,0,0,11,2,2,0,1846.959961,222.5499954,8399.149902,550.0700226,8756.220215,24,28,2,2,0,0,0,0,0,0,0,0,0,0,0,0,40,5,5,24,19,13,14,28,5,2,0,0,0,11,7,1,1,16,2,4,0,10,206,61,3,0,0,41,12,29,41,1,0,0,0,21,1,0,2,12,86,14,0,173,45,0,0,0,0.13365775,0,32.3835144,19774.9502,0,https://www.fifa.com/en/tournaments/mens/worldcup/canadamexicousa2026/statistics/player-statistics
486317,Guela DOUE,G. DOUE,Defender,DF,17/10/2002,23,Younger,17,4,311.2,77.8,0,0,1,0,0.00%,163,143,87.70%,6,1.74,5,1.45,0.01,0.00x,TRUE,FALSE,TRUE,TRUE,TRUE,FALSE,TRUE,FALSE,TRUE,0,1,0,0,0,0,0,1,0,0,1,0,0,0,0,5,2,6.194453716,2,2,0,11,5,78,19,2,0,4065.109802,793.6900139,12769.56958,1731.470039,11971.23993,80,101,12,2,0,0,0,0,0,0,0,0,0,0,0,0,66,3,5,24,20,14,16,50,9,5,1,4,2,33,25,18,23,39,3,3,1,31,343,144,10,29,38,18,26,59,85,0,0,0,0,25,28,3,5,68,82,73,0,353,132,1,1,0,0.580063272,27,33.79646683,31331.07959,1,https://www.fifa.com/en/tournaments/mens/worldcup/canadamexicousa2026/statistics/player-statistics
368660,Guillermo VARELA,G. VARELA,Defender,DF,24/03/1993,33,Older,13,3,313.3,104.4,0,0,2,0,0.00%,134,119,88.80%,1,0.29,1,0.29,0.01,0.00x,TRUE,FALSE,TRUE,TRUE,TRUE,FALSE,TRUE,FALSE,TRUE,0,2,0,0,0,0,2,0,0,0,0,0,0,2,0,2,1,6.272504648,1,1,0,10,3,20,5,5,0,4062.189819,795.8100281,13502,1943.320068,12447.47998,57,74,8,6,0,0,0,0,0,0,0,0,0,0,1,0,53,3,5,16,14,8,8,43,8,6,3,4,1,29,23,17,20,31,3,3,0,24,271,125,11,33,49,33,24,91,115,0,0,0,0,38,26,4,3,31,79,34,0,352,149,0,0,1,0.54993318,30,33.28702927,32750.80078,1,https://www.fifa.com/en/tournaments/mens/worldcup/canadamexicousa2026/statistics/player-statistics
483304,Gustaf LAGERBIELKE,LAGERBIELKE,Defender,DF,10/04/2000,26,Younger,2,4,400.9,100.2,0,0,3,1,0.00%,206,173,84.00%,1,0.22,3,0.67,0.13,0.00x,TRUE,TRUE,TRUE,TRUE,TRUE,FALSE,TRUE,FALSE,TRUE,0,0,0,2,0,0,0,0,0,0,3,1,2,0,0,2,1,6.179387212,2,1,0,1,0,50,14,3,0,5359.199951,398.1500244,18477.16016,1552.019989,15523.9397,52,78,8,5,0,0,0,0,0,0,0,0,0,3,2,0,103,7,15,54,38,29,32,65,7,4,0,0,0,42,23,14,20,57,4,5,0,35,433,162,10,0,8,38,11,35,46,1,0,0,0,29,11,0,5,30,167,35,0,436,119,0,0,1,0.497732218,9,30.29810524,41310.46973,0,https://www.fifa.com/en/tournaments/mens/worldcup/canadamexicousa2026/statistics/player-statistics
369744,Gustavo GOMEZ,G. GÓMEZ,Defender,DF,6/05/1993,33,Older,15,5,554.5,110.9,0,0,2,0,0.00%,91,80,87.90%,3,0.49,2,0.32,0.07,0.00x,TRUE,FALSE,TRUE,TRUE,TRUE,FALSE,TRUE,FALSE,TRUE,0,1,0,1,0,0,1,0,0,0,2,0,1,0,0,0,0,5.316272354,0,0,0,0,0,31,10,8,0,3871.440002,598.1999702,17731.68042,1452.050003,25429.34082,11,20,9,8,0,0,0,0,0,0,0,0,0,2,0,0,18,0,4,8,6,4,4,10,0,0,0,0,0,10,4,2,6,6,0,2,0,1,188,74,5,2,1,6,6,3,9,1,0,0,0,3,3,1,4,3,79,7,0,342,109,0,0,0,0.319681039,0,32.33555222,49082.71191,0,https://www.fifa.com/en/tournaments/mens/worldcup/canadamexicousa2026/statistics/player-statistics
463902,Gustavo PUERTA,PUERTA,Defender,DF,23/07/2003,22,Younger,14,5,520.1,104,0,1,14,5,0.00%,290,264,91.00%,9,1.56,8,1.38,0.53,0.00x,TRUE,TRUE,TRUE,TRUE,TRUE,FALSE,TRUE,FALSE,TRUE,0,3,0,1,0,0,4,9,0,0,3,2,4,11,3,9,3,6.631954002,9,2,0,2,0,147,30,2,0,8541.839844,515.3999939,25330.56934,2626.940094,20377.6001,156,185,22,2,0,0,0,0,0,0,0,0,0,0,0,0,70,1,2,27,25,23,24,57,4,2,2,3,0,39,30,28,36,36,0,2,0,29,643,233,40,48,108,104,145,115,260,0,0,0,0,99,44,3,8,108,199,116,0,742,195,0,1,4,2.101868287,5,31.32606506,57392.34961,1,https://www.fifa.com/en/tournaments/mens/worldcup/canadamexicousa2026/statistics/player-statistics
486875,Gustavo VELAZQUEZ,VELÁZQUEZ,Defender,DF,17/04/1991,35,Older,2,5,293.8,58.8,0,0,0,0,,80,57,71.30%,2,0.61,0,0,0,,TRUE,FALSE,TRUE,TRUE,TRUE,FALSE,TRUE,FALSE,TRUE,0,0,0,0,0,0,0,0,0,0,0,0,0,0,0,1,3,5.351157665,1,3,0,4,0,24,3,1,0,2203.220001,329.2500057,10045.04041,913.4700165,11890.1795,19,34,3,1,0,0,0,0,0,0,0,0,0,0,0,0,52,5,10,24,11,8,9,17,6,1,0,1,0,22,5,2,7,32,1,2,0,9,177,80,1,2,3,15,6,14,20,0,0,0,0,10,5,0,1,10,67,11,0,197,66,3,0,0,0.201970748,10,31.9338913,25381.1604,0,https://www.fifa.com/en/tournaments/mens/worldcup/canadamexicousa2026/statistics/player-statistics
448363,Hannes DELCROIX,DELCROIX,Defender,DF,28/02/1999,27,Younger,5,3,306.9,102.3,0,0,0,0,,151,146,96.70%,1,0.29,2,0.59,0,,TRUE,FALSE,TRUE,TRUE,TRUE,FALSE,TRUE,FALSE,TRUE,0,0,0,0,0,0,0,0,0,0,0,0,0,0,0,1,1,5.865223408,1,1,0,1,0,21,9,4,0,3404.910034,480.2899857,13647.37012,1049.220032,11424.44995,28,32,9,6,0,0,0,0,0,9,0,0,0,0,2,0,51,2,7,33,30,23,24,45,2,1,0,0,0,16,14,7,7,16,1,6,0,13,302,120,3,0,2,9,3,8,11,0,0,0,0,6,0,0,4,12,121,16,0,298,89,0,0,0,0.246220678,1,32.22296143,30006.24121,0,https://www.fifa.com/en/tournaments/mens/worldcup/canadamexicousa2026/statistics/player-statistics
430442,Harry SOUTTAR,SOUTTAR,Defender,DF,22/10/1998,27,Younger,19,4,438.2,109.6,0,0,1,1,0.00%,199,171,85.90%,8,1.64,1,0.21,0.05,0.00x,TRUE,FALSE,TRUE,TRUE,TRUE,FALSE,TRUE,FALSE,TRUE,0,0,0,1,0,0,0,0,0,0,1,1,0,0,0,3,3,5.867697001,3,1,0,0,0,18,6,6,0,4193.320068,316.0500145,20176.95947,985.6100006,17363.96851,51,67,4,7,0,0,0,0,0,0,0,0,0,1,1,0,93,4,18,48,29,20,26,53,8,3,0,1,3,37,21,10,12,38,1,8,2,20,409,146,8,3,2,27,20,12,32,0,0,0,0,10,6,0,5,41,148,46,0,370,82,0,0,1,0.449477874,0,30.68354034,43035.91113,1,https://www.fifa.com/en/tournaments/mens/worldcup/canadamexicousa2026/statistics/player-statistics
403335,HASSAN ALTAMBAKTI,ALTAMBAKTI,Defender,DF,9/02/1999,27,Younger,5,3,237.7,79.2,0,0,0,0,,87,71,81.60%,0,0,1,0.38,0,,TRUE,FALSE,TRUE,TRUE,TRUE,FALSE,TRUE,FALSE,TRUE,0,0,0,0,0,0,0,0,0,0,0,0,0,0,0,3,0,5.619958719,2,0,0,0,0,26,7,3,0,2551.519989,263.5200272,10355.04041,827.2800064,8704.610474,29,43,5,3,0,0,0,0,0,0,0,0,0,0,0,0,31,2,2,18,9,9,14,14,2,0,0,0,0,11,5,5,7,20,0,0,0,8,184,75,1,0,1,18,10,9,19,0,1,0,0,5,1,0,2,22,61,24,0,252,67,0,1,0,0.180683705,1,32.15462112,22701.96851,0,https://www.fifa.com/en/tournaments/mens/worldcup/canadamexicousa2026/statistics/player-statistics
401924,HASSAN KADISH,KADISH,Defender,DF,26/09/1992,33,Older,14,0,0,,0,0,0,0,,0,0,,0,,0,,0,,FALSE,FALSE,FALSE,FALSE,TRUE,FALSE,FALSE,FALSE,FALSE,0,0,0,0,0,0,0,0,0,0,0,0,0,0,0,0,0,0,0,0,0,0,0,0,0,0,0,0,0,0,0,0,0,0,0,0,0,0,0,0,0,0,0,0,0,0,0,0,0,0,0,0,0,0,0,0,0,0,0,0,0,0,0,0,0,0,0,0,0,0,0,0,0,0,0,0,0,0,0,0,0,0,0,0,0,0,0,0,0,0,0,0,0,0,0,0,0,0,0,0,0,https://www.fifa.com/en/tournaments/mens/worldcup/canadamexicousa2026/statistics/player-statistics
520112,Henrik FALCHENER,FALCHENER,Defender,DF,8/05/2003,23,Younger,25,1,71.2,71.2,0,0,0,0,,23,18,78.30%,0,0,0,0,0,,TRUE,FALSE,FALSE,FALSE,TRUE,FALSE,FALSE,FALSE,FALSE,0,0,0,0,0,0,0,0,0,0,0,0,0,0,0,0,0,0.967241446,0,0,0,0,0,2,1,0,0,729.5599976,188.1699982,2942.070068,269.0800171,2763.080078,9,12,0,0,0,0,0,0,0,0,0,0,0,0,0,0,6,0,2,3,2,1,1,3,0,0,0,0,0,3,1,0,1,3,0,1,0,2,52,22,0,0,0,0,0,0,0,0,0,0,0,0,0,0,0,8,16,8,0,64,23,0,1,0,0.078081153,0,33.16184235,6891.959961,0,https://www.fifa.com/en/tournaments/mens/worldcup/canadamexicousa2026/statistics/player-statistics
514639,Herman JOHANSSON,H. JOHANSSON,Defender,DF,16/10/1997,28,Older,6,0,0,,0,0,0,0,,0,0,,0,,0,,0,,FALSE,FALSE,FALSE,FALSE,TRUE,FALSE,FALSE,FALSE,FALSE,0,0,0,0,0,0,0,0,0,0,0,0,0,0,0,0,0,0,0,0,0,0,0,0,0,0,0,0,0,0,0,0,0,0,0,0,0,0,0,0,0,0,0,0,0,0,0,0,0,0,0,0,0,0,0,0,0,0,0,0,0,0,0,0,0,0,0,0,0,0,0,0,0,0,0,0,0,0,0,0,0,0,0,0,0,0,0,0,0,0,0,0,0,0,0,0,0,0,0,0,0,https://www.fifa.com/en/tournaments/mens/worldcup/canadamexicousa2026/statistics/player-statistics
403274,Hiroki ITO,H. ITO,Defender,DF,12/05/1999,27,Younger,21,4,405.8,101.5,0,0,1,0,0.00%,199,178,89.40%,7,1.55,0,0,0.04,0.00x,TRUE,FALSE,TRUE,TRUE,TRUE,FALSE,TRUE,FALSE,TRUE,0,0,0,0,0,0,0,1,0,0,0,0,1,1,0,2,2,5.847076297,1,1,0,10,2,34,14,4,0,4033.690063,610.2400131,16298.15039,1450.940002,17140.59961,50,64,23,4,0,0,0,0,0,0,0,0,0,0,0,0,86,8,5,35,29,21,22,60,11,3,0,2,1,40,28,20,26,37,3,5,0,25,417,154,11,9,19,53,16,65,81,0,0,0,0,35,11,1,0,46,144,46,0,358,119,0,0,0,0.251358138,19,32.87845612,39533.62012,0,https://www.fifa.com/en/tournaments/mens/worldcup/canadamexicousa2026/statistics/player-statistics
483319,Hjalmar EKDAL,EKDAL,Defender,DF,21/10/1998,27,Younger,14,0,0,,0,0,0,0,,0,0,,0,,0,,0,,FALSE,FALSE,FALSE,FALSE,TRUE,FALSE,FALSE,FALSE,FALSE,0,0,0,0,0,0,0,0,0,0,0,0,0,0,0,0,0,0,0,0,0,0,0,0,0,0,0,0,0,0,0,0,0,0,0,0,0,0,0,0,0,0,0,0,0,0,0,0,0,0,0,0,0,0,0,0,0,0,0,0,0,0,0,0,0,0,0,0,0,0,0,0,0,0,0,0,0,0,0,0,0,0,0,0,0,0,0,0,0,0,0,0,0,0,0,0,0,0,0,0,0,https://www.fifa.com/en/tournaments/mens/worldcup/canadamexicousa2026/statistics/player-statistics
419441,HOMAM AHMED,HOMAM,Defender,DF,25/08/1999,26,Younger,14,2,134.3,67.1,0,0,1,0,0.00%,33,25,75.80%,4,2.68,0,0,0,0.00x,TRUE,FALSE,FALSE,TRUE,TRUE,FALSE,TRUE,FALSE,FALSE,0,0,0,0,0,0,1,0,0,0,0,0,0,1,0,1,0,5.864308596,1,0,0,3,1,45,6,0,1,1658.870056,398.9199448,5710.189575,702.9700623,5155.279907,16,26,3,0,0,0,0,0,0,0,0,0,0,0,0,0,18,1,2,7,4,4,4,10,2,1,1,1,0,9,5,5,6,12,0,0,0,5,75,33,4,13,6,1,5,15,20,0,0,0,0,8,7,1,0,13,21,13,1,157,57,0,0,1,0.110838277,4,32.64027405,13626.23096,0,https://www.fifa.com/en/tournaments/mens/worldcup/canadamexicousa2026/statistics/player-statistics
483182,HOSSAM ABDELMAGUID,HOSSAM,Defender,DF,30/04/2001,25,Younger,4,2,73.8,36.9,0,0,0,0,,32,28,87.50%,1,1.22,0,0,0,,TRUE,FALSE,FALSE,FALSE,TRUE,FALSE,FALSE,FALSE,FALSE,0,0,0,0,0,0,0,0,0,0,0,0,0,0,0,0,0,2.149712944,0,0,0,0,0,11,3,0,0,752.0799866,117.9200039,2713.449951,318.3400116,2849.900116,6,10,4,0,0,0,0,0,0,0,0,0,0,0,0,0,5,0,1,4,1,1,3,1,0,0,0,0,0,1,0,0,0,4,0,0,0,0,71,26,3,0,0,5,4,1,5,0,0,0,0,3,0,0,0,7,25,7,0,62,26,2,1,0,0.203631173,0,29.09526443,6751.690063,0,https://www.fifa.com/en/tournaments/mens/worldcup/canadamexicousa2026/statistics/player-statistics
390534,Hossein KANANI,KANANI,Defender,DF,23/03/1994,32,Older,13,2,154.1,77.1,0,0,1,1,0.00%,34,33,97.10%,1,0.58,0,0,0.02,0.00x,TRUE,FALSE,FALSE,TRUE,TRUE,FALSE,TRUE,FALSE,FALSE,0,0,0,0,0,0,0,1,0,0,1,1,0,0,0,2,3,3.939448516,2,2,0,0,0,17,5,0,0,1384.109985,79.56000137,6383.27002,383.5700073,6518.69043,12,16,2,0,0,0,0,0,0,0,0,0,0,0,0,0,13,0,3,7,6,4,4,11,0,0,0,0,0,6,5,3,3,10,0,2,0,8,75,29,2,0,0,4,1,3,4,0,0,0,0,1,2,0,1,7,28,8,0,123,27,0,1,0,0.156287357,0,28.0731945,14749.19971,1,https://www.fifa.com/en/tournaments/mens/worldcup/canadamexicousa2026/statistics/player-statistics
489550,HUSAM ABUDAHAB,ABU DAHAB,Defender,DF,13/05/2000,26,Younger,4,2,191,95.5,0,0,0,0,,58,43,74.10%,2,0.94,1,0.47,0,,TRUE,FALSE,TRUE,TRUE,TRUE,FALSE,TRUE,FALSE,TRUE,0,0,0,0,0,0,0,0,0,0,0,0,0,0,0,0,0,4.157924493,0,0,0,0,0,42,14,0,0,2143.460083,372.9599915,8791.629883,845.4100037,7695.130127,21,31,4,0,0,0,0,0,0,0,0,0,0,0,0,0,36,0,6,17,9,9,11,18,1,1,0,0,1,18,8,7,11,25,0,0,1,10,112,57,4,1,4,17,8,14,22,0,0,0,0,6,0,0,1,14,34,15,0,206,75,0,2,0,0.050625775,11,32.36971283,19848.59082,1,https://www.fifa.com/en/tournaments/mens/worldcup/canadamexicousa2026/statistics/player-statistics
479553,Hussein Ali,HUSSEIN,Defender,DF,1/03/2002,24,Younger,3,2,174,87,0,0,1,0,0.00%,40,32,80.00%,1,0.52,0,0,0.01,0.00x,TRUE,FALSE,FALSE,TRUE,TRUE,FALSE,TRUE,FALSE,FALSE,0,0,0,0,0,0,0,1,0,0,1,0,1,0,0,3,0,4.1828173,2,0,0,2,0,20,3,0,0,2126.820068,499.1099854,7472.620361,840.6300049,7272.139893,15,24,9,0,0,0,0,0,0,0,0,0,0,0,0,0,16,0,2,3,1,0,1,10,2,2,2,2,0,11,7,6,9,10,0,1,0,7,82,39,3,24,18,2,3,41,44,1,0,0,0,6,10,2,0,8,29,8,0,179,71,0,1,0,0.243947007,8,32.11220551,18211.3208,0,https://www.fifa.com/en/tournaments/mens/worldcup/canadamexicousa2026/statistics/player-statistics
419166,Ibrahima KONATE,KONATE,Defender,DF,25/05/1999,27,Younger,15,2,69.4,34.7,0,0,0,0,,34,32,94.10%,2,2.59,1,1.3,0,,TRUE,FALSE,FALSE,FALSE,TRUE,FALSE,FALSE,FALSE,FALSE,0,0,0,0,0,0,0,0,0,0,0,0,0,0,0,1,0,1.42184484,1,0,0,0,0,12,5,0,0,696.9299774,144.0700073,2220.330078,307.1199951,3096.089966,10,12,2,1,0,0,0,0,0,0,0,0,0,0,1,0,10,0,1,7,7,6,6,10,0,0,0,0,0,3,3,2,2,7,0,1,0,7,71,23,3,0,0,9,7,2,9,0,0,0,0,6,0,0,0,2,32,2,0,57,23,1,1,0,0.291097421,0,30.55231476,6464.539795,0,https://www.fifa.com/en/tournaments/mens/worldcup/canadamexicousa2026/statistics/player-statistics
506039,Ime OKON,OKON,Defender,DF,20/02/2004,22,Younger,21,4,402.1,100.5,0,0,1,0,0.00%,280,257,91.80%,1,0.22,1,0.22,0.01,0.00x,TRUE,FALSE,TRUE,TRUE,TRUE,FALSE,TRUE,FALSE,TRUE,0,0,0,1,0,0,0,0,0,0,1,0,1,0,0,4,2,5.899427533,4,1,0,0,0,22,5,8,0,5392.239868,682.3199921,15970.14014,2121.789978,15396.23022,62,82,3,8,0,0,0,0,0,5,0,0,0,1,0,0,76,2,14,53,37,30,37,49,2,1,0,0,0,21,11,4,5,42,1,6,0,26,582,199,13,1,2,49,14,38,52,0,0,0,0,22,3,0,5,41,222,46,0,460,183,0,0,0,0.212967077,1,33.79519653,39562.7207,0,https://www.fifa.com/en/tournaments/mens/worldcup/canadamexicousa2026/statistics/player-statistics
483312,Isak HIEN,HIEN,Defender,DF,13/01/1999,27,Younger,4,3,237.6,79.2,0,0,0,0,,128,122,95.30%,3,1.14,3,1.14,0,,TRUE,FALSE,TRUE,TRUE,TRUE,FALSE,TRUE,FALSE,TRUE,0,0,0,0,0,0,0,0,0,0,0,0,0,0,0,0,1,4.322377801,0,1,0,0,0,13,8,4,0,2128.029785,412.3600082,10359.68005,829.1299896,8729.290039,47,51,13,4,0,0,0,0,0,4,0,0,0,0,0,0,21,0,3,11,9,8,8,14,1,0,0,0,1,9,5,4,5,10,0,1,0,6,271,100,6,0,0,26,19,7,26,0,0,0,0,14,1,0,2,15,104,17,0,173,69,0,1,0,0.229313809,0,33.47033691,22458.49048,1,https://www.fifa.com/en/tournaments/mens/worldcup/canadamexicousa2026/statistics/player-statistics
430671,Ismail JAKOBS,JAKOBS,Defender,DF,17/08/1999,26,Younger,14,3,257.1,85.7,0,0,1,0,0.00%,117,106,90.60%,2,0.7,0,0,0.11,0.00x,TRUE,FALSE,TRUE,TRUE,TRUE,FALSE,TRUE,FALSE,TRUE,0,0,0,0,0,0,0,1,0,0,1,0,1,0,0,2,0,5.106210351,1,0,9,19,4,51,10,7,0,4499.590027,909.1399841,13702.15063,1766.730042,8587.579956,45,59,13,7,0,0,0,0,0,0,0,0,0,0,0,0,35,2,4,10,7,3,4,25,9,7,4,6,1,16,11,6,9,17,2,2,1,14,236,122,14,40,28,22,25,65,90,0,0,0,0,27,36,6,0,40,51,40,0,384,141,1,1,1,0.780236319,32,34.71910477,29465.19092,0,https://www.fifa.com/en/tournaments/mens/worldcup/canadamexicousa2026/statistics/player-statistics
441261,Israel REYES,I. REYES,Defender,DF,23/05/2000,26,Younger,15,4,237.2,59.3,0,0,2,0,0.00%,102,93,91.20%,1,0.38,0,0,0.06,0.00x,TRUE,FALSE,TRUE,TRUE,TRUE,FALSE,TRUE,FALSE,TRUE,0,0,0,0,0,0,1,0,0,0,2,0,1,0,0,0,6,5.158715916,0,4,0,2,1,11,2,6,0,3083.640121,311.4000092,10819.4104,935.0299759,9674.14978,49,58,3,6,0,0,0,0,0,3,0,0,0,1,0,0,40,2,8,22,16,10,12,27,2,0,0,0,0,16,11,5,6,23,0,6,0,16,206,89,8,7,12,32,9,42,51,0,0,0,0,22,2,1,2,26,63,28,0,272,65,2,0,0,0.171743654,7,30.17633247,24823.62939,0,https://www.fifa.com/en/tournaments/mens/worldcup/canadamexicousa2026/statistics/player-statistics
403083,Issa Diop,ISSA,Defender,DF,9/01/1997,29,Older,14,5,534.5,106.9,1,0,1,1,100.00%,326,299,91.70%,4,0.67,1,0.17,0.12,8.02x,TRUE,FALSE,TRUE,TRUE,TRUE,FALSE,TRUE,FALSE,TRUE,0,0,0,0,1,0,0,0,0,0,1,1,0,0,0,2,1,4.502402385,2,1,0,0,0,22,3,5,0,4758.020325,335.4699936,18153.13989,1259.190002,23530.27026,43,59,4,5,0,0,0,0,0,1,0,1,0,1,0,0,89,2,16,57,39,34,39,50,3,0,0,0,1,29,11,6,10,32,0,5,0,13,676,209,9,1,1,32,9,25,34,0,0,0,0,24,4,0,5,22,296,27,0,413,102,0,1,0,0.578560844,0,32.66193008,48036.0918,3,https://www.fifa.com/en/tournaments/mens/worldcup/canadamexicousa2026/statistics/player-statistics
512791,ISSA LAYE,GUEYE,Defender,DF,22/12/1997,28,Older,4,3,310.3,103.4,0,0,1,0,0.00%,90,85,94.40%,0,0,3,0.87,0.07,0.00x,TRUE,FALSE,TRUE,TRUE,TRUE,FALSE,TRUE,FALSE,TRUE,0,0,0,0,1,0,0,0,0,0,1,0,1,0,0,2,0,5.613707225,1,0,0,0,0,30,6,1,0,3796.42981,313.7200317,13042.77979,1103.810028,10781.59033,32,36,7,1,0,0,0,0,0,0,0,0,0,1,0,0,19,1,1,13,10,10,11,12,1,0,0,0,0,5,2,2,3,3,0,0,0,1,202,82,5,1,8,23,15,17,32,0,0,0,0,10,5,0,2,20,73,22,0,338,88,0,0,1,0.219249558,0,32.51950455,29038.33008,0,https://www.fifa.com/en/tournaments/mens/worldcup/canadamexicousa2026/statistics/player-statistics
430147,Jack Hendry,HENDRY,Defender,DF,7/05/1995,31,Older,13,3,306.8,102.3,0,0,0,0,,180,171,95.00%,1,0.29,3,0.88,0,,TRUE,FALSE,TRUE,TRUE,TRUE,FALSE,TRUE,FALSE,TRUE,0,0,0,0,0,0,0,0,0,0,0,0,0,0,0,8,1,5.9754529,8,0,0,0,0,15,4,5,0,3746.960083,733.5200043,12194.32031,1479.990021,12377.52979,40,51,2,6,0,0,0,0,0,13,0,0,0,0,1,0,45,2,3,30,27,25,25,34,2,0,0,0,0,13,7,5,8,21,0,2,0,12,352,109,6,0,3,45,20,28,48,0,0,0,0,30,2,0,2,18,139,20,0,349,123,0,0,0,0.253479254,2,33.55480957,30532.31934,0,https://www.fifa.com/en/tournaments/mens/worldcup/canadamexicousa2026/statistics/player-statistics
419003,Jackson POROZO,POROZO,Defender,DF,4/08/2000,25,Younger,25,1,36.9,36.9,0,0,0,0,,12,12,100.00%,2,4.88,0,0,0,,TRUE,FALSE,FALSE,FALSE,TRUE,FALSE,FALSE,FALSE,FALSE,0,0,0,0,0,0,0,0,0,0,0,0,0,0,0,0,0,1.328751922,0,0,0,0,0,2,0,0,0,306.5899658,93.98999786,1344.23999,136.4700012,1345.089966,5,5,2,0,0,0,0,0,0,0,0,0,0,0,0,0,0,0,0,0,0,0,0,0,0,0,0,0,0,0,0,0,0,0,0,0,0,0,24,7,0,0,0,0,0,0,0,0,0,0,0,0,1,0,1,0,11,1,0,28,13,1,0,0,0.831996858,0,32.68213272,3226.380127,1,https://www.fifa.com/en/tournaments/mens/worldcup/canadamexicousa2026/statistics/player-statistics
430450,Jacob ITALIANO,ITALIANO,Defender,DF,30/07/2001,24,Younger,4,2,183.2,91.6,0,0,1,0,0.00%,43,33,76.70%,0,0,0,0,0.03,0.00x,TRUE,FALSE,FALSE,TRUE,TRUE,FALSE,TRUE,FALSE,FALSE,0,0,0,0,0,0,0,1,0,0,0,0,1,1,0,7,2,3.446790695,4,2,0,9,3,83,14,0,0,3042.869873,613.9899902,9326.140137,1365.019989,6637.349609,31,49,6,0,0,0,0,0,0,0,0,0,0,0,0,0,14,0,0,2,1,1,2,8,2,1,1,2,0,10,6,6,10,11,0,0,0,7,116,60,2,19,22,3,17,27,44,0,0,0,0,14,25,3,3,21,32,24,0,279,121,0,1,4,0.359965801,4,32.82025528,20985.37012,1,https://www.fifa.com/en/tournaments/mens/worldcup/canadamexicousa2026/statistics/player-statistics
464906,Jakhongir UROZOV,UROZOV,Defender,DF,18/01/2004,22,Younger,26,2,112.2,56.1,0,0,0,0,,45,31,68.90%,0,0,0,0,0,,TRUE,FALSE,FALSE,TRUE,TRUE,FALSE,TRUE,FALSE,FALSE,0,0,0,0,0,0,0,0,0,0,0,0,0,0,0,2,2,4.188459078,2,2,0,0,0,9,5,3,0,1348.119904,83.94000244,5268.939941,481.5800095,4280.330017,6,14,2,3,0,0,0,0,0,0,0,0,0,0,0,0,31,0,11,14,6,3,3,13,1,1,1,1,0,16,6,3,5,8,0,3,0,1,87,46,3,0,2,8,4,6,10,0,0,0,0,3,2,0,1,6,27,7,0,125,39,1,1,0,0.093946964,10,30.77395058,11462.90991,0,https://www.fifa.com/en/tournaments/mens/worldcup/canadamexicousa2026/statistics/player-statistics
489517,Jan Paul VAN HECKE,Jan Paul VAN HECKE,Defender,DF,8/06/2000,26,Younger,6,4,432.6,108.2,1,0,3,2,33.30%,360,335,93.10%,4,0.83,2,0.42,0.15,6.86x,TRUE,TRUE,TRUE,TRUE,TRUE,FALSE,TRUE,FALSE,TRUE,0,0,0,2,0,0,0,0,0,0,3,2,1,0,0,3,4,5.923632026,3,3,0,1,0,56,17,10,0,4304.110107,497.1499939,18604.37891,1480.420044,17765.32983,90,115,11,12,0,0,0,0,0,0,0,1,0,3,2,0,105,3,11,32,25,16,18,84,5,3,0,0,2,68,56,46,52,54,2,7,1,39,739,189,15,2,3,38,13,30,43,0,0,0,0,34,5,0,5,43,305,48,0,374,114,0,0,1,0.346950233,0,31.48904037,42651.39063,0,https://www.fifa.com/en/tournaments/mens/worldcup/canadamexicousa2026/statistics/player-statistics
482869,Jaouen HADJAM,HADJAM,Defender,DF,26/03/2003,23,Younger,13,3,125.4,41.8,0,0,1,0,0.00%,67,56,83.60%,0,0,0,0,0.02,0.00x,TRUE,FALSE,TRUE,TRUE,TRUE,FALSE,TRUE,FALSE,TRUE,0,0,1,0,0,0,0,0,0,0,0,0,1,1,0,13,0,5.144896984,11,0,0,0,0,19,5,0,0,2043.409973,504.1100101,4857.620178,1054.460007,5203.930145,27,41,8,0,0,0,0,0,0,0,0,0,0,0,0,0,15,0,1,2,2,1,1,11,1,0,0,1,0,12,9,8,11,6,0,1,0,4,147,69,3,19,11,4,16,18,34,0,0,0,0,6,10,0,2,24,41,26,0,158,77,2,1,5,1.531096384,9,32.64696503,13663.52991,0,https://www.fifa.com/en/tournaments/mens/worldcup/canadamexicousa2026/statistics/player-statistics
463809,Jarell QUANSAH,QUANSAH,Defender,DF,29/01/2003,23,Younger,26,3,208.9,69.6,0,0,0,0,,106,92,86.80%,2,0.86,2,0.86,0,,TRUE,FALSE,TRUE,TRUE,TRUE,FALSE,TRUE,FALSE,TRUE,0,0,0,0,0,0,0,0,0,0,0,0,0,0,0,1,1,2.964383284,1,0,0,1,0,38,18,4,1,2427.5,327.6900024,8361.109863,1094.619995,8461.48999,32,40,30,4,0,0,0,0,0,0,0,0,0,0,0,0,32,2,1,11,5,4,8,21,2,1,0,0,0,19,15,14,16,15,1,0,0,8,217,93,3,9,12,10,7,24,31,0,0,0,0,13,3,1,5,10,82,15,1,220,86,0,2,0,0.273674563,9,34.09280014,20672.41016,1,https://www.fifa.com/en/tournaments/mens/worldcup/canadamexicousa2026/statistics/player-statistics
441166,Jaroslav ZELENY,ZELENÝ,Defender,DF,20/08/1992,33,Older,20,2,142.5,71.2,0,0,1,0,0.00%,47,35,74.50%,0,0,2,1.26,0.02,0.00x,TRUE,FALSE,FALSE,TRUE,TRUE,FALSE,TRUE,FALSE,FALSE,0,0,0,0,0,0,0,0,0,0,1,0,0,0,0,4,0,4.334322929,3,0,0,2,1,36,3,0,0,1956.279968,269.7200012,6645.480103,943.7399902,5666.329834,24,37,6,0,0,0,0,0,0,0,0,0,0,1,0,0,16,0,4,7,5,3,3,11,1,0,0,1,0,8,6,4,4,13,0,2,0,8,105,54,3,8,11,2,6,15,21,0,0,0,0,6,15,2,3,8,35,11,0,162,69,1,0,1,0.519096985,7,30.37089348,15481.54932,0,https://www.fifa.com/en/tournaments/mens/worldcup/canadamexicousa2026/statistics/player-statistics
339112,Jason GERIA,GERIA,Defender,DF,10/05/1993,33,Older,6,2,75.5,37.7,0,0,0,0,,23,18,78.30%,2,2.38,0,0,0,,TRUE,FALSE,FALSE,FALSE,TRUE,FALSE,FALSE,FALSE,FALSE,0,0,0,0,0,0,0,0,0,0,0,0,0,0,0,1,0,3.24497211,1,0,0,1,0,21,3,0,0,983.5499573,242.890007,3213.780029,383.3200073,3101.489868,5,6,1,0,0,0,0,0,0,0,0,0,0,0,0,0,13,0,1,6,6,5,5,10,0,0,0,0,0,7,4,3,6,2,0,1,0,2,46,29,1,1,0,2,1,2,3,0,0,0,0,1,2,0,0,5,11,5,0,78,29,2,0,0,0.096975427,10,31.58479309,7925.030029,0,https://www.fifa.com/en/tournaments/mens/worldcup/canadamexicousa2026/statistics/player-statistics
419473,JASSEM GABER,JASSEM,Defender,DF,20/02/2002,24,Younger,5,3,167,55.7,0,0,0,0,,32,25,78.10%,7,3.77,0,0,0,,TRUE,FALSE,FALSE,TRUE,TRUE,FALSE,TRUE,FALSE,FALSE,0,0,0,0,0,0,0,0,0,0,0,0,0,0,0,0,1,6.143459479,0,1,0,0,0,85,14,0,0,2504.950073,113.4600029,7728.479736,757.8700562,5948.320068,18,22,13,0,0,0,0,0,0,0,0,0,0,0,0,0,6,1,0,2,1,0,1,4,1,1,0,0,0,3,2,1,2,5,1,0,0,4,69,25,2,5,41,15,47,14,61,0,0,0,0,17,5,0,0,18,14,18,0,232,55,0,3,0,0.42491515,1,28.50379753,17053.07959,1,https://www.fifa.com/en/tournaments/mens/worldcup/canadamexicousa2026/statistics/player-statistics
431781,Jean-Kevin DUVERNE,DUVERNE,Defender,DF,12/07/1997,28,Older,22,2,186.1,93,0,1,1,0,0.00%,69,59,85.50%,2,0.97,1,0.48,0.03,0.00x,TRUE,FALSE,TRUE,TRUE,TRUE,FALSE,TRUE,FALSE,TRUE,0,0,0,0,0,0,1,0,0,0,1,0,1,0,0,7,0,4.123309453,5,0,0,2,1,56,9,0,0,2221.52002,506.7100067,7763.609375,1074.98999,7607.570068,21,30,3,1,0,0,0,0,0,0,0,0,0,0,1,0,21,0,2,10,9,7,8,17,1,1,1,1,0,10,7,5,8,7,0,2,0,7,154,74,3,5,20,28,10,43,53,1,0,0,0,24,6,0,1,20,48,21,0,209,82,0,1,2,0.185847282,8,33.52260208,19174.40039,0,https://www.fifa.com/en/tournaments/mens/worldcup/canadamexicousa2026/statistics/player-statistics
494506,JEHAD THIKRI,JEHAD,Defender,DF,21/07/2001,24,Younger,25,0,0,,0,0,0,0,,0,0,,0,,0,,0,,FALSE,FALSE,FALSE,FALSE,TRUE,FALSE,FALSE,FALSE,FALSE,0,0,0,0,0,0,0,0,0,0,0,0,0,0,0,0,0,0,0,0,0,0,0,0,0,0,0,0,0,0,0,0,0,0,0,0,0,0,0,0,0,0,0,0,0,0,0,0,0,0,0,0,0,0,0,0,0,0,0,0,0,0,0,0,0,0,0,0,0,0,0,0,0,0,0,0,0,0,0,0,0,0,0,0,0,0,0,0,0,0,0,0,0,0,0,0,0,0,0,0,0,https://www.fifa.com/en/tournaments/mens/worldcup/canadamexicousa2026/statistics/player-statistics
486150,Jerome OPOKU,OPOKU,Defender,DF,14/10/1998,27,Younger,18,3,313.9,104.6,0,0,0,0,,115,95,82.60%,2,0.57,4,1.15,0,,TRUE,FALSE,TRUE,TRUE,TRUE,FALSE,TRUE,FALSE,TRUE,0,0,0,0,0,0,0,0,0,0,0,0,0,0,0,2,7,4.205961227,2,4,0,0,0,10,7,4,0,2859.409973,187.3500061,12267.96021,859.719986,13191.37891,17,30,8,4,0,0,0,0,0,0,0,0,0,0,0,0,50,7,8,23,12,6,8,23,7,3,0,0,0,20,8,2,5,19,3,3,0,6,246,95,3,0,2,14,9,7,16,0,0,0,0,9,0,0,0,14,100,14,0,230,74,0,0,1,0.157271033,0,32.70428085,29365.81836,0,https://www.fifa.com/en/tournaments/mens/worldcup/canadamexicousa2026/statistics/player-statistics
402772,Jesus GALLARDO,J. GALLARDO,Defender,DF,15/08/1994,31,Older,23,5,431.4,86.3,0,0,4,0,0.00%,167,140,83.80%,7,1.46,3,0.63,0.12,0.00x,TRUE,TRUE,TRUE,TRUE,TRUE,FALSE,TRUE,FALSE,TRUE,0,0,0,0,0,0,0,4,0,0,2,0,4,2,0,9,2,6.160334969,5,2,0,19,4,69,19,0,0,4776.670044,678.5600071,18402.62024,1617.809967,17810.7301,72,113,7,0,0,0,0,0,0,0,0,0,0,0,0,0,74,5,8,25,15,11,12,39,11,2,2,6,0,38,22,18,25,45,0,4,0,22,366,170,17,36,56,44,20,116,136,0,0,0,0,45,46,6,3,55,100,58,0,395,136,1,0,3,1.078875802,42,33.78214264,43286.38916,0,https://www.fifa.com/en/tournaments/mens/worldcup/canadamexicousa2026/statistics/player-statistics
441622,Jhon LUCUMI,J. LUCUMI,Defender,DF,26/06/1998,27,Younger,3,5,538.5,107.7,0,0,2,0,0.00%,285,262,91.90%,5,0.84,0,0,0.11,0.00x,TRUE,FALSE,TRUE,TRUE,TRUE,FALSE,TRUE,FALSE,TRUE,0,0,0,2,0,0,0,0,0,0,2,0,2,0,0,4,12,4.873304653,4,12,0,0,0,29,12,9,0,3982.510132,576.090004,16339.5603,1333.34993,21591.55054,65,82,11,9,0,0,0,0,0,0,0,0,0,2,0,0,81,6,16,42,29,19,20,48,6,1,0,0,0,33,18,8,11,45,1,9,0,22,605,211,15,0,1,23,5,19,24,0,0,0,0,13,4,0,8,32,240,40,0,350,115,0,1,1,0.306233767,0,34.09806824,43823.05957,1,https://www.fifa.com/en/tournaments/mens/worldcup/canadamexicousa2026/statistics/player-statistics
480310,Jiovany RAMOS,RAMOS,Defender,DF,26/01/1997,29,Older,13,2,186.4,93.2,0,0,2,0,0.00%,121,108,89.30%,2,0.97,1,0.48,0.15,0.00x,TRUE,FALSE,TRUE,TRUE,TRUE,FALSE,TRUE,FALSE,TRUE,0,0,1,0,0,0,1,0,0,0,1,0,2,1,0,7,2,3.983333747,7,1,0,0,0,29,18,1,0,2398.369873,257.6600189,7654.279541,877.5100098,7311.01001,42,57,3,2,0,0,0,0,0,2,0,0,0,0,1,0,53,2,11,31,21,18,18,30,2,0,0,0,0,20,9,6,7,36,0,3,0,17,258,97,6,2,3,19,8,16,24,0,0,0,0,12,1,0,2,14,108,16,0,205,63,0,1,3,0.146354262,0,31.70173645,18498.83057,0,https://www.fifa.com/en/tournaments/mens/worldcup/canadamexicousa2026/statistics/player-statistics
368649,JOAO CANCELO,JOÃO CANCELO,Defender,DF,27/05/1994,32,Older,20,5,342.9,68.6,0,1,3,0,0.00%,184,160,87.00%,6,1.57,2,0.52,0.06,0.00x,TRUE,TRUE,TRUE,TRUE,TRUE,FALSE,TRUE,FALSE,TRUE,0,1,0,0,0,0,2,1,0,0,1,0,2,2,0,12,4,6.45848856,8,3,1,12,4,66,13,2,0,4759.210205,620.210022,15135.23999,1985.419983,14326.82031,88,118,13,2,0,0,0,0,0,0,0,0,0,0,0,0,55,1,1,16,14,13,14,39,9,5,3,7,1,30,20,18,27,28,1,0,1,20,406,164,15,41,40,36,42,75,117,1,0,0,0,43,44,8,3,63,126,66,0,388,151,0,4,6,1.616243839,20,32.88329315,36826.90039,0,https://www.fifa.com/en/tournaments/mens/worldcup/canadamexicousa2026/statistics/player-statistics
506088,Joaquin SEYS,SEYS,Defender,DF,28/03/2005,21,Younger,18,1,36.9,36.9,0,0,0,0,,7,7,100.00%,0,0,0,0,0,,TRUE,FALSE,FALSE,FALSE,TRUE,FALSE,FALSE,FALSE,FALSE,0,0,0,0,0,0,0,0,0,0,0,0,0,0,0,0,0,0.996354183,0,0,0,0,0,30,2,1,0,409.7399902,26.29999924,1737.950073,150.2100067,1357.150024,1,1,3,1,0,0,0,0,0,0,0,0,0,0,0,0,1,0,0,1,1,1,1,1,0,0,0,0,0,0,0,0,0,1,0,0,0,1,12,8,0,1,1,0,1,1,2,0,0,0,0,1,0,0,0,0,4,0,0,34,13,1,0,0,0.01209508,2,29.62018013,3681.350098,0,https://www.fifa.com/en/tournaments/mens/worldcup/canadamexicousa2026/statistics/player-statistics
423700,Joe SCALLY,SCALLY,Defender,DF,31/12/2002,23,Younger,23,2,100.6,50.3,0,0,0,0,,53,46,86.80%,0,0,2,1.79,0,,TRUE,FALSE,TRUE,TRUE,TRUE,FALSE,TRUE,FALSE,TRUE,0,0,0,0,0,0,0,0,0,0,0,0,0,0,0,0,0,2.632782173,0,0,0,4,1,19,4,0,0,1766.350006,400.110014,4805.000061,709.9600372,3746.199951,19,29,4,0,0,0,0,0,0,0,0,0,0,0,0,0,19,2,3,10,7,5,5,12,2,1,0,0,0,7,4,2,2,11,1,1,0,4,122,56,3,11,17,15,10,33,43,1,0,0,0,18,10,2,6,19,26,25,0,164,53,1,1,0,0.271860063,9,31.84192467,11427.61951,0,https://www.fifa.com/en/tournaments/mens/worldcup/canadamexicousa2026/statistics/player-statistics
463465,Joel ORDONEZ,ORDÓÑEZ,Defender,DF,21/04/2004,22,Younger,4,3,254,84.7,0,0,2,0,0.00%,113,101,89.40%,1,0.35,1,0.35,0.26,0.00x,TRUE,FALSE,TRUE,TRUE,TRUE,FALSE,TRUE,FALSE,TRUE,0,1,0,1,0,0,0,0,0,0,2,0,1,0,0,2,1,4.182374716,1,1,0,0,0,18,5,1,0,2571.809937,254.6800041,9342.219971,1118.269974,10289.80933,36,50,7,1,0,0,0,0,0,0,0,0,0,1,0,0,36,2,10,16,9,3,4,20,2,1,0,0,0,18,10,4,6,30,1,5,0,16,239,87,5,0,1,10,6,5,11,0,0,0,0,7,1,0,3,16,97,19,0,227,82,0,1,1,0.304325126,1,30.93953514,23576.79004,0,https://www.fifa.com/en/tournaments/mens/worldcup/canadamexicousa2026/statistics/player-statistics
448402,Joel WATERMAN,WATERMAN,Defender,DF,24/01/1996,30,Older,5,0,0,,0,0,0,0,,0,0,,0,,0,,0,,FALSE,FALSE,FALSE,FALSE,TRUE,FALSE,FALSE,FALSE,FALSE,0,0,0,0,0,0,0,0,0,0,0,0,0,0,0,0,0,0,0,0,0,0,0,0,0,0,0,0,0,0,0,0,0,0,0,0,0,0,0,0,0,0,0,0,0,0,0,0,0,0,0,0,0,0,0,0,0,0,0,0,0,0,0,0,0,0,0,0,0,0,0,0,0,0,0,0,0,0,0,0,0,0,0,0,0,0,0,0,0,0,0,0,0,0,0,0,0,0,0,0,0,https://www.fifa.com/en/tournaments/mens/worldcup/canadamexicousa2026/statistics/player-statistics
394500,Johan MOJICA,J. MOJICA,Defender,DF,21/08/1992,33,Older,17,4,442.1,110.5,0,0,3,2,0.00%,202,161,79.70%,1,0.2,7,1.42,0.13,0.00x,TRUE,TRUE,TRUE,TRUE,TRUE,FALSE,TRUE,FALSE,TRUE,0,0,0,0,1,0,0,2,0,0,1,1,1,2,1,1,1,4.698279285,0,1,0,12,2,45,3,4,0,5426.489868,1101.87001,14825.89966,2520.31012,19421.82129,73,108,11,5,0,0,0,0,0,0,0,0,0,1,1,0,80,6,13,34,19,10,15,47,8,3,0,1,1,38,25,15,18,51,2,7,1,28,435,186,18,32,75,64,17,154,171,1,0,0,0,56,26,4,5,79,109,84,0,474,198,0,0,0,0.40974563,25,33.79058456,43296.38867,1,https://www.fifa.com/en/tournaments/mens/worldcup/canadamexicousa2026/statistics/player-statistics
425701,Johan VASQUEZ,J. VÁSQUEZ,Defender,DF,22/10/1998,27,Younger,5,4,412.8,103.2,0,0,1,0,0.00%,237,221,93.20%,0,0,2,0.44,0.22,0.00x,TRUE,FALSE,TRUE,TRUE,TRUE,FALSE,TRUE,FALSE,TRUE,0,0,0,1,0,0,0,0,0,0,1,0,1,0,0,6,1,4.878947926,6,1,0,0,0,14,6,6,0,5421.749878,313.370018,18194.54004,1678.389984,16347.31982,66,80,7,7,0,0,0,0,0,8,0,0,0,1,1,0,51,4,4,28,22,20,20,36,4,2,0,0,0,19,12,10,11,23,2,0,0,13,485,177,20,3,8,39,21,29,50,0,0,0,0,26,5,0,1,28,193,29,0,449,132,0,0,0,0.460316494,2,30.74817467,41955.37012,1,https://www.fifa.com/en/tournaments/mens/worldcup/canadamexicousa2026/statistics/player-statistics
442430,John SOUTTAR,SOUTTAR,Defender,DF,25/09/1996,29,Older,15,0,0,,0,0,0,0,,0,0,,0,,0,,0,,FALSE,FALSE,FALSE,FALSE,TRUE,FALSE,FALSE,FALSE,FALSE,0,0,0,0,0,0,0,0,0,0,0,0,0,0,0,0,0,0,0,0,0,0,0,0,0,0,0,0,0,0,0,0,0,0,0,0,0,0,0,0,0,0,0,0,0,0,0,0,0,0,0,0,0,0,0,0,0,0,0,0,0,0,0,0,0,0,0,0,0,0,0,0,0,0,0,0,0,0,0,0,0,0,0,0,0,0,0,0,0,0,0,0,0,0,0,0,0,0,0,0,0,https://www.fifa.com/en/tournaments/mens/worldcup/canadamexicousa2026/statistics/player-statistics
369434,John STONES,STONES,Defender,DF,28/05/1994,32,Older,5,5,380,76,0,0,1,0,0.00%,184,178,96.70%,1,0.24,1,0.24,0.07,0.00x,TRUE,FALSE,TRUE,TRUE,TRUE,FALSE,TRUE,FALSE,TRUE,0,0,0,0,0,0,0,0,0,0,1,0,1,0,0,3,3,3.317480505,3,3,0,0,0,17,3,2,0,3876.179852,247,13959.30971,1198.030018,14931.18008,59,65,5,2,0,0,0,0,0,0,0,0,0,1,0,0,35,0,4,16,14,12,12,31,1,1,0,0,1,18,16,13,13,9,0,2,1,5,382,115,3,2,1,47,31,19,50,0,0,0,0,33,3,0,1,16,169,17,0,345,93,2,2,0,0.276094923,0,29.97796059,34211.70056,0,https://www.fifa.com/en/tournaments/mens/worldcup/canadamexicousa2026/statistics/player-statistics
494351,Jonas ADJETEY,ADJETEY,Defender,DF,13/12/2003,22,Younger,4,3,257.3,85.8,0,0,2,1,0.00%,120,105,87.50%,1,0.35,0,0,0.1,0.00x,TRUE,FALSE,TRUE,TRUE,TRUE,FALSE,TRUE,FALSE,TRUE,0,0,0,0,1,0,0,0,0,0,2,1,1,0,0,2,4,4.587926745,2,3,0,0,0,19,6,1,0,2973.800079,284.9099903,11379.02002,987.2499619,10633.6499,20,33,3,1,0,0,0,0,0,1,0,0,0,2,0,0,33,0,10,14,6,3,4,17,0,0,0,0,0,19,11,8,9,18,0,3,0,7,251,82,5,0,0,33,18,15,33,0,0,0,0,17,2,0,3,8,111,11,0,260,87,0,1,0,0.106977792,0,30.98356247,26258.62988,0,https://www.fifa.com/en/tournaments/mens/worldcup/canadamexicousa2026/statistics/player-statistics
401378,Jonathan TAH,TAH,Defender,DF,11/02/1996,30,Older,4,4,419.8,105,0,0,1,1,0.00%,375,364,97.10%,5,1.07,1,0.21,0.03,0.00x,TRUE,FALSE,TRUE,TRUE,TRUE,FALSE,TRUE,FALSE,TRUE,0,0,0,1,0,0,0,0,0,0,1,1,0,0,0,4,1,6.096811652,1,1,0,1,0,27,9,0,0,4639.890015,716.8299713,19712.49023,1527.71994,16013.23975,88,97,5,0,0,0,0,0,0,0,0,0,0,1,0,0,82,3,6,46,42,35,37,74,3,3,0,0,0,33,29,22,24,25,3,4,0,23,794,242,15,2,1,49,37,15,52,0,0,0,0,35,4,0,4,55,323,59,0,392,119,0,1,1,0.503511205,1,32.90024567,42610.16895,0,https://www.fifa.com/en/tournaments/mens/worldcup/canadamexicousa2026/statistics/player-statistics
423522,Jordan BOS,BOS,Defender,DF,29/10/2002,23,Younger,5,4,343.9,86,0,0,5,2,0.00%,107,94,87.90%,4,1.05,4,1.05,0.42,0.00x,TRUE,TRUE,TRUE,TRUE,TRUE,FALSE,TRUE,FALSE,TRUE,0,0,2,0,0,0,1,2,0,0,3,1,3,2,1,19,1,6.41338408,10,1,0,8,3,84,21,0,0,4844.079956,1299.48996,15930.86914,2674.660004,12171.24048,74,104,23,0,0,0,0,0,0,0,0,0,0,0,0,0,26,2,0,8,5,4,6,17,8,3,2,6,0,10,9,8,8,18,1,0,0,12,286,145,10,27,37,12,26,50,76,0,0,0,0,31,41,7,8,85,51,93,0,396,223,0,2,8,1.202551745,11,36.66989899,36920.34033,1,https://www.fifa.com/en/tournaments/mens/worldcup/canadamexicousa2026/statistics/player-statistics
441239,Jorge GUTIERREZ,GUTIÉRREZ,Defender,DF,1/09/1998,27,Younger,26,1,90.3,90.3,0,0,0,0,,23,19,82.60%,1,1,2,1.99,0,,TRUE,FALSE,FALSE,TRUE,TRUE,FALSE,TRUE,FALSE,FALSE,0,0,0,0,0,0,0,0,0,0,0,0,0,0,0,1,0,2.100751718,0,0,0,0,0,28,10,0,0,1275.619873,192.9100037,3723.950195,600.0100098,3697.720215,10,14,6,0,0,0,0,0,0,0,0,0,0,0,0,0,7,1,0,3,2,2,2,4,1,0,0,0,0,3,2,2,2,2,0,0,0,2,50,32,0,10,2,4,4,12,16,0,0,0,0,3,6,0,1,14,7,15,0,117,43,0,1,0,0.15103893,7,30.20442581,9490.209961,0,https://www.fifa.com/en/tournaments/mens/worldcup/canadamexicousa2026/statistics/player-statistics
403596,Jorge SANCHEZ,J. SÁNCHEZ,Defender,DF,10/12/1997,28,Older,2,4,388.1,97,0,1,1,1,0.00%,131,121,92.40%,5,1.16,1,0.23,0.04,0.00x,TRUE,FALSE,TRUE,TRUE,TRUE,FALSE,TRUE,FALSE,TRUE,0,0,0,0,0,0,0,1,0,0,1,1,0,0,0,8,0,5.256902313,3,0,0,5,1,87,21,1,0,5791.369873,1373.73996,17779.98047,2609.390137,15065.47974,57,72,16,1,0,0,0,0,0,0,0,0,0,0,0,0,39,0,5,15,14,10,10,34,1,0,0,1,0,23,20,16,18,19,0,4,0,17,270,121,12,54,43,39,31,105,136,1,0,0,0,28,25,3,2,36,81,38,0,485,223,0,1,0,1.267257929,26,32.64529419,42619.96094,1,https://www.fifa.com/en/tournaments/mens/worldcup/canadamexicousa2026/statistics/player-statistics
477833,Joris KAYEMBE,J. KAYEMBE,Defender,DF,8/08/1994,31,Older,12,4,69.5,17.4,0,0,1,0,0.00%,24,19,79.20%,0,0,1,1.29,0,0.00x,TRUE,FALSE,FALSE,FALSE,TRUE,FALSE,FALSE,FALSE,FALSE,0,1,0,0,0,0,0,1,0,0,0,0,0,1,0,2,0,6.284151673,1,0,0,3,2,20,5,0,0,1057.28994,118.5100012,2992.80011,577.3200035,2626.450012,11,15,4,0,0,0,0,0,0,0,0,0,0,0,0,0,16,1,0,5,5,4,4,9,4,1,0,1,2,7,3,2,4,5,1,0,0,5,55,28,4,4,7,4,2,13,15,0,0,0,0,6,7,1,0,7,15,7,0,88,34,4,0,0,0.563191578,7,29.69786644,7372.369934,0,https://www.fifa.com/en/tournaments/mens/worldcup/canadamexicousa2026/statistics/player-statistics
483512,Jorrel HATO,HATO,Defender,DF,7/03/2006,20,Younger,25,1,43,43,0,0,0,0,,4,2,50.00%,0,0,0,0,0,,TRUE,FALSE,FALSE,FALSE,TRUE,FALSE,FALSE,FALSE,FALSE,0,0,0,0,0,0,0,0,0,0,0,0,0,0,0,0,0,1.545751214,0,0,0,1,1,23,4,0,0,443.0800171,148.2200012,1897.709961,190.7399902,1758.160034,2,4,1,0,0,0,0,0,0,0,0,0,0,0,0,0,3,0,0,1,0,0,1,2,0,0,0,0,0,2,2,2,2,3,0,0,0,2,11,7,0,2,1,0,2,1,3,0,0,0,0,0,0,0,1,4,0,5,0,45,17,1,0,0,0.119153589,1,33.15383148,4437.910156,0,https://www.fifa.com/en/tournaments/mens/worldcup/canadamexicousa2026/statistics/player-statistics
520066,Jose CANALE,CANALE,Defender,DF,20/07/1996,29,Older,13,4,198.4,49.6,0,0,0,0,,27,18,66.70%,1,0.45,2,0.91,0,,TRUE,FALSE,FALSE,TRUE,TRUE,FALSE,TRUE,FALSE,FALSE,0,0,0,0,0,0,0,0,0,0,0,0,0,0,0,0,0,4.870845032,0,0,0,1,0,17,4,0,0,1471.090088,167.789999,6979.57077,445.3199501,8264.380188,8,17,2,0,0,0,0,0,0,0,0,0,0,0,0,0,14,1,0,7,4,4,6,8,1,0,0,0,0,6,4,4,5,12,0,0,0,6,62,29,0,2,2,10,4,10,14,0,0,0,0,3,1,0,0,12,16,12,0,123,37,3,0,0,1.294299493,1,31.70511055,17328.14954,0,https://www.fifa.com/en/tournaments/mens/worldcup/canadamexicousa2026/statistics/player-statistics
418715,Jose CORDOBA,CORDOBA,Defender,DF,3/06/2001,25,Younger,3,3,303.8,101.3,0,0,0,0,,183,169,92.30%,5,1.48,1,0.3,0,,TRUE,FALSE,TRUE,TRUE,TRUE,FALSE,TRUE,FALSE,TRUE,0,0,0,0,0,0,0,0,0,0,0,0,0,0,0,2,2,6.073558172,2,2,0,1,0,21,12,3,0,3723.939941,704.9799805,14019.40039,1525.23999,10780.2395,43,52,7,6,0,0,0,0,0,7,0,0,0,0,3,0,47,1,8,26,20,17,17,32,1,1,0,0,0,20,11,8,11,22,1,2,0,17,387,157,4,0,2,33,23,12,35,0,0,0,0,14,4,0,5,24,148,29,0,315,114,0,0,1,0.173611984,0,33.78601456,30753.79883,0,https://www.fifa.com/en/tournaments/mens/worldcup/canadamexicousa2026/statistics/player-statistics
368655,Jose Maria GIMENEZ,J.M. GIMÉNEZ,Defender,DF,20/01/1995,31,Older,2,0,0,,0,0,0,0,,0,0,,0,,0,,0,,FALSE,FALSE,FALSE,FALSE,TRUE,FALSE,FALSE,FALSE,FALSE,0,0,0,0,0,0,0,0,0,0,0,0,0,0,0,0,0,0,0,0,0,0,0,0,0,0,0,0,0,0,0,0,0,0,0,0,0,0,0,0,0,0,0,0,0,0,0,0,0,0,0,0,0,0,0,0,0,0,0,0,0,0,0,0,0,0,0,0,0,0,0,0,0,0,0,0,0,0,0,0,0,0,0,0,0,0,0,0,0,0,0,0,0,0,0,0,0,0,0,0,0,https://www.fifa.com/en/tournaments/mens/worldcup/canadamexicousa2026/statistics/player-statistics
401023,Joshua BRENET,BRENET,Defender,DF,20/03/1994,32,Older,20,2,193.2,96.6,0,0,0,0,,63,49,77.80%,0,0,1,0.47,0,,TRUE,FALSE,TRUE,TRUE,TRUE,FALSE,TRUE,FALSE,TRUE,0,0,0,0,0,0,0,0,0,0,0,0,0,0,0,7,0,3.95991087,3,0,0,1,0,65,6,1,0,2250.560181,405.6899872,7400.760254,1199.290039,7897.990234,30,43,17,1,0,0,0,0,0,0,0,0,0,0,0,0,35,1,3,16,9,7,12,21,3,1,1,2,0,16,11,9,12,24,0,2,0,17,121,62,4,18,20,6,8,36,44,1,0,0,0,14,10,1,1,31,18,32,0,191,97,0,1,2,0.333796874,19,32.53347778,19154.29004,0,https://www.fifa.com/en/tournaments/mens/worldcup/canadamexicousa2026/statistics/player-statistics
386413,Joshua KIMMICH,KIMMICH,Defender,DF,8/02/1995,31,Older,6,4,392.6,98.1,0,2,5,1,0.00%,368,336,91.30%,0,0,7,1.6,0.15,0.00x,TRUE,TRUE,TRUE,TRUE,TRUE,FALSE,TRUE,FALSE,TRUE,0,1,0,1,1,0,2,1,0,0,1,0,3,4,1,3,2,6.790001273,3,2,15,25,5,55,9,18,0,5999.400085,838.2300186,21033.09009,2020.309937,14747.52026,162,186,26,18,0,0,0,0,0,0,0,0,0,0,0,0,162,4,17,73,68,52,52,127,9,5,1,1,4,80,54,36,55,62,2,14,2,51,778,292,25,6,21,73,45,55,100,0,0,0,0,50,10,1,6,67,268,73,0,518,157,0,2,1,0.288399559,29,31.43808365,44638.5498,0,https://www.fifa.com/en/tournaments/mens/worldcup/canadamexicousa2026/statistics/player-statistics
433667,Josip STANISIC,STANIŠIĆ,Defender,DF,2/04/2000,26,Younger,2,4,413.7,103.4,0,1,0,0,,162,140,86.40%,0,0,3,0.65,0,,TRUE,FALSE,TRUE,TRUE,TRUE,FALSE,TRUE,FALSE,TRUE,0,0,0,0,0,0,0,0,0,0,0,0,0,0,0,3,3,6.187986493,3,3,0,5,1,75,17,4,0,4849.040039,1248.429932,17540.35986,2336.26001,16606.80957,78,95,19,4,0,0,0,0,0,0,0,0,0,0,0,0,60,4,4,25,19,17,17,36,9,6,4,4,1,26,11,8,17,42,1,1,1,26,322,155,7,41,56,66,30,133,163,0,0,0,0,51,22,3,1,50,85,51,0,418,196,0,0,2,0.568402,35,33.67873383,42580.90039,0,https://www.fifa.com/en/tournaments/mens/worldcup/canadamexicousa2026/statistics/player-statistics
448171,Josip SUTALO,ŠUTALO,Defender,DF,28/02/2000,26,Younger,6,4,413.7,103.4,0,0,1,0,0.00%,267,241,90.30%,2,0.44,1,0.22,0.06,0.00x,TRUE,FALSE,TRUE,TRUE,TRUE,FALSE,TRUE,FALSE,TRUE,0,0,0,1,0,0,0,0,0,0,1,0,1,0,0,7,7,5.955537558,7,5,0,0,0,17,9,3,0,4525.530029,513.6400166,19146.7793,1463.529968,15305.38965,92,113,4,4,0,0,0,0,0,3,0,0,0,0,1,0,67,2,11,26,16,13,13,31,4,0,0,0,2,37,15,12,22,37,0,3,0,16,570,191,8,0,2,39,22,19,41,0,0,0,0,27,2,0,7,36,220,43,0,410,118,0,0,3,0.190512527,2,32.30984116,40954.87012,0,https://www.fifa.com/en/tournaments/mens/worldcup/canadamexicousa2026/statistics/player-statistics
448180,Josko GVARDIOL,GVARDIOL,Defender,DF,23/01/2002,24,Younger,4,4,177.7,44.4,0,0,1,0,0.00%,89,77,86.50%,2,1.01,3,1.52,0.18,0.00x,TRUE,FALSE,TRUE,TRUE,TRUE,FALSE,TRUE,FALSE,TRUE,0,1,0,0,0,0,1,0,0,0,1,0,0,0,0,4,2,6.856129169,3,1,0,0,0,24,6,0,0,2954.569855,529.2199821,6435.790039,1252.799973,7623.630219,47,59,2,0,0,0,0,0,0,0,0,0,0,0,0,0,45,3,3,13,10,7,7,30,7,4,1,1,3,25,16,11,16,26,1,2,2,19,187,79,3,2,3,5,2,8,10,0,0,0,0,4,8,0,4,24,60,28,0,238,88,2,1,0,1.299243592,5,34.09466934,18796.00964,0,https://www.fifa.com/en/tournaments/mens/worldcup/canadamexicousa2026/statistics/player-statistics
479601,Juan Jose CACERES,CÁCERES,Defender,DF,1/06/2000,26,Younger,4,5,488.1,97.6,0,0,2,1,0.00%,129,80,62.00%,9,1.66,6,1.11,0.07,0.00x,TRUE,FALSE,TRUE,TRUE,TRUE,FALSE,TRUE,FALSE,TRUE,0,0,0,0,0,0,1,1,0,0,1,1,1,1,0,11,2,5.98991909,6,1,0,9,1,154,41,0,0,5866.429871,906.6600037,19763.02954,2515.929962,19606.75,53,91,17,0,0,0,0,0,0,0,0,0,0,0,0,0,102,9,14,38,12,8,15,34,13,4,1,2,2,51,18,14,26,57,3,1,0,23,270,147,6,19,17,19,8,47,55,0,0,0,0,23,15,0,5,61,46,66,0,521,193,0,3,6,0.358281622,40,33.93669891,48658.79883,1,https://www.fifa.com/en/tournaments/mens/worldcup/canadamexicousa2026/statistics/player-statistics
430707,Jules KOUNDE,KOUNDE,Defender,DF,12/11/1998,27,Younger,5,8,666.9,83.4,0,0,2,0,0.00%,353,314,89.00%,6,0.81,5,0.67,0.06,0.00x,TRUE,FALSE,TRUE,TRUE,TRUE,FALSE,TRUE,FALSE,TRUE,0,0,0,1,0,0,1,0,0,0,2,0,1,0,0,10,0,6.461994469,6,0,0,15,2,132,25,5,0,9381.040237,1542.779976,28285.33002,4360.909912,26411.19031,97,135,33,5,0,0,0,0,0,0,0,0,0,1,0,0,122,3,7,32,21,15,22,90,7,3,1,2,2,83,66,59,71,37,1,5,1,27,750,323,32,108,54,83,101,144,245,1,0,0,0,88,62,9,7,64,265,71,0,834,323,1,4,0,2.547501013,42,32.75897217,69981.24988,0,https://www.fifa.com/en/tournaments/mens/worldcup/canadamexicousa2026/statistics/player-statistics
369749,Junior ALONSO,ALONSO,Defender,DF,9/02/1993,33,Older,6,5,456.2,91.2,0,0,3,1,0.00%,116,69,59.50%,3,0.59,3,0.59,0.2,0.00x,TRUE,TRUE,TRUE,TRUE,TRUE,FALSE,TRUE,FALSE,TRUE,0,1,1,1,0,0,0,1,0,0,1,1,1,2,0,2,2,5.955082512,1,2,0,1,0,140,16,5,0,5001.499832,474.4400253,15995.06018,1535.440031,20133.80049,38,67,31,5,0,0,0,0,0,0,0,0,0,0,0,0,77,4,11,25,13,9,10,30,7,2,0,1,2,45,15,11,28,49,2,2,0,20,233,131,5,2,6,13,2,19,21,1,0,0,0,6,8,1,3,45,47,48,0,457,123,1,1,0,0.239768655,27,31.27161026,43140.24152,1,https://www.fifa.com/en/tournaments/mens/worldcup/canadamexicousa2026/statistics/player-statistics
498455,Junnosuke SUZUKI,J. SUZUKI,Defender,DF,12/07/2003,22,Younger,25,2,58.3,29.1,0,0,0,0,,7,6,85.70%,2,3.09,0,0,0,,TRUE,FALSE,FALSE,FALSE,TRUE,FALSE,FALSE,FALSE,FALSE,0,0,0,0,0,0,0,0,0,0,0,0,0,0,0,0,0,3.004169703,0,0,0,1,0,22,4,0,0,806.0899963,124.8400002,2139.379883,492.9500122,2194.199951,4,6,0,0,0,0,0,0,0,0,0,0,0,0,0,0,3,0,0,2,1,1,2,1,1,0,0,1,0,0,0,0,0,3,0,0,0,1,19,8,0,4,5,1,3,7,10,0,0,0,0,3,2,0,0,4,5,4,0,68,34,2,0,0,0.466648683,0,29.21343231,5757.459961,1,https://www.fifa.com/en/tournaments/mens/worldcup/canadamexicousa2026/statistics/player-statistics
431698,Jurien GAARI,GAARI,Defender,DF,23/12/1993,32,Older,3,2,180.1,90,0,0,2,0,0.00%,54,41,75.90%,4,2,1,0.5,0.11,0.00x,TRUE,FALSE,TRUE,TRUE,TRUE,FALSE,TRUE,FALSE,TRUE,0,0,0,1,0,0,0,1,0,0,1,0,2,1,0,1,0,3.834509532,1,0,0,0,0,30,14,3,0,1759.419983,443.3200073,7065.570068,739.1900024,7242.75,23,37,8,3,0,0,0,0,0,0,0,0,0,1,0,0,27,1,6,15,10,7,8,15,1,0,0,0,0,11,5,2,4,20,0,3,0,12,114,48,5,0,2,19,11,10,21,0,0,0,0,8,3,0,2,22,30,24,0,151,71,0,1,0,0.051060935,1,32.5228653,17250.24951,1,https://www.fifa.com/en/tournaments/mens/worldcup/canadamexicousa2026/statistics/player-statistics
494411,Kai TREWIN,TREWIN,Defender,DF,18/05/2001,25,Younger,15,1,81.4,81.4,0,0,1,0,0.00%,31,27,87.10%,0,0,1,1.11,0,,TRUE,FALSE,FALSE,FALSE,TRUE,FALSE,FALSE,FALSE,FALSE,0,1,0,0,0,0,1,0,0,0,0,0,0,1,0,1,0,1.604311347,0,0,0,2,0,22,4,0,0,1106.450073,173.8500061,4083.930176,484.9399719,2966.770264,11,14,7,0,0,0,0,0,0,0,0,0,0,0,0,0,15,1,3,7,5,3,3,9,1,0,0,0,0,7,4,2,3,5,0,2,0,5,73,31,2,3,10,5,2,16,18,0,0,0,0,8,7,2,1,13,19,14,0,98,41,1,0,0,0.106269144,4,29.69902039,8815.94043,0,https://www.fifa.com/en/tournaments/mens/worldcup/canadamexicousa2026/statistics/player-statistics
339820,Kalidou KOULIBALY,KOULIBALY,Defender,DF,20/06/1991,34,Older,3,2,181.5,90.8,0,0,0,0,,83,73,88.00%,0,0,0,0,0,,TRUE,FALSE,TRUE,TRUE,TRUE,FALSE,TRUE,FALSE,TRUE,0,0,0,0,0,0,0,0,0,0,0,0,0,0,0,2,3,2.653846622,2,3,0,0,0,21,5,2,0,2008.53009,199.2199936,6326.550049,589.1900024,6950.370361,27,35,3,2,0,0,0,0,0,0,0,0,0,0,0,0,33,1,8,16,11,6,7,22,1,0,0,0,0,16,11,6,7,19,0,5,0,12,189,85,4,1,1,21,13,10,23,0,0,0,0,11,0,0,1,17,66,18,0,167,44,0,1,0,0.254953673,1,31.14304352,16073.86035,0,https://www.fifa.com/en/tournaments/mens/worldcup/canadamexicousa2026/statistics/player-statistics
407022,KARIM HAFEZ,K. HAFEZ,Defender,DF,12/03/1996,30,Older,15,3,198.6,66.2,0,1,1,0,0.00%,113,99,87.60%,1,0.45,2,0.91,0.01,0.00x,TRUE,FALSE,TRUE,TRUE,TRUE,FALSE,TRUE,FALSE,TRUE,0,0,0,0,0,0,1,0,0,0,0,0,1,1,0,3,1,4.131655598,3,1,0,2,0,36,13,1,0,2711.250076,340.3099899,8904.509918,1099.530045,7371.620453,62,77,4,1,0,0,0,0,0,0,0,0,0,0,0,0,33,1,4,13,9,8,8,20,2,1,0,0,1,18,10,8,12,20,0,1,1,10,232,94,4,7,21,21,10,39,49,0,0,0,0,23,5,3,0,44,59,44,0,252,76,1,1,1,0.317907624,16,31.19507408,20427.22009,0,https://www.fifa.com/en/tournaments/mens/worldcup/canadamexicousa2026/statistics/player-statistics
506481,Keeto THERMONCY,THERMONCY,Defender,DF,29/03/2006,20,Younger,3,0,0,,0,0,0,0,,0,0,,0,,0,,0,,FALSE,FALSE,FALSE,FALSE,TRUE,FALSE,FALSE,FALSE,FALSE,0,0,0,0,0,0,0,0,0,0,0,0,0,0,0,0,0,0,0,0,0,0,0,0,0,0,0,0,0,0,0,0,0,0,0,0,0,0,0,0,0,0,0,0,0,0,0,0,0,0,0,0,0,0,0,0,0,0,0,0,0,0,0,0,0,0,0,0,0,0,0,0,0,0,0,0,0,0,0,0,0,0,0,0,0,0,0,0,0,0,0,0,0,0,0,0,0,0,0,0,0,https://www.fifa.com/en/tournaments/mens/worldcup/canadamexicousa2026/statistics/player-statistics
482780,KELVIN PIRES,KELVIN,Defender,DF,5/06/2000,26,Younger,25,0,0,,0,0,0,0,,0,0,,0,,0,,0,,FALSE,FALSE,FALSE,FALSE,TRUE,FALSE,FALSE,FALSE,FALSE,0,0,0,0,0,0,0,0,0,0,0,0,0,0,0,0,0,0,0,0,0,0,0,0,0,0,0,0,0,0,0,0,0,0,0,0,0,0,0,0,0,0,0,0,0,0,0,0,0,0,0,0,0,0,0,0,0,0,0,0,0,0,0,0,0,0,0,0,0,0,0,0,0,0,0,0,0,0,0,0,0,0,0,0,0,0,0,0,0,0,0,0,0,0,0,0,0,0,0,0,0,https://www.fifa.com/en/tournaments/mens/worldcup/canadamexicousa2026/statistics/player-statistics
405263,Kevin Danso,DANSO,Defender,DF,19/09/1998,27,Younger,3,4,284.4,71.1,0,0,1,0,0.00%,164,147,89.60%,1,0.32,2,0.63,0.06,0.00x,TRUE,FALSE,TRUE,TRUE,TRUE,FALSE,TRUE,FALSE,TRUE,0,0,0,1,0,0,0,0,0,0,1,0,1,0,0,6,1,5.482599616,5,1,0,1,0,23,8,2,0,2970.529999,357.6100016,10163.95996,1148.900032,11044.71008,37,55,2,4,0,0,0,0,0,0,0,0,0,1,2,0,55,0,9,34,24,20,25,36,1,0,0,0,1,20,12,8,10,29,0,4,0,15,349,111,5,1,2,22,10,15,25,0,0,0,0,10,6,1,6,22,138,28,0,266,95,2,0,2,0.166554702,1,31.83680153,25685.70874,0,https://www.fifa.com/en/tournaments/mens/worldcup/canadamexicousa2026/statistics/player-statistics
479079,Khojiakbar ALIJONOV,ALIJONOV,Defender,DF,19/04/1997,29,Older,3,2,155.2,77.6,0,0,0,0,,41,27,65.90%,2,1.16,1,0.58,0,,TRUE,FALSE,FALSE,TRUE,TRUE,FALSE,TRUE,FALSE,FALSE,0,0,0,0,0,0,0,0,0,0,0,0,0,0,0,7,1,4.167129517,3,0,0,4,0,76,11,0,0,2635.960022,435.8600159,6055.579346,1057.459991,5900.959595,25,45,4,0,0,0,0,0,0,0,0,0,0,0,0,0,18,0,2,4,0,0,2,5,2,0,0,2,0,12,5,5,10,16,0,0,0,4,103,53,3,6,9,1,1,15,16,0,0,0,0,10,19,5,1,40,12,41,0,228,87,1,0,3,0.309257783,4,32.36539078,16085.81982,0,https://www.fifa.com/en/tournaments/mens/worldcup/canadamexicousa2026/statistics/player-statistics
463218,Khuliso MUDAU,MUDAU,Defender,DF,26/04/1995,31,Older,20,4,402.1,100.5,0,0,0,0,,187,168,89.80%,4,0.9,10,2.24,0,,TRUE,FALSE,TRUE,TRUE,TRUE,FALSE,TRUE,FALSE,TRUE,0,0,0,0,0,0,0,0,0,0,0,0,0,0,0,11,0,5.83308351,5,0,0,5,1,82,16,3,0,4563.219849,1298.940018,16615.61035,2075.73996,14566.96948,83,105,32,3,0,0,0,0,0,0,0,0,0,0,0,0,54,2,3,25,20,19,20,38,5,1,1,3,0,24,17,16,19,25,0,1,0,20,394,180,11,30,25,7,17,45,62,1,0,0,0,20,17,6,8,56,120,64,0,399,189,0,0,3,0.598896414,20,34.28405762,39120.47949,0,https://www.fifa.com/en/tournaments/mens/worldcup/canadamexicousa2026/statistics/player-statistics
504192,Khulumani NDAMANE,NDAMANE,Defender,DF,5/02/2004,22,Younger,3,0,0,,0,0,0,0,,0,0,,0,,0,,0,,FALSE,FALSE,FALSE,FALSE,TRUE,FALSE,FALSE,FALSE,FALSE,0,0,0,0,0,0,0,0,0,0,0,0,0,0,0,0,0,0,0,0,0,0,0,0,0,0,0,0,0,0,0,0,0,0,0,0,0,0,0,0,0,0,0,0,0,0,0,0,0,0,0,0,0,0,0,0,0,0,0,0,0,0,0,0,0,0,0,0,0,0,0,0,0,0,0,0,0,0,0,0,0,0,0,0,0,0,0,0,0,0,0,0,0,0,0,0,0,0,0,0,0,https://www.fifa.com/en/tournaments/mens/worldcup/canadamexicousa2026/statistics/player-statistics
401712,Kieran Tierney,TIERNEY,Defender,DF,5/06/1997,29,Older,6,2,115.5,57.8,0,0,2,0,0.00%,48,36,75.00%,3,2.34,2,1.56,0.06,0.00x,TRUE,FALSE,FALSE,TRUE,TRUE,FALSE,TRUE,FALSE,FALSE,0,2,0,0,0,0,0,2,0,0,2,0,0,0,0,0,2,4.259124279,0,1,0,7,3,31,6,2,0,1471.790039,391,4880.27002,695.289978,4868.649902,23,33,12,2,0,0,0,0,0,0,0,0,0,0,0,0,13,0,0,1,1,1,1,8,1,1,0,0,1,11,6,5,10,6,0,0,1,5,113,48,6,14,22,11,8,39,47,0,0,0,0,18,17,1,1,19,32,20,0,119,65,1,1,0,0.700942285,5,33.37710953,12307,0,https://www.fifa.com/en/tournaments/mens/worldcup/canadamexicousa2026/statistics/player-statistics
395088,KIM Minjae,MINJAE,Defender,DF,15/11/1996,29,Older,4,3,268.9,89.6,0,0,1,1,0.00%,226,221,97.80%,2,0.67,0,0,0.1,0.00x,TRUE,FALSE,TRUE,TRUE,TRUE,FALSE,TRUE,FALSE,TRUE,0,1,0,1,0,0,0,0,0,0,1,1,0,0,0,3,0,5.966485023,3,0,0,0,0,13,4,4,0,3043.880005,642.2099457,11333.6792,1073.919983,10721.45044,67,74,3,4,0,0,0,0,0,1,0,0,0,1,0,0,31,0,3,19,15,13,16,26,0,0,0,0,0,12,11,9,9,16,0,2,0,12,459,131,15,0,0,33,20,13,33,0,0,0,0,21,2,0,2,41,180,43,0,264,91,0,1,1,0.138684647,0,34.43444824,26815.14063,0,https://www.fifa.com/en/tournaments/mens/worldcup/canadamexicousa2026/statistics/player-statistics
448580,KIM Moonhwan,MOONHWAN,Defender,DF,1/08/1995,30,Older,15,1,74.7,74.7,0,0,0,0,,25,22,88.00%,0,0,0,0,0,,TRUE,FALSE,FALSE,FALSE,TRUE,FALSE,FALSE,FALSE,FALSE,0,0,0,0,0,0,0,0,0,0,0,0,0,0,0,0,0,2.294118086,0,0,0,0,0,19,2,0,0,1273.51001,208.1000061,3331.729736,604.7700195,3153.250244,7,9,11,0,0,0,0,0,0,0,0,0,0,0,0,0,5,0,2,3,1,1,1,1,0,0,0,0,0,2,0,0,0,2,0,0,0,0,49,26,0,14,9,4,10,17,27,0,0,0,0,7,7,0,0,1,21,1,0,109,52,0,1,0,0.812963665,5,32.08253098,8571.360352,0,https://www.fifa.com/en/tournaments/mens/worldcup/canadamexicousa2026/statistics/player-statistics
418485,KIM Taehyeon,TAEHYEON,Defender,DF,17/09/2000,25,Younger,5,0,0,,0,0,0,0,,0,0,,0,,0,,0,,FALSE,FALSE,FALSE,FALSE,TRUE,FALSE,FALSE,FALSE,FALSE,0,0,0,0,0,0,0,0,0,0,0,0,0,0,0,0,0,0,0,0,0,0,0,0,0,0,0,0,0,0,0,0,0,0,0,0,0,0,0,0,0,0,0,0,0,0,0,0,0,0,0,0,0,0,0,0,0,0,0,0,0,0,0,0,0,0,0,0,0,0,0,0,0,0,0,0,0,0,0,0,0,0,0,0,0,0,0,0,0,0,0,0,0,0,0,0,0,0,0,0,0,https://www.fifa.com/en/tournaments/mens/worldcup/canadamexicousa2026/statistics/player-statistics
511022,Kojo Peprah OPPONG,OPPONG,Defender,DF,4/06/2004,22,Younger,21,2,61.6,30.8,0,0,0,0,,22,21,95.50%,1,1.46,0,0,0,,TRUE,FALSE,FALSE,FALSE,TRUE,FALSE,FALSE,FALSE,FALSE,0,0,0,0,0,0,0,0,0,0,0,0,0,0,0,0,0,2.825137615,0,0,0,0,0,5,0,0,0,710.1500015,48.91999936,2690.680054,169.5800018,2041.569702,3,4,1,0,0,0,0,0,0,0,0,0,0,0,0,0,5,0,2,3,2,1,1,3,0,0,0,0,0,2,1,0,0,4,0,1,0,2,44,18,1,0,0,3,2,1,3,0,0,0,0,3,0,0,0,0,22,0,0,63,16,2,0,0,0.293432342,0,30.60235023,5660.899963,1,https://www.fifa.com/en/tournaments/mens/worldcup/canadamexicousa2026/statistics/player-statistics
448366,Koni DE WINTER,DE WINTER,Defender,DF,12/06/2002,23,Younger,16,0,0,,0,0,0,0,,0,0,,0,,0,,0,,FALSE,FALSE,FALSE,FALSE,TRUE,FALSE,FALSE,FALSE,FALSE,0,0,0,0,0,0,0,0,0,0,0,0,0,0,0,0,0,0,0,0,0,0,0,0,0,0,0,0,0,0,0,0,0,0,0,0,0,0,0,0,0,0,0,0,0,0,0,0,0,0,0,0,0,0,0,0,0,0,0,0,0,0,0,0,0,0,0,0,0,0,0,0,0,0,0,0,0,0,0,0,0,0,0,0,0,0,0,0,0,0,0,0,0,0,0,0,0,0,0,0,0,https://www.fifa.com/en/tournaments/mens/worldcup/canadamexicousa2026/statistics/player-statistics
400511,Kou ITAKURA,ITAKURA,Defender,DF,27/01/1997,29,Older,4,2,138.3,69.1,0,1,0,0,,110,107,97.30%,1,0.65,0,0,0,,TRUE,FALSE,TRUE,TRUE,TRUE,FALSE,TRUE,FALSE,TRUE,0,0,0,0,0,0,0,0,0,0,0,0,0,0,0,0,0,2.859702706,0,0,0,0,0,4,2,1,0,1410.039978,151.8700066,5970.789795,389.4000015,5460.120117,10,11,4,1,0,0,0,0,0,6,0,0,0,0,0,0,13,1,2,5,3,2,2,9,1,1,0,0,0,7,5,4,4,3,1,0,0,3,222,65,6,0,0,29,24,5,29,0,0,0,0,20,0,0,0,3,103,3,0,116,34,0,1,0,0.089566085,0,30.93740654,13382.21997,0,https://www.fifa.com/en/tournaments/mens/worldcup/canadamexicousa2026/statistics/player-statistics
403642,Krepin DIATTA,DIATTA,Defender,DF,25/02/1999,27,Younger,15,4,459.9,115,0,0,1,0,0.00%,283,255,90.10%,4,0.78,6,1.17,0.04,0.00x,TRUE,FALSE,TRUE,TRUE,TRUE,FALSE,TRUE,FALSE,TRUE,0,0,0,0,0,0,0,1,0,0,0,0,1,1,0,17,1,5.933745623,13,1,2,10,4,44,13,7,0,5348.929932,794.1499786,19882.43994,2217.630066,17214.31909,144,175,7,7,0,0,0,0,0,0,0,0,0,0,0,0,85,2,9,24,15,11,13,62,4,3,2,2,0,57,44,40,46,55,1,3,0,39,588,220,17,19,23,27,13,56,69,0,0,0,0,38,36,3,5,121,142,126,0,467,164,0,0,6,0.300345615,25,32.75299454,45457.46973,0,https://www.fifa.com/en/tournaments/mens/worldcup/canadamexicousa2026/statistics/player-statistics
448164,Kristijan JAKIC,JAKIĆ,Defender,DF,14/05/1997,29,Older,18,0,0,,0,0,0,0,,0,0,,0,,0,,0,,FALSE,FALSE,FALSE,FALSE,TRUE,FALSE,FALSE,FALSE,FALSE,0,0,0,0,0,0,0,0,0,0,0,0,0,0,0,0,0,0,0,0,0,0,0,0,0,0,0,0,0,0,0,0,0,0,0,0,0,0,0,0,0,0,0,0,0,0,0,0,0,0,0,0,0,0,0,0,0,0,0,0,0,0,0,0,0,0,0,0,0,0,0,0,0,0,0,0,0,0,0,0,0,0,0,0,0,0,0,0,0,0,0,0,0,0,0,0,0,0,0,0,0,https://www.fifa.com/en/tournaments/mens/worldcup/canadamexicousa2026/statistics/player-statistics
483516,Kristoffer AJER,VASSBAKK AJER,Defender,DF,17/04/1998,28,Older,3,5,554.9,111,0,0,2,1,0.00%,273,256,93.80%,2,0.32,1,0.16,0.2,0.00x,TRUE,FALSE,TRUE,TRUE,TRUE,FALSE,TRUE,FALSE,TRUE,0,0,0,1,0,0,1,0,0,0,2,1,1,0,0,12,0,4.948848168,12,0,0,2,2,29,8,0,0,5579.170105,812.7399902,21711.89014,1698.300018,25041.45996,93,119,12,0,0,0,0,0,0,0,0,0,0,2,0,0,57,0,4,35,32,29,31,49,1,1,1,1,0,21,16,13,17,41,0,3,0,33,590,201,14,4,2,66,44,28,72,0,0,0,0,41,4,0,8,31,239,39,0,480,150,0,0,3,0.528944869,1,35.09469986,54843.56055,1,https://www.fifa.com/en/tournaments/mens/worldcup/canadamexicousa2026/statistics/player-statistics
441170,Ladislav KREJCI,KREJČÍ,Defender,DF,20/04/1999,27,Younger,7,3,301.1,100.4,1,0,5,1,20.00%,160,135,84.40%,6,1.79,2,0.6,0.54,1.85x,TRUE,TRUE,TRUE,TRUE,TRUE,FALSE,TRUE,FALSE,TRUE,0,1,0,2,1,0,0,2,0,0,5,1,1,0,0,1,1,6.457538128,1,1,0,2,1,30,10,5,0,4501.789795,143.4800014,14535.19043,1216.689941,12010.59912,69,88,2,7,0,0,0,0,0,9,0,1,0,5,2,0,71,2,7,39,32,28,30,50,2,1,0,0,0,30,17,13,21,50,1,3,0,38,333,137,9,4,3,37,18,26,44,0,0,0,0,24,9,1,8,35,104,43,0,373,81,0,0,0,0.774279602,7,29.77970123,32407.74902,1,https://www.fifa.com/en/tournaments/mens/worldcup/canadamexicousa2026/statistics/player-statistics
423874,LEE Hanbeom,HANBEOM,Defender,DF,17/06/2002,23,Younger,2,3,300,100,0,0,2,0,0.00%,200,183,91.50%,7,2.1,3,0.9,0.22,0.00x,TRUE,FALSE,TRUE,TRUE,TRUE,FALSE,TRUE,FALSE,TRUE,0,0,0,1,1,0,0,0,0,0,2,0,2,0,0,3,1,6.227701346,3,1,0,2,1,41,22,6,0,4146.77002,445.4999847,13278.42041,1298.790039,11982.46021,62,76,5,8,0,0,0,0,0,0,0,0,0,2,2,0,55,3,9,28,21,15,16,37,3,1,0,0,0,24,15,9,12,27,1,5,0,17,403,129,11,6,8,39,3,50,53,0,0,0,0,23,10,1,4,29,156,33,0,365,107,0,0,0,0.343722798,10,32.27917862,31151.94043,0,https://www.fifa.com/en/tournaments/mens/worldcup/canadamexicousa2026/statistics/player-statistics
423880,LEE Taeseok,TAESEOK,Defender,DF,28/07/2002,23,Younger,13,2,120.5,60.2,0,0,0,0,,45,39,86.70%,3,2.24,1,0.75,0,,TRUE,FALSE,FALSE,TRUE,TRUE,FALSE,TRUE,FALSE,FALSE,0,0,0,0,0,0,0,0,0,0,0,0,0,0,0,2,1,4.437939167,1,1,0,9,3,25,5,0,0,1862.229919,444.2199707,5667.109863,914.9300232,4414.109985,19,27,4,0,0,0,0,0,0,0,0,0,0,0,0,0,14,1,0,2,1,1,1,10,4,3,3,3,0,8,6,6,7,8,0,0,0,5,103,46,7,32,20,4,18,38,56,0,0,0,0,16,14,3,2,18,25,20,0,151,68,0,2,1,1.183829129,12,32.42163849,13302.59961,0,https://www.fifa.com/en/tournaments/mens/worldcup/canadamexicousa2026/statistics/player-statistics
419672,Leo OSTIGARD,ØSTIGÅRD,Defender,DF,28/11/1999,26,Younger,4,5,184.7,36.9,1,0,3,1,33.30%,99,84,84.80%,2,0.97,2,0.97,0.32,3.16x,TRUE,TRUE,TRUE,TRUE,TRUE,FALSE,TRUE,FALSE,TRUE,0,0,0,2,0,0,0,0,0,0,3,1,2,0,0,1,4,4.746309678,1,1,0,0,0,8,3,0,0,1922.479942,237.4199972,8247.830322,588.0900078,7423.959625,16,27,1,0,0,0,0,0,0,0,0,1,0,3,0,0,33,0,7,21,15,14,14,20,0,0,0,0,0,12,5,4,5,15,0,1,0,5,222,72,7,2,1,15,12,6,18,0,0,0,0,10,3,0,3,11,89,14,0,165,45,4,0,0,1.39095332,0,31.80941963,18419.78052,0,https://www.fifa.com/en/tournaments/mens/worldcup/canadamexicousa2026/statistics/player-statistics
371956,LEO PEREIRA,LÉO PEREIRA,Defender,DF,31/01/1996,30,Older,15,0,0,,0,0,0,0,,0,0,,0,,0,,0,,FALSE,FALSE,FALSE,FALSE,TRUE,FALSE,FALSE,FALSE,FALSE,0,0,0,0,0,0,0,0,0,0,0,0,0,0,0,0,0,0,0,0,0,0,0,0,0,0,0,0,0,0,0,0,0,0,0,0,0,0,0,0,0,0,0,0,0,0,0,0,0,0,0,0,0,0,0,0,0,0,0,0,0,0,0,0,0,0,0,0,0,0,0,0,0,0,0,0,0,0,0,0,0,0,0,0,0,0,0,0,0,0,0,0,0,0,0,0,0,0,0,0,0,https://www.fifa.com/en/tournaments/mens/worldcup/canadamexicousa2026/statistics/player-statistics
405469,Liberato CACACE,CACACE,Defender,DF,27/09/2000,25,Younger,13,3,237.3,79.1,0,0,1,1,0.00%,88,75,85.20%,1,0.38,5,1.9,0.02,0.00x,TRUE,FALSE,TRUE,TRUE,TRUE,FALSE,TRUE,FALSE,TRUE,0,1,0,0,0,0,0,1,0,0,1,1,0,0,0,8,0,6.672801336,6,0,2,6,1,59,8,0,0,4007.519897,446.9199829,11336.56006,1639.529968,8914.27002,48,69,9,0,0,0,0,0,0,0,0,0,0,0,0,0,38,3,5,15,10,7,7,25,4,1,0,1,0,19,14,11,11,27,1,2,0,17,197,94,5,31,34,9,13,61,74,0,0,0,0,23,25,1,1,41,46,42,0,350,111,0,3,2,0.380240574,14,29.7163887,26344.7998,0,https://www.fifa.com/en/tournaments/mens/worldcup/canadamexicousa2026/statistics/player-statistics
402921,Lisandro MARTINEZ,MARTÍNEZ,Defender,DF,18/01/1998,28,Older,6,7,708.1,101.2,1,1,4,2,25.00%,450,422,93.80%,7,0.89,4,0.51,0.2,5.09x,TRUE,TRUE,TRUE,TRUE,TRUE,FALSE,TRUE,FALSE,TRUE,0,1,1,0,0,0,2,1,0,0,2,2,0,2,0,10,1,4.658246815,9,1,0,3,0,31,13,7,0,5632.360229,631.5200024,22385.76062,2089.790039,31448.20068,176,205,11,7,0,0,0,0,0,11,0,1,0,0,0,0,158,8,21,82,69,52,53,125,9,6,0,0,1,67,50,32,37,95,5,12,1,74,936,308,26,2,1,60,20,43,63,0,0,0,0,35,3,0,3,69,377,72,0,485,167,0,2,2,0.555937424,2,31.34750938,62187.62988,2,https://www.fifa.com/en/tournaments/mens/worldcup/canadamexicousa2026/statistics/player-statistics
477831,LOGAN COSTA,COSTA,Defender,DF,1/04/2001,25,Younger,5,0,0,,0,0,0,0,,0,0,,0,,0,,0,,FALSE,FALSE,FALSE,FALSE,TRUE,FALSE,FALSE,FALSE,FALSE,0,0,0,0,0,0,0,0,0,0,0,0,0,0,0,0,0,0,0,0,0,0,0,0,0,0,0,0,0,0,0,0,0,0,0,0,0,0,0,0,0,0,0,0,0,0,0,0,0,0,0,0,0,0,0,0,0,0,0,0,0,0,0,0,0,0,0,0,0,0,0,0,0,0,0,0,0,0,0,0,0,0,0,0,0,0,0,0,0,0,0,0,0,0,0,0,0,0,0,0,0,https://www.fifa.com/en/tournaments/mens/worldcup/canadamexicousa2026/statistics/player-statistics
480322,Luc DE FOUGEROLLES,DE FOUGEROLLES,Defender,DF,12/10/2005,20,Younger,4,5,421.3,84.3,0,0,3,1,0.00%,191,170,89.00%,8,1.71,8,1.71,0.17,0.00x,TRUE,TRUE,TRUE,TRUE,TRUE,FALSE,TRUE,FALSE,TRUE,0,0,0,1,0,0,0,1,0,0,3,1,2,0,0,8,1,6.368801403,8,0,0,1,0,41,22,8,0,6028.200134,935.200058,20577.61011,2410.410004,14428.01013,37,57,17,10,0,0,0,0,0,3,0,0,0,1,2,0,64,2,3,24,18,15,19,49,6,4,1,2,2,34,27,22,27,24,1,2,2,15,404,175,16,6,4,33,25,18,43,0,0,0,0,22,7,2,6,26,157,32,0,528,174,1,1,0,1.551350951,3,32.78503799,44379.43115,2,https://www.fifa.com/en/tournaments/mens/worldcup/canadamexicousa2026/statistics/player-statistics
510908,Luca JAQUEZ,JAQUEZ,Defender,DF,2/06/2003,23,Younger,25,2,89.6,44.8,0,0,0,0,,41,31,75.60%,3,3.01,1,1,0,,TRUE,FALSE,FALSE,FALSE,TRUE,FALSE,FALSE,FALSE,FALSE,0,0,0,0,0,0,0,0,0,0,0,0,0,0,0,1,0,2.176141818,1,0,0,2,0,15,4,2,0,1090.360031,271.2299957,4325.099609,498.3800278,3426.760406,20,30,3,2,0,0,0,0,0,0,0,0,0,0,0,0,18,3,2,8,5,3,3,9,4,2,1,1,0,6,2,0,1,14,1,1,0,6,88,39,3,9,9,2,2,18,20,0,0,0,0,10,7,1,2,26,13,28,0,96,39,1,1,1,0.388460532,5,33.64134598,9611.830444,0,https://www.fifa.com/en/tournaments/mens/worldcup/canadamexicousa2026/statistics/player-statistics
368860,Lucas Digne,DIGNE,Defender,DF,20/07/1993,32,Older,3,6,513.3,85.5,0,0,2,1,0.00%,283,252,89.00%,7,1.23,2,0.35,0.03,0.00x,TRUE,FALSE,TRUE,TRUE,TRUE,FALSE,TRUE,FALSE,TRUE,0,0,0,0,0,0,2,0,0,0,0,0,1,2,1,5,1,4.603317976,4,1,0,17,1,59,10,2,0,6828.040222,828.129982,17935.40015,2617.02005,24419.15015,90,122,27,2,0,0,0,0,0,0,0,0,0,0,0,0,92,1,7,36,28,24,28,72,8,4,1,3,4,48,40,33,36,35,0,4,3,28,601,251,25,53,34,28,32,83,115,0,0,0,0,34,38,6,2,49,216,51,0,588,211,1,2,0,0.508596718,40,31.20936584,52627.73975,0,https://www.fifa.com/en/tournaments/mens/worldcup/canadamexicousa2026/statistics/player-statistics
411470,Lucas HERNANDEZ,L. HERNANDEZ,Defender,DF,14/02/1996,30,Older,21,0,0,,0,0,0,0,,0,0,,0,,0,,0,,FALSE,FALSE,FALSE,FALSE,TRUE,FALSE,FALSE,FALSE,FALSE,0,0,0,0,0,0,0,0,0,0,0,0,0,0,0,0,0,0,0,0,0,0,0,0,0,0,0,0,0,0,0,0,0,0,0,0,0,0,0,0,0,0,0,0,0,0,0,0,0,0,0,0,0,0,0,0,0,0,0,0,0,0,0,0,0,0,0,0,0,0,0,0,0,0,0,0,0,0,0,0,0,0,0,0,0,0,0,0,0,0,0,0,0,0,0,0,0,0,0,0,0,https://www.fifa.com/en/tournaments/mens/worldcup/canadamexicousa2026/statistics/player-statistics
504931,Lucas HERRINGTON,HERRINGTON,Defender,DF,5/09/2007,18,Younger,25,2,232.6,116.3,0,0,0,0,,106,101,95.30%,2,0.77,0,0,0,,TRUE,FALSE,TRUE,TRUE,TRUE,FALSE,TRUE,FALSE,TRUE,0,0,0,0,0,0,0,0,0,0,0,0,0,0,0,1,0,2.981049418,1,0,0,0,0,11,4,2,0,2270.820007,101.5900002,12278.22021,549.7399902,8085.979736,51,57,4,2,0,0,0,0,0,0,0,0,0,0,0,0,21,0,4,17,14,12,13,16,0,0,0,0,0,4,2,0,0,19,0,2,0,14,232,85,4,0,0,34,7,27,34,0,0,0,0,17,3,0,1,40,63,41,0,210,41,0,0,0,0.116595197,1,32.66451263,23286.34961,0,https://www.fifa.com/en/tournaments/mens/worldcup/canadamexicousa2026/statistics/player-statistics
356673,LUCAS MENDES,L.MENDES,Defender,DF,3/07/1990,35,Older,3,1,13.1,13.1,0,0,0,0,,0,0,,0,0,0,0,0,,TRUE,FALSE,FALSE,FALSE,TRUE,FALSE,FALSE,FALSE,FALSE,0,0,0,0,0,0,0,0,0,0,0,0,0,0,0,0,0,2.347184022,0,0,0,0,0,5,1,0,0,219.0299988,10.8900013,675.289978,127.3600006,502.4299622,0,0,1,0,0,0,0,0,0,0,0,0,0,0,0,0,0,0,0,0,0,0,0,0,0,0,0,0,0,0,0,0,0,0,0,0,0,0,0,0,0,4,0,0,2,2,4,1,0,0,0,0,0,0,0,0,0,0,0,17,9,1,0,0,0.084105827,0,27.02177429,1535,0,https://www.fifa.com/en/tournaments/mens/worldcup/canadamexicousa2026/statistics/player-statistics
499290,Luka VUSKOVIC,VUŠKOVIĆ,Defender,DF,24/02/2007,19,Younger,22,1,71.6,71.6,0,0,0,0,,43,38,88.40%,1,1.26,1,1.26,0,,TRUE,FALSE,FALSE,FALSE,TRUE,FALSE,FALSE,FALSE,FALSE,0,0,0,0,0,0,0,0,0,0,0,0,0,0,0,4,0,1.469094038,2,0,0,0,0,3,2,0,0,918.1299438,135.2099915,2936.629883,269.8600159,2748.290039,3,8,0,0,0,0,0,0,0,0,0,0,0,0,0,0,8,1,1,3,1,1,1,3,1,0,0,0,0,4,2,2,2,2,0,0,0,2,94,32,2,0,1,7,5,3,8,0,0,0,0,2,0,0,0,2,43,2,0,81,21,0,1,0,0.04199611,0,29.0336647,7008.119629,0,https://www.fifa.com/en/tournaments/mens/worldcup/canadamexicousa2026/statistics/player-statistics
483553,Lutsharel GEERTRUIDA,GEERTRUIDA,Defender,DF,18/07/2000,25,Younger,2,0,0,,0,0,0,0,,0,0,,0,,0,,0,,FALSE,FALSE,FALSE,FALSE,TRUE,FALSE,FALSE,FALSE,FALSE,0,0,0,0,0,0,0,0,0,0,0,0,0,0,0,0,0,0,0,0,0,0,0,0,0,0,0,0,0,0,0,0,0,0,0,0,0,0,0,0,0,0,0,0,0,0,0,0,0,0,0,0,0,0,0,0,0,0,0,0,0,0,0,0,0,0,0,0,0,0,0,0,0,0,0,0,0,0,0,0,0,0,0,0,0,0,0,0,0,0,0,0,0,0,0,0,0,0,0,0,0,https://www.fifa.com/en/tournaments/mens/worldcup/canadamexicousa2026/statistics/player-statistics
514188,Malick THIAW,THIAW,Defender,DF,8/08/2001,24,Younger,24,2,50.2,25.1,0,0,0,0,,38,33,86.80%,1,1.79,1,1.79,0,,TRUE,FALSE,FALSE,FALSE,TRUE,FALSE,FALSE,FALSE,FALSE,0,0,0,0,0,0,0,0,0,0,0,0,0,0,0,1,0,3.000003219,0,0,0,0,0,7,3,2,0,826.6200256,71.88000298,2336.129944,273.5599899,1599.880035,15,19,3,2,0,0,0,0,0,0,0,0,0,0,0,0,16,0,1,7,7,6,6,12,0,0,0,0,0,9,5,4,8,9,0,1,0,7,80,29,0,0,0,1,0,1,1,0,0,0,0,0,2,0,4,8,25,12,0,69,20,2,0,0,0.492135569,1,32.16223145,5108.069946,0,https://www.fifa.com/en/tournaments/mens/worldcup/canadamexicousa2026/statistics/player-statistics
464055,Malo GUSTO,GUSTO,Defender,DF,19/05/2003,23,Younger,2,5,143.2,28.6,0,0,0,0,,76,69,90.80%,4,2.51,2,1.26,0,,TRUE,FALSE,TRUE,TRUE,TRUE,FALSE,TRUE,FALSE,TRUE,0,0,0,0,0,0,0,0,0,0,0,0,0,0,0,2,1,4.173427761,1,1,0,3,1,31,13,3,0,1915.550049,513.3299775,6324.210022,1018.249949,5266.630035,17,22,4,3,0,0,0,0,0,0,0,0,0,0,0,0,21,0,1,6,5,5,5,17,0,0,0,0,0,15,12,12,14,5,0,0,0,3,165,65,9,24,15,10,10,39,49,0,0,0,0,23,18,1,3,10,65,13,0,166,78,4,1,0,0.446335237,2,33.50418854,15037.9704,0,https://www.fifa.com/en/tournaments/mens/worldcup/canadamexicousa2026/statistics/player-statistics
499800,Mamadou SARR,SARR,Defender,DF,29/08/2005,20,Younger,2,0,0,,0,0,0,0,,0,0,,0,,0,,0,,FALSE,FALSE,FALSE,FALSE,TRUE,FALSE,FALSE,FALSE,FALSE,0,0,0,0,0,0,0,0,0,0,0,0,0,0,0,0,0,0,0,0,0,0,0,0,0,0,0,0,0,0,0,0,0,0,0,0,0,0,0,0,0,0,0,0,0,0,0,0,0,0,0,0,0,0,0,0,0,0,0,0,0,0,0,0,0,0,0,0,0,0,0,0,0,0,0,0,0,0,0,0,0,0,0,0,0,0,0,0,0,0,0,0,0,0,0,0,0,0,0,0,0,https://www.fifa.com/en/tournaments/mens/worldcup/canadamexicousa2026/statistics/player-statistics
405178,Manuel AKANJI,AKANJI,Defender,DF,19/07/1995,30,Older,5,6,673.6,112.3,0,0,1,1,0.00%,479,444,92.70%,4,0.53,4,0.53,0.18,0.00x,TRUE,FALSE,TRUE,TRUE,TRUE,FALSE,TRUE,FALSE,TRUE,0,0,0,0,0,0,0,0,0,0,1,1,0,0,0,17,8,5.604479074,17,8,0,0,0,44,21,7,0,7261.420166,901.289978,25775.17969,2272.680084,26450.56934,199,233,15,12,0,0,0,0,0,14,0,0,0,0,5,0,148,7,16,89,80,61,66,130,8,7,0,0,1,51,43,23,27,66,6,13,1,58,999,356,26,2,6,100,56,52,108,0,0,0,0,66,4,1,6,69,383,75,0,631,187,0,0,0,0.493680967,0,33.47406006,62661.13965,0,https://www.fifa.com/en/tournaments/mens/worldcup/canadamexicousa2026/statistics/player-statistics
430735,Marc CUCURELLA,CUCURELLA,Defender,DF,22/07/1998,27,Younger,24,8,857.4,107.2,0,2,5,3,0.00%,474,433,91.40%,8,0.84,4,0.42,0.35,0.00x,TRUE,TRUE,TRUE,TRUE,TRUE,FALSE,TRUE,FALSE,TRUE,0,0,1,0,0,0,1,2,0,0,3,2,2,2,1,6,2,6.179328322,4,2,0,15,3,113,26,6,0,10387.80969,1733.950012,35667.42065,4750.730042,35446.13989,214,260,21,8,0,0,0,0,0,0,0,0,0,1,2,0,133,8,9,44,34,25,27,97,13,7,4,4,1,76,56,47,58,59,3,6,0,40,987,431,46,165,137,110,90,322,412,4,0,0,0,132,118,16,14,158,272,172,0,907,363,0,0,1,2.377964661,57,33.32626724,87986.05176,1,https://www.fifa.com/en/tournaments/mens/worldcup/canadamexicousa2026/statistics/player-statistics
405841,Marc GUEHI,GUÉHI,Defender,DF,13/07/2000,25,Younger,6,8,761,95.1,0,0,1,0,0.00%,532,514,96.60%,4,0.47,13,1.54,0.15,0.00x,TRUE,FALSE,TRUE,TRUE,TRUE,FALSE,TRUE,FALSE,TRUE,0,0,0,0,1,0,0,0,0,0,1,0,0,0,0,13,4,5.823341727,13,3,0,0,0,32,7,18,0,7420.060089,957.2100134,31544.19843,2583.569962,28476.53058,86,105,8,25,0,0,0,0,0,12,0,0,0,1,7,0,125,8,7,67,60,49,52,107,10,7,0,0,2,48,40,27,31,31,5,6,2,24,1077,333,14,2,2,99,50,53,103,0,0,0,0,55,3,0,5,40,462,45,0,660,203,1,1,2,0.582671112,1,32.90412903,70981.57031,1,https://www.fifa.com/en/tournaments/mens/worldcup/canadamexicousa2026/statistics/player-statistics
484728,Marc PUBILL,MARC PUBILL,Defender,DF,20/06/2003,22,Younger,2,1,3.8,3.8,0,0,0,0,,2,2,100.00%,0,0,0,0,0,,TRUE,FALSE,FALSE,FALSE,TRUE,FALSE,FALSE,FALSE,FALSE,0,0,0,0,0,0,0,0,0,0,0,0,0,0,0,0,0,0.908918619,0,0,0,0,0,0,0,0,0,65.26000214,5.480000019,188.5399933,36.79999924,159.5800018,0,0,0,0,0,0,0,0,0,0,0,0,0,0,0,0,1,0,0,1,1,1,1,1,0,0,0,0,0,0,0,0,0,0,0,0,0,0,4,2,1,0,0,0,0,0,0,0,0,0,0,0,0,0,0,0,2,0,0,6,3,1,0,0,0.007489652,0,26.19968414,455.6600037,0,https://www.fifa.com/en/tournaments/mens/worldcup/canadamexicousa2026/statistics/player-statistics
463287,Marco FRIEDL,FRIEDL,Defender,DF,16/03/1998,28,Older,23,1,30.4,30.4,0,0,0,0,,31,30,96.80%,0,0,0,0,0,,TRUE,FALSE,FALSE,FALSE,TRUE,FALSE,FALSE,FALSE,FALSE,0,0,0,0,0,0,0,0,0,0,0,0,0,0,0,0,0,1.35844183,0,0,0,0,0,4,1,1,0,310.7399902,41.75,1153.75,169.9700012,1080.890015,2,2,0,1,0,0,0,0,0,0,0,0,0,0,0,0,9,0,1,4,4,3,3,8,0,0,0,0,0,5,4,3,4,2,0,1,0,2,64,11,0,0,0,1,0,1,1,0,0,0,0,1,1,0,0,0,31,0,0,30,12,1,0,0,0.110784471,0,29.49706078,2757.100098,0,https://www.fifa.com/en/tournaments/mens/worldcup/canadamexicousa2026/statistics/player-statistics
382739,Marcos LLORENTE,M. LLORENTE,Defender,DF,30/01/1995,31,Older,5,3,217.3,72.4,0,1,0,0,,152,142,93.40%,2,0.83,1,0.41,0,,TRUE,FALSE,TRUE,TRUE,TRUE,FALSE,TRUE,FALSE,TRUE,0,0,0,0,0,0,0,0,0,0,0,0,0,0,0,2,0,2.423106849,1,0,0,6,2,43,12,3,0,2463.54007,544.4499987,8950.709656,1090.479973,9187.210022,55,66,12,3,0,0,0,0,0,0,0,0,0,0,0,0,34,0,0,11,7,7,11,26,5,4,0,0,5,18,15,11,13,19,0,0,4,15,324,123,12,19,16,22,15,42,57,0,0,0,0,19,22,3,2,33,112,35,0,218,94,1,0,1,0.215445029,12,32.58219147,22236.38989,0,https://www.fifa.com/en/tournaments/mens/worldcup/canadamexicousa2026/statistics/player-statistics
402934,Marcos SENESI,SENESI,Defender,DF,10/05/1997,29,Older,2,2,126.7,63.4,0,0,2,0,0.00%,79,75,94.90%,0,0,3,2.13,0.84,0.00x,TRUE,FALSE,TRUE,TRUE,TRUE,FALSE,TRUE,FALSE,TRUE,0,0,0,0,0,0,0,0,0,1,2,0,1,0,0,0,0,1.521405935,0,0,0,0,0,4,3,2,0,1375.580078,130.1699982,5707.420166,417.3100128,4689.769775,17,22,0,2,0,0,0,0,0,2,0,0,0,1,0,0,17,1,4,10,7,5,5,9,1,0,0,0,0,6,2,0,1,10,0,2,0,3,167,53,3,0,2,12,4,10,14,0,0,0,0,5,1,1,1,6,71,7,0,118,33,1,0,0,0.706343748,0,32.46162033,12320.24951,0,https://www.fifa.com/en/tournaments/mens/worldcup/canadamexicousa2026/statistics/player-statistics
494625,Marcus HOLMGREN PEDERSEN,HOLMGREN,Defender,DF,16/07/2000,25,Younger,16,4,273.4,68.4,1,0,1,1,100.00%,107,87,81.30%,3,0.99,1,0.33,0.16,6.10x,TRUE,FALSE,TRUE,TRUE,TRUE,FALSE,TRUE,FALSE,TRUE,0,0,0,0,0,0,1,0,0,0,1,1,0,0,0,4,0,4.343099753,2,0,0,7,3,50,12,0,0,3818.180054,884.4199829,11384.44983,1635.610107,12044.50977,43,62,7,0,0,0,0,0,0,0,0,1,0,0,0,0,42,3,5,15,5,4,7,17,4,0,0,1,0,23,12,11,15,27,0,1,0,10,213,92,6,25,18,19,15,47,62,0,0,0,0,19,15,4,0,33,59,33,0,322,137,3,1,0,0.411532283,29,35.59302902,29767.16992,0,https://www.fifa.com/en/tournaments/mens/worldcup/canadamexicousa2026/statistics/player-statistics
448174,Marin PONGRACIC,PONGRAČIĆ,Defender,DF,11/09/1997,28,Older,3,3,311.6,103.9,0,0,1,0,0.00%,200,182,91.00%,3,0.87,0,0,0.05,0.00x,TRUE,FALSE,TRUE,TRUE,TRUE,FALSE,TRUE,FALSE,TRUE,0,0,0,0,0,0,0,0,0,0,1,0,1,0,0,9,1,4.190498948,9,1,0,0,0,13,7,3,0,3237.639954,424.210022,11658.4104,1325.01001,12337.90991,45,65,6,3,0,0,0,0,0,3,0,0,0,1,0,0,48,0,11,31,23,18,20,32,1,0,0,0,1,16,9,4,4,29,0,5,0,16,423,139,8,2,1,14,11,6,17,0,0,0,0,10,2,0,4,24,168,28,0,280,102,0,0,0,0.147815194,1,32.40371704,28983.17969,0,https://www.fifa.com/en/tournaments/mens/worldcup/canadamexicousa2026/statistics/player-statistics
419077,Mark McKENZIE,MCKENZIE,Defender,DF,25/02/1999,27,Younger,22,1,104.9,104.9,0,0,0,0,,51,47,92.20%,1,0.86,1,0.86,0,,TRUE,FALSE,TRUE,TRUE,TRUE,FALSE,TRUE,FALSE,TRUE,0,0,0,0,0,0,0,0,0,0,0,0,0,0,0,0,0,1.296888447,0,0,0,0,0,9,1,1,0,1704.599976,240.9800262,4728.97998,710.2901001,3953.149902,10,13,2,1,0,0,0,0,0,0,0,0,0,0,0,0,16,1,2,11,9,8,8,11,1,0,0,0,0,4,2,1,1,12,0,1,0,7,104,37,2,0,0,2,1,1,2,0,0,0,0,2,0,0,2,6,42,8,0,148,50,0,0,0,0.070003815,1,33.01599121,11338,0,https://www.fifa.com/en/tournaments/mens/worldcup/canadamexicousa2026/statistics/player-statistics
466844,Markhus LACROIX,LACROIX,Defender,DF,14/10/1993,32,Older,13,0,0,,0,0,0,0,,0,0,,0,,0,,0,,FALSE,FALSE,FALSE,FALSE,TRUE,FALSE,FALSE,FALSE,FALSE,0,0,0,0,0,0,0,0,0,0,0,0,0,0,0,0,0,0,0,0,0,0,0,0,0,0,0,0,0,0,0,0,0,0,0,0,0,0,0,0,0,0,0,0,0,0,0,0,0,0,0,0,0,0,0,0,0,0,0,0,0,0,0,0,0,0,0,0,0,0,0,0,0,0,0,0,0,0,0,0,0,0,0,0,0,0,0,0,0,0,0,0,0,0,0,0,0,0,0,0,0,https://www.fifa.com/en/tournaments/mens/worldcup/canadamexicousa2026/statistics/player-statistics
332946,MARQUINHOS,MARQUINHOS,Defender,DF,14/05/1994,32,Older,4,5,520.8,104.2,0,0,2,0,0.00%,380,367,96.60%,0,0,2,0.35,0.21,0.00x,TRUE,FALSE,TRUE,TRUE,TRUE,FALSE,TRUE,FALSE,TRUE,0,0,0,2,0,0,0,0,0,0,2,0,2,0,0,1,6,5.682284451,1,6,0,1,1,45,12,6,0,5274.899963,841.3500137,20922.66016,1908.430023,20384.25,61,71,11,6,0,0,0,0,0,0,0,0,0,1,0,0,86,3,13,36,29,18,20,70,4,3,0,0,1,46,38,26,29,27,2,9,1,18,785,217,22,3,2,54,32,27,59,1,0,0,0,34,3,0,6,24,349,30,0,453,141,0,0,0,0.544962622,0,33.7928772,49331.58984,0,https://www.fifa.com/en/tournaments/mens/worldcup/canadamexicousa2026/statistics/player-statistics
389740,Martin ERLIC,ERLIĆ,Defender,DF,24/01/1998,28,Older,25,0,0,,0,0,0,0,,0,0,,0,,0,,0,,FALSE,FALSE,FALSE,FALSE,TRUE,FALSE,FALSE,FALSE,FALSE,0,0,0,0,0,0,0,0,0,0,0,0,0,0,0,0,0,0,0,0,0,0,0,0,0,0,0,0,0,0,0,0,0,0,0,0,0,0,0,0,0,0,0,0,0,0,0,0,0,0,0,0,0,0,0,0,0,0,0,0,0,0,0,0,0,0,0,0,0,0,0,0,0,0,0,0,0,0,0,0,0,0,0,0,0,0,0,0,0,0,0,0,0,0,0,0,0,0,0,0,0,https://www.fifa.com/en/tournaments/mens/worldcup/canadamexicousa2026/statistics/player-statistics
489300,Martin EXPERIENCE,EXPERIENCE,Defender,DF,9/03/1999,27,Younger,8,3,306.9,102.3,0,0,1,0,0.00%,111,93,83.80%,7,2.05,6,1.76,0.01,0.00x,TRUE,FALSE,TRUE,TRUE,TRUE,FALSE,TRUE,FALSE,TRUE,0,0,0,0,0,0,0,1,0,0,0,0,1,1,0,8,3,6.646244208,4,3,0,6,0,91,26,3,0,5235.250122,939.3300323,14860.45996,2295.179993,10666.7998,48,75,26,3,0,0,0,0,0,0,0,0,0,0,0,0,36,1,3,17,12,11,13,20,6,2,2,3,2,13,6,5,7,24,0,1,0,12,243,119,8,41,45,30,32,84,116,0,0,0,0,36,25,1,3,44,61,47,0,447,187,0,0,1,0.769959591,17,32.8641777,33997.02051,0,https://www.fifa.com/en/tournaments/mens/worldcup/canadamexicousa2026/statistics/player-statistics
520039,Marvin SENAYA,SENEYA,Defender,DF,28/01/2001,25,Younger,26,4,312.8,78.2,0,0,2,0,0.00%,91,75,82.40%,6,1.73,4,1.15,0.1,0.00x,TRUE,FALSE,TRUE,TRUE,TRUE,FALSE,TRUE,FALSE,TRUE,0,2,0,0,0,0,1,1,0,0,1,0,0,1,0,5,1,5.766685486,1,1,0,8,2,89,24,1,0,3360.790031,690.7400055,13386.46039,1843.749992,11826.79022,27,45,34,1,0,0,0,0,0,0,0,0,0,0,0,0,36,1,3,13,8,6,9,23,4,3,2,3,0,19,12,10,15,20,1,1,0,15,201,100,3,17,11,27,12,43,55,0,0,0,0,19,10,3,5,20,65,25,0,285,171,0,2,1,0.35326324,21,31.64528275,31108.53052,0,https://www.fifa.com/en/tournaments/mens/worldcup/canadamexicousa2026/statistics/player-statistics
395760,Marwane SAADANE,SAADANE,Defender,DF,17/01/1992,34,Older,5,1,12.8,12.8,0,0,0,0,,0,0,,0,0,1,7.05,0,,TRUE,FALSE,FALSE,FALSE,TRUE,FALSE,FALSE,FALSE,FALSE,0,0,0,0,0,0,0,0,0,0,0,0,0,0,0,0,0,0.929415782,0,0,0,0,0,0,0,0,0,140.8300018,0,452.2700195,35.00999832,560.1599731,0,0,0,0,0,0,0,0,0,0,0,0,0,0,0,0,0,0,0,0,0,0,0,0,0,0,0,0,0,0,0,0,0,0,0,0,0,0,0,0,0,0,0,0,0,0,0,0,0,0,0,0,0,0,0,0,0,0,0,10,2,1,0,0,0.004529612,0,21.58344269,1188.269897,0,https://www.fifa.com/en/tournaments/mens/worldcup/canadamexicousa2026/statistics/player-statistics
500038,Mateo CHAVEZ,M. CHÁVEZ,Defender,DF,12/05/2004,22,Younger,20,1,81.5,81.5,1,0,1,1,100.00%,26,23,88.50%,1,1.1,1,1.1,0.49,2.05x,TRUE,FALSE,FALSE,FALSE,TRUE,FALSE,FALSE,FALSE,FALSE,0,0,1,0,0,0,0,0,0,0,1,1,0,0,0,3,0,1.244297123,2,0,0,1,0,18,3,1,0,1060.530029,190.4899902,3373.180176,488.6999817,3337.330078,8,13,5,2,0,0,0,0,0,0,0,1,0,0,1,0,12,1,1,3,1,1,1,7,2,1,1,1,0,7,5,5,5,6,0,0,0,4,49,29,4,9,27,14,14,36,50,0,0,0,0,3,6,0,0,5,13,5,0,96,41,0,1,2,0.218314409,8,31.32256699,8450.230469,0,https://www.fifa.com/en/tournaments/mens/worldcup/canadamexicousa2026/statistics/player-statistics
402893,Mathias OLIVERA,M. OLIVERA,Defender,DF,31/10/1997,28,Older,16,3,313.3,104.4,0,0,1,0,0.00%,226,213,94.20%,3,0.86,0,0,0.05,0.00x,TRUE,FALSE,TRUE,TRUE,TRUE,FALSE,TRUE,FALSE,TRUE,0,1,0,1,0,0,0,0,0,0,1,0,0,0,0,15,3,6.627143542,14,3,0,3,0,42,18,3,0,5609.500244,290.3799896,14216.62939,1872.77002,12605.89014,81,102,20,4,0,0,0,0,0,2,0,0,0,1,1,0,63,3,3,25,20,18,19,47,6,3,0,1,2,32,24,20,24,34,1,1,2,22,480,165,17,8,8,20,14,22,36,0,0,0,0,13,10,1,5,35,188,40,0,458,126,0,0,1,0.826245226,1,28.43159676,34595.16992,1,https://www.fifa.com/en/tournaments/mens/worldcup/canadamexicousa2026/statistics/player-statistics
402895,Matias VINA,M. VIÑA,Defender,DF,9/11/1997,28,Older,17,1,49.2,49.2,0,0,0,0,,29,23,79.30%,0,0,1,1.83,0,,TRUE,FALSE,FALSE,FALSE,TRUE,FALSE,FALSE,FALSE,FALSE,0,0,0,0,0,0,0,0,0,0,0,0,0,0,0,2,0,2.123611291,1,0,0,2,0,8,0,0,0,844.7599487,74.01000214,2077.189941,329.1099854,1902.420044,13,23,4,0,0,0,0,0,0,0,0,0,0,0,0,0,11,0,1,3,2,2,2,7,0,0,0,0,0,8,5,5,7,9,0,0,0,5,69,31,1,12,2,7,1,20,21,1,0,0,0,7,6,1,1,14,18,15,0,71,30,0,1,0,0.157432944,2,30.47267723,5227.489746,0,https://www.fifa.com/en/tournaments/mens/worldcup/canadamexicousa2026/statistics/player-statistics
483481,Mats WIEFFER,WIEFFER,Defender,DF,16/11/1999,26,Younger,12,0,0,,0,0,0,0,,0,0,,0,,0,,0,,FALSE,FALSE,FALSE,FALSE,TRUE,FALSE,FALSE,FALSE,FALSE,0,0,0,0,0,0,0,0,0,0,0,0,0,0,0,0,0,0,0,0,0,0,0,0,0,0,0,0,0,0,0,0,0,0,0,0,0,0,0,0,0,0,0,0,0,0,0,0,0,0,0,0,0,0,0,0,0,0,0,0,0,0,0,0,0,0,0,0,0,0,0,0,0,0,0,0,0,0,0,0,0,0,0,0,0,0,0,0,0,0,0,0,0,0,0,0,0,0,0,0,0,https://www.fifa.com/en/tournaments/mens/worldcup/canadamexicousa2026/statistics/player-statistics
486390,Max ARFSTEN,ARFSTEN,Defender,DF,19/04/2001,25,Younger,18,1,2.5,2.5,0,0,0,0,,0,0,,0,0,0,0,0,,TRUE,FALSE,FALSE,FALSE,TRUE,FALSE,FALSE,FALSE,FALSE,0,0,0,0,0,0,0,0,0,0,0,0,0,0,0,0,0,1.087979031,0,0,0,0,0,0,0,0,0,22.81999969,33.81000137,61.54000473,20.85000038,92.93000031,0,0,0,0,0,0,0,0,0,0,0,0,0,0,0,0,0,0,0,0,0,0,0,0,0,0,0,0,0,0,0,0,0,0,0,0,0,0,0,0,0,1,1,0,0,2,2,0,0,0,0,0,0,0,0,0,0,0,0,1,2,1,0,0,0.016324772,0,27.39565086,231.9500122,0,https://www.fifa.com/en/tournaments/mens/worldcup/canadamexicousa2026/statistics/player-statistics
405881,Maxence Lacroix,LACROIX,Defender,DF,6/04/2000,26,Younger,26,3,276.5,92.2,0,0,0,0,,130,125,96.20%,5,1.63,0,0,0,,TRUE,FALSE,TRUE,TRUE,TRUE,FALSE,TRUE,FALSE,TRUE,0,0,0,0,0,0,0,0,0,0,0,0,0,0,0,4,1,2.180777073,4,1,0,0,0,31,13,2,0,3109.589966,453.1599808,10595.08008,1117.600006,11230.30029,24,28,1,2,0,0,0,0,0,8,0,0,0,0,0,0,32,0,4,22,18,15,18,27,0,0,0,0,0,10,9,6,6,8,0,3,0,5,262,106,12,1,2,20,11,12,23,1,0,0,0,14,0,0,0,10,112,10,0,280,93,1,0,2,0.447469182,0,33.73163223,26505.73047,0,https://www.fifa.com/en/tournaments/mens/worldcup/canadamexicousa2026/statistics/player-statistics
448373,Maxim DE CUYPER,DE CUYPER,Defender,DF,22/12/2000,25,Younger,5,6,492.7,82.1,0,0,10,6,0.00%,246,203,82.50%,7,1.28,2,0.37,1.09,0.00x,TRUE,TRUE,TRUE,TRUE,TRUE,FALSE,TRUE,FALSE,TRUE,0,2,1,1,1,2,3,2,0,0,5,4,2,5,2,5,2,6.548115095,5,2,4,16,4,77,19,9,0,7676.479553,1244.569984,24134.26001,3166.139969,17794.94995,72,104,18,9,0,0,0,0,0,0,0,0,0,0,0,0,78,7,2,24,15,13,15,44,9,4,1,1,1,45,25,22,35,26,2,0,1,17,541,254,29,47,46,32,47,78,125,0,0,0,0,43,38,8,11,57,160,68,0,653,234,1,2,3,1.944496162,36,32.85943604,54016.39941,1,https://www.fifa.com/en/tournaments/mens/worldcup/canadamexicousa2026/statistics/player-statistics
504199,Mbekezeli MBOKAZI,MBOKAZI,Defender,DF,19/09/2005,20,Younger,14,4,402.1,100.5,0,0,4,1,0.00%,213,185,86.90%,3,0.67,4,0.9,0.06,0.00x,TRUE,TRUE,TRUE,TRUE,TRUE,FALSE,TRUE,FALSE,TRUE,0,3,0,0,0,0,2,1,0,0,0,0,0,4,1,10,3,5.306589961,7,2,0,2,0,49,16,6,0,3659.569946,761.6800079,14702.49976,1460.870026,15000.47046,46,71,9,6,0,0,0,0,0,5,0,0,0,0,0,0,90,7,20,50,33,21,23,53,7,4,0,0,0,33,16,4,6,47,4,8,0,30,466,193,11,5,6,18,13,16,29,1,0,0,0,13,4,0,5,24,191,29,0,336,138,0,0,2,0.255094439,2,33.76291656,35585.09082,0,https://www.fifa.com/en/tournaments/mens/worldcup/canadamexicousa2026/statistics/player-statistics
479072,MERCHAS DOSKI,DOSKI,Defender,DF,7/12/1999,26,Younger,23,3,303.9,101.3,0,0,1,0,0.00%,141,115,81.60%,3,0.89,8,2.37,0.02,0.00x,TRUE,FALSE,TRUE,TRUE,TRUE,FALSE,TRUE,FALSE,TRUE,0,1,0,0,0,0,0,1,0,0,0,0,0,1,0,9,1,6.213380973,3,1,0,3,2,65,25,3,0,3452.2099,708.6899948,14234.23975,1723.410065,11322.67993,57,87,4,3,0,0,0,0,0,0,0,0,0,0,0,0,72,9,2,32,21,19,21,36,13,3,2,4,0,27,12,10,16,49,1,1,0,20,298,132,4,15,45,28,22,66,88,0,0,0,0,29,11,1,2,56,75,58,0,307,128,0,0,0,0.36709138,26,32.11442947,31441.23145,1,https://www.fifa.com/en/tournaments/mens/worldcup/canadamexicousa2026/statistics/player-statistics
441179,Merih DEMIRAL,DEMİRAL,Defender,DF,5/03/1998,28,Older,3,2,208.8,104.4,0,0,6,2,0.00%,124,119,96.00%,2,0.86,1,0.43,0.24,0.00x,TRUE,TRUE,TRUE,TRUE,TRUE,FALSE,TRUE,FALSE,TRUE,0,0,0,0,2,0,0,4,0,0,3,0,4,3,2,2,2,4.054315567,0,2,0,1,0,9,3,0,0,1709.579895,466.2600098,8665.9104,715.3000488,9654.140137,31,43,3,0,0,0,0,0,0,0,0,0,0,2,0,0,29,3,5,13,10,4,5,21,5,2,0,2,0,11,9,3,3,12,2,4,0,4,273,101,20,17,4,15,19,17,36,3,0,0,0,16,10,2,6,20,105,26,0,153,57,0,0,0,1.557161212,3,33.8135643,21211.18945,0,https://www.fifa.com/en/tournaments/mens/worldcup/canadamexicousa2026/statistics/player-statistics
430120,Mert MULDUR,MERT MÜLDÜR,Defender,DF,3/04/1999,27,Younger,18,3,132.4,44.1,0,0,3,0,0.00%,81,72,88.90%,1,0.68,2,1.36,0.22,0.00x,TRUE,TRUE,TRUE,TRUE,TRUE,FALSE,TRUE,FALSE,TRUE,0,0,0,1,1,0,0,0,0,0,3,0,3,0,0,4,0,7.496017138,3,0,0,6,1,10,5,0,0,1795.420074,606.6100349,6361.38028,740.9700241,5628.910706,33,54,1,0,0,0,0,0,0,0,0,0,0,3,0,0,22,1,0,4,4,3,3,21,4,4,1,1,2,14,13,10,11,14,1,0,2,13,173,81,13,20,24,8,8,44,52,0,0,0,0,20,27,2,5,21,52,26,0,145,57,2,0,0,2.713717997,15,31.54913521,15133.28967,0,https://www.fifa.com/en/tournaments/mens/worldcup/canadamexicousa2026/statistics/player-statistics
261367,Michael BOXALL,BOXALL,Defender,DF,18/08/1988,37,Older,5,3,237,79,0,0,0,0,,115,104,90.40%,2,0.76,2,0.76,0,,TRUE,FALSE,TRUE,TRUE,TRUE,FALSE,TRUE,FALSE,TRUE,0,0,0,0,0,0,0,0,0,0,0,0,0,0,0,5,0,5.590577761,5,0,0,1,1,21,12,4,0,2330.480103,517.7700195,9343.920898,1049.759933,8938.850708,30,39,4,4,0,0,0,0,0,7,0,0,0,0,0,0,26,0,3,17,15,13,14,21,0,0,0,0,0,9,6,4,6,9,0,2,0,8,240,97,3,0,0,26,9,17,26,0,0,0,0,14,3,0,3,15,87,18,0,181,75,1,0,0,0.201378133,4,32.92463303,22180.7793,0,https://www.fifa.com/en/tournaments/mens/worldcup/canadamexicousa2026/statistics/player-statistics
491269,Michael SVOBODA,SVOBODA,Defender,DF,15/10/1998,27,Younger,25,0,0,,0,0,0,0,,0,0,,0,,0,,0,,FALSE,FALSE,FALSE,FALSE,TRUE,FALSE,FALSE,FALSE,FALSE,0,0,0,0,0,0,0,0,0,0,0,0,0,0,0,0,0,0,0,0,0,0,0,0,0,0,0,0,0,0,0,0,0,0,0,0,0,0,0,0,0,0,0,0,0,0,0,0,0,0,0,0,0,0,0,0,0,0,0,0,0,0,0,0,0,0,0,0,0,0,0,0,0,0,0,0,0,0,0,0,0,0,0,0,0,0,0,0,0,0,0,0,0,0,0,0,0,0,0,0,0,https://www.fifa.com/en/tournaments/mens/worldcup/canadamexicousa2026/statistics/player-statistics
448140,Micky VAN DE VEN,VAN DE VEN,Defender,DF,19/04/2001,25,Younger,15,3,291.4,97.1,0,0,3,1,0.00%,117,105,89.70%,5,1.54,1,0.31,0.13,0.00x,TRUE,TRUE,TRUE,TRUE,TRUE,FALSE,TRUE,FALSE,TRUE,0,0,0,0,1,0,0,1,0,0,2,1,2,1,0,4,0,4.215517879,2,0,0,3,0,87,13,0,0,2865.520081,736.8899994,9134.649414,1097.26001,13507.70996,42,58,8,0,0,0,0,0,0,0,0,0,0,2,0,0,34,2,3,8,6,3,3,24,3,2,0,1,0,23,16,13,18,13,2,1,0,6,242,99,12,8,2,8,5,13,18,0,0,0,0,10,11,3,5,19,85,24,0,245,92,0,1,1,0.447181486,20,36.77028656,27342.03027,1,https://www.fifa.com/en/tournaments/mens/worldcup/canadamexicousa2026/statistics/player-statistics
390537,Milad MOHAMMADI,M. MOHAMMADI,Defender,DF,29/09/1993,32,Older,5,3,235.6,78.5,0,0,1,1,0.00%,80,66,82.50%,1,0.38,1,0.38,0.06,0.00x,TRUE,FALSE,TRUE,TRUE,TRUE,FALSE,TRUE,FALSE,TRUE,0,0,1,0,0,0,0,0,0,0,1,1,0,0,0,11,0,6.702778498,8,0,0,4,0,62,22,0,0,3581.769897,641.8299637,10445.84985,1958.950073,9372.220093,29,46,23,0,0,0,0,0,0,0,0,0,0,0,0,0,39,3,5,14,7,4,6,22,4,3,1,1,0,21,12,9,13,16,2,1,0,7,174,84,7,31,18,8,20,37,57,2,0,0,0,12,12,4,2,24,50,26,0,299,142,1,0,6,0.510602258,20,30.74351883,26000.62061,0,https://www.fifa.com/en/tournaments/mens/worldcup/canadamexicousa2026/statistics/player-statistics
436599,Miles ROBINSON,M. ROBINSON,Defender,DF,14/03/1997,29,Older,12,1,104.9,104.9,0,0,1,0,0.00%,58,54,93.10%,2,1.72,0,0,0.06,0.00x,TRUE,FALSE,TRUE,TRUE,TRUE,FALSE,TRUE,FALSE,TRUE,0,1,0,1,0,0,0,0,0,0,1,0,0,0,0,1,1,1.362184906,1,1,0,0,0,11,5,0,0,1651.219971,265.1499634,5705.160645,582.7999878,3704.719727,22,27,6,0,0,0,0,0,0,0,0,0,0,1,0,0,17,0,3,11,9,8,8,13,0,0,0,0,0,6,4,3,3,11,0,1,0,7,129,45,4,0,0,15,10,5,15,0,0,0,0,10,1,0,1,17,41,18,0,134,43,0,0,0,0.07385356,0,34.33323288,11909.0498,0,https://www.fifa.com/en/tournaments/mens/worldcup/canadamexicousa2026/statistics/player-statistics
331149,Milos DEGENEK,DEGENEK,Defender,DF,28/04/1994,32,Older,2,0,0,,0,0,0,0,,0,0,,0,,0,,0,,FALSE,FALSE,FALSE,FALSE,TRUE,FALSE,FALSE,FALSE,FALSE,0,0,0,0,0,0,0,0,0,0,0,0,0,0,0,0,0,0,0,0,0,0,0,0,0,0,0,0,0,0,0,0,0,0,0,0,0,0,0,0,0,0,0,0,0,0,0,0,0,0,0,0,0,0,0,0,0,0,0,0,0,0,0,0,0,0,0,0,0,0,0,0,0,0,0,0,0,0,0,0,0,0,0,0,0,0,0,0,0,0,0,0,0,0,0,0,0,0,0,0,0,https://www.fifa.com/en/tournaments/mens/worldcup/canadamexicousa2026/statistics/player-statistics
493221,Miro MUHEIM,MUHEIM,Defender,DF,24/03/1998,28,Older,2,3,115,38.3,0,0,0,0,,40,31,77.50%,1,0.78,3,2.35,0,,TRUE,FALSE,FALSE,TRUE,TRUE,FALSE,TRUE,FALSE,FALSE,0,0,0,0,0,0,0,0,0,0,0,0,0,0,0,1,0,3.23398757,0,0,0,3,0,16,1,2,0,1533.259979,210.1800137,5125.619904,559.2700043,4641.730011,12,22,3,2,0,0,0,0,0,0,0,0,0,0,0,0,23,3,2,7,3,1,2,10,5,1,0,1,1,11,6,3,5,10,0,2,1,1,77,36,2,9,13,8,2,28,30,0,1,0,0,8,6,0,0,9,22,9,0,150,44,3,0,0,0.553295076,11,31.94286156,12070.05969,1,https://www.fifa.com/en/tournaments/mens/worldcup/canadamexicousa2026/statistics/player-statistics
416902,MOHAMED ABDELMONEIM,M. ABDELMONIEM,Defender,DF,1/02/1999,27,Younger,6,2,15.7,7.9,0,0,0,0,,14,14,100.00%,1,5.72,0,0,0,,TRUE,FALSE,FALSE,FALSE,TRUE,FALSE,FALSE,FALSE,FALSE,0,0,0,0,0,0,0,0,0,0,0,0,0,0,0,0,1,3.291000843,0,1,0,0,0,0,0,0,0,278.6699905,27.17000008,666.4199982,113.8700027,444.5700188,4,4,0,0,0,0,0,0,0,0,0,0,0,0,0,0,3,0,0,3,3,3,3,3,0,0,0,0,0,0,0,0,0,1,0,0,0,1,32,10,1,0,1,5,1,5,6,0,0,0,0,4,0,0,0,3,12,3,0,26,10,1,1,0,0.042542029,0,27.94664574,1530.69989,0,https://www.fifa.com/en/tournaments/mens/worldcup/canadamexicousa2026/statistics/player-statistics
425607,Mohamed Amine BEN HMIDA,BEN HMIDA,Defender,DF,15/12/1995,30,Older,21,3,221.8,73.9,0,0,0,0,,98,81,82.70%,3,1.22,1,0.41,0,,TRUE,FALSE,TRUE,TRUE,TRUE,FALSE,TRUE,FALSE,TRUE,0,0,0,0,0,0,0,0,0,0,0,0,0,0,0,4,1,5.954226176,4,0,0,0,0,30,11,1,0,1992.399933,353.159996,9271.130127,843.8500366,9568.039795,30,40,7,2,0,0,0,0,0,0,0,0,0,0,1,0,54,0,11,30,24,18,19,35,1,0,0,0,1,23,11,5,11,23,0,6,0,15,208,84,2,2,0,36,12,26,38,0,0,0,0,16,1,0,2,16,77,18,0,167,70,1,1,0,0.06906821,4,33.79536438,22028.58057,0,https://www.fifa.com/en/tournaments/mens/worldcup/canadamexicousa2026/statistics/player-statistics
433600,Mohamed Amine TOUGAI,TOUGAI,Defender,DF,22/01/2000,26,Younger,4,0,0,,0,0,0,0,,0,0,,0,,0,,0,,FALSE,FALSE,FALSE,FALSE,TRUE,FALSE,FALSE,FALSE,FALSE,0,0,0,0,0,0,0,0,0,0,0,0,0,0,0,0,0,0,0,0,0,0,0,0,0,0,0,0,0,0,0,0,0,0,0,0,0,0,0,0,0,0,0,0,0,0,0,0,0,0,0,0,0,0,0,0,0,0,0,0,0,0,0,0,0,0,0,0,0,0,0,0,0,0,0,0,0,0,0,0,0,0,0,0,0,0,0,0,0,0,0,0,0,0,0,0,0,0,0,0,0,https://www.fifa.com/en/tournaments/mens/worldcup/canadamexicousa2026/statistics/player-statistics
408950,MOHAMED HANY,M. HANY,Defender,DF,2/02/1996,30,Older,3,5,546.8,109.4,0,1,4,0,0.00%,282,245,86.90%,2,0.33,1,0.16,0.09,0.00x,TRUE,TRUE,TRUE,TRUE,TRUE,FALSE,TRUE,FALSE,TRUE,0,1,1,0,0,0,1,2,0,0,0,0,3,4,0,8,1,5.712720776,5,1,0,17,4,90,11,7,0,5733.570007,886.4200134,21627.76001,2478.350067,21414.45044,108,144,10,7,0,0,0,0,0,0,0,0,0,0,0,0,96,6,7,37,26,22,24,62,9,5,2,3,0,50,31,27,37,55,3,1,0,35,601,251,18,46,80,40,33,133,166,0,2,0,0,72,40,9,5,80,183,85,0,516,201,0,0,4,0.43047858,41,31.18764687,52140.5498,0,https://www.fifa.com/en/tournaments/mens/worldcup/canadamexicousa2026/statistics/player-statistics
489551,MOHAMMAD ABUALNADI,ABU ALNADI,Defender,DF,8/02/2001,25,Younger,16,1,75.2,75.2,0,0,0,0,,31,24,77.40%,0,0,0,0,0,,TRUE,FALSE,FALSE,FALSE,TRUE,FALSE,FALSE,FALSE,FALSE,0,0,0,0,0,0,0,0,0,0,0,0,0,0,0,0,0,2.237814426,0,0,0,0,0,6,3,0,0,1246.209961,276.2600098,4107.439941,384.9500122,2401.089844,10,15,2,0,0,0,0,0,0,0,0,0,0,0,0,0,14,0,3,8,5,4,5,9,0,0,0,0,0,6,4,3,3,6,0,1,0,5,60,26,1,0,2,24,4,22,26,0,0,0,0,10,1,0,0,10,16,10,0,115,31,0,1,0,0.143974096,7,31.1646862,8415.950195,0,https://www.fifa.com/en/tournaments/mens/worldcup/canadamexicousa2026/statistics/player-statistics
433526,MOHAMMAD ABUHASHEESH,ABU HASHEESH,Defender,DF,9/05/1995,31,Older,2,1,13.2,13.2,0,0,0,0,,3,3,100.00%,0,0,0,0,0,,TRUE,FALSE,FALSE,FALSE,TRUE,FALSE,FALSE,FALSE,FALSE,0,0,0,0,0,0,0,0,0,0,0,0,0,0,0,0,0,2.499684811,0,0,0,0,0,7,2,0,0,253.460022,29.45000076,678.9500122,212.0599976,486.5099792,2,2,0,0,0,0,0,0,0,0,0,0,0,0,0,0,1,0,0,1,1,1,1,1,0,0,0,0,0,0,0,0,0,1,0,0,0,1,6,4,0,0,0,0,0,0,0,0,0,0,0,0,0,0,0,1,1,1,0,25,12,1,0,0,0.220130756,1,27.60571289,1660.430054,0,https://www.fifa.com/en/tournaments/mens/worldcup/canadamexicousa2026/statistics/player-statistics
512183,MOHAMMED ABU ALSHAMAT,MOHAMMED,Defender,DF,11/08/2002,23,Younger,26,3,153.5,51.2,0,0,1,1,0.00%,64,51,79.70%,2,1.17,1,0.59,0.02,0.00x,TRUE,FALSE,TRUE,TRUE,TRUE,FALSE,TRUE,FALSE,TRUE,0,0,0,0,0,0,0,1,0,0,1,1,0,0,0,1,1,6.754562219,1,0,0,3,0,67,16,0,0,2443.830017,361.9499741,7428.050171,1082.909973,5813.710083,36,52,10,0,0,0,0,0,0,0,0,0,0,0,0,0,21,2,0,4,2,2,2,8,4,1,1,1,1,13,5,5,10,20,0,0,0,7,143,57,3,15,28,15,28,30,58,0,0,0,0,26,27,1,2,42,26,44,0,212,87,2,1,0,1.31289205,2,31.25043106,17130.4502,0,https://www.fifa.com/en/tournaments/mens/worldcup/canadamexicousa2026/statistics/player-statistics
466585,Moise BOMBITO,BOMBITO,Defender,DF,30/03/2000,26,Younger,15,3,221.1,73.7,0,0,1,1,0.00%,111,96,86.50%,2,0.81,0,0,0.2,0.00x,TRUE,FALSE,TRUE,TRUE,TRUE,FALSE,TRUE,FALSE,TRUE,0,1,0,1,0,0,0,0,0,0,1,1,0,0,0,1,1,3.436944103,1,1,0,0,0,11,2,1,0,2573.359985,467.5900269,9477.230713,887.2599487,7821.270142,28,39,4,1,0,0,0,0,0,0,0,0,0,1,0,0,38,2,2,14,9,9,10,24,4,2,0,0,2,20,13,11,14,19,0,0,2,8,236,94,7,2,1,35,19,19,38,0,0,0,0,22,1,1,2,20,91,22,0,212,72,1,1,0,0.610044975,0,32.48624802,21226.70996,0,https://www.fifa.com/en/tournaments/mens/worldcup/canadamexicousa2026/statistics/player-statistics
433380,Montassar TALBI,TALBI,Defender,DF,26/05/1998,28,Older,3,3,298.7,99.6,0,0,1,0,0.00%,113,107,94.70%,1,0.3,1,0.3,0.08,0.00x,TRUE,FALSE,TRUE,TRUE,TRUE,FALSE,TRUE,FALSE,TRUE,0,0,0,1,0,0,0,0,0,0,1,0,0,0,0,0,4,6.01511542,0,3,0,0,0,17,6,3,0,3213.800049,451.730011,13596.73047,1017.819977,11665.70996,28,32,5,5,0,0,0,0,0,1,0,0,0,1,2,0,20,0,4,14,9,7,10,13,0,0,0,0,0,6,4,2,2,10,0,2,0,7,236,89,1,2,2,26,11,19,30,0,0,0,0,17,2,0,2,22,85,24,0,275,77,0,0,0,0.198320638,0,30.59958649,29945.79004,0,https://www.fifa.com/en/tournaments/mens/worldcup/canadamexicousa2026/statistics/player-statistics
441362,Mortadha BEN OUANES,BEN OUANES,Defender,DF,2/07/1994,31,Older,12,1,27.9,27.9,0,0,0,0,,4,3,75.00%,0,0,1,3.22,0,,TRUE,FALSE,FALSE,FALSE,TRUE,FALSE,FALSE,FALSE,FALSE,0,0,0,0,0,0,0,0,0,0,0,0,0,0,0,0,0,2.422801495,0,0,0,0,0,10,3,1,0,580.4500122,74.15000153,1658.969971,196.6300049,868.7700195,1,2,3,1,0,0,0,0,0,0,0,0,0,0,0,0,3,1,0,1,0,0,0,0,1,0,0,0,0,1,0,0,0,3,0,0,0,0,8,4,0,6,8,3,13,4,17,0,0,0,0,3,0,0,0,3,1,3,0,38,18,1,0,0,0.165388286,0,28.55512047,3378.969971,0,https://www.fifa.com/en/tournaments/mens/worldcup/canadamexicousa2026/statistics/player-statistics
419303,MOTEB ALHARBI,MOTEB,Defender,DF,20/02/2000,26,Younger,24,3,213.1,71,0,0,0,0,,77,57,74.00%,0,0,4,1.69,0,,TRUE,FALSE,TRUE,TRUE,TRUE,FALSE,TRUE,FALSE,TRUE,0,0,0,0,0,0,0,0,0,0,0,0,0,0,0,4,0,6.752855619,3,0,0,2,0,64,2,0,0,2573.51001,753.3700104,9165.000366,1313.560059,8705.799683,29,44,11,0,0,0,0,0,0,0,0,0,0,0,0,0,38,4,4,15,8,4,7,20,5,1,1,1,0,18,11,7,10,20,0,4,0,14,168,82,1,18,19,12,20,29,49,0,0,0,0,13,8,4,2,23,48,25,0,235,107,1,1,1,0.320724145,15,33.77691269,22511.24011,0,https://www.fifa.com/en/tournaments/mens/worldcup/canadamexicousa2026/statistics/player-statistics
430690,Moussa Niakhate,NIAKHATÉ,Defender,DF,8/03/1996,30,Older,19,4,459.9,115,0,1,1,0,0.00%,290,271,93.40%,3,0.59,6,1.17,0.06,0.00x,TRUE,FALSE,TRUE,TRUE,TRUE,FALSE,TRUE,FALSE,TRUE,0,0,0,1,0,0,0,0,0,0,1,0,0,0,0,6,4,5.567696095,6,3,0,2,1,21,4,6,0,4524.980042,377.75,19471.3501,1446.420074,16791.28052,80,97,12,7,0,0,0,0,0,13,0,0,0,1,1,0,95,1,15,50,45,33,34,80,1,1,0,0,0,44,34,22,28,58,1,11,0,50,585,204,16,2,1,55,29,29,58,0,0,0,0,30,5,0,5,51,218,56,0,386,119,0,0,0,0.483563958,3,30.89634514,42611.7793,0,https://www.fifa.com/en/tournaments/mens/worldcup/canadamexicousa2026/statistics/player-statistics
506335,Moutaz NEFFATI,NEFFATI,Defender,DF,4/09/2004,21,Younger,23,0,0,,0,0,0,0,,0,0,,0,,0,,0,,FALSE,FALSE,FALSE,FALSE,TRUE,FALSE,FALSE,FALSE,FALSE,0,0,0,0,0,0,0,0,0,0,0,0,0,0,0,0,0,0,0,0,0,0,0,0,0,0,0,0,0,0,0,0,0,0,0,0,0,0,0,0,0,0,0,0,0,0,0,0,0,0,0,0,0,0,0,0,0,0,0,0,0,0,0,0,0,0,0,0,0,0,0,0,0,0,0,0,0,0,0,0,0,0,0,0,0,0,0,0,0,0,0,0,0,0,0,0,0,0,0,0,0,https://www.fifa.com/en/tournaments/mens/worldcup/canadamexicousa2026/statistics/player-statistics
434024,MUNAF YOUNUS,MUNAF,Defender,DF,16/11/1996,29,Older,6,1,89.5,89.5,0,0,0,0,,19,17,89.50%,0,0,0,0,0,,TRUE,FALSE,FALSE,FALSE,TRUE,FALSE,FALSE,FALSE,FALSE,0,0,0,0,0,0,0,0,0,0,0,0,0,0,0,0,0,1.95459493,0,0,0,0,0,11,5,0,0,740.4899902,78.22000122,3733.800049,297.5700073,3899.590088,10,12,2,0,0,0,0,0,0,0,0,0,0,0,0,0,5,0,1,2,2,1,1,4,0,0,0,0,0,3,2,1,2,3,0,1,0,2,40,18,0,0,0,2,1,1,2,0,0,0,0,2,0,0,0,8,12,8,0,63,22,1,0,0,0.032613605,0,30.08926582,8749.669922,0,https://www.fifa.com/en/tournaments/mens/worldcup/canadamexicousa2026/statistics/player-statistics
479056,MUSTAFA SAADOON,MUSTAFA,Defender,DF,25/05/2001,25,Younger,25,1,24.6,24.6,0,0,0,0,,1,1,100.00%,2,7.3,0,0,0,,TRUE,FALSE,FALSE,FALSE,TRUE,FALSE,FALSE,FALSE,FALSE,0,0,0,0,0,0,0,0,0,0,0,0,0,0,0,0,0,2.009195487,0,0,0,0,0,6,2,0,0,288.980011,80.43000031,863.4899902,190.0599976,1059.880005,0,0,0,0,0,0,0,0,0,0,0,0,0,0,0,0,0,0,0,0,0,0,0,0,0,0,0,0,0,0,0,0,0,0,0,0,0,0,2,1,0,1,2,0,0,3,3,0,0,0,0,0,0,0,0,0,1,0,0,26,15,1,0,0,0.071074359,0,31.60081863,2482.839844,0,https://www.fifa.com/en/tournaments/mens/worldcup/canadamexicousa2026/statistics/player-statistics
402925,Nahuel MOLINA,MOLINA,Defender,DF,6/04/1998,28,Older,26,7,592.6,84.7,0,0,1,0,0.00%,276,234,84.80%,3,0.46,0,0,0.02,0.00x,TRUE,FALSE,TRUE,TRUE,TRUE,FALSE,TRUE,FALSE,TRUE,0,0,0,0,0,0,0,1,0,0,0,0,1,1,0,2,2,5.139705896,1,2,0,6,0,128,26,0,0,7233.5401,1430.570023,21381.39014,3192.330017,24633.34961,103,142,27,0,0,0,0,0,0,0,0,0,0,0,0,0,80,3,7,41,25,24,31,42,6,2,1,2,1,33,15,13,22,50,0,1,1,21,572,235,22,86,89,61,50,186,236,1,0,0,0,80,46,6,6,98,158,104,0,608,265,2,4,1,1.238236323,30,33.66386414,57871.18115,0,https://www.fifa.com/en/tournaments/mens/worldcup/canadamexicousa2026/statistics/player-statistics
419572,Nando PIJNAKER,PIJNAKER,Defender,DF,25/02/1999,27,Younger,15,0,0,,0,0,0,0,,0,0,,0,,0,,0,,FALSE,FALSE,FALSE,FALSE,TRUE,FALSE,FALSE,FALSE,FALSE,0,0,0,0,0,0,0,0,0,0,0,0,0,0,0,0,0,0,0,0,0,0,0,0,0,0,0,0,0,0,0,0,0,0,0,0,0,0,0,0,0,0,0,0,0,0,0,0,0,0,0,0,0,0,0,0,0,0,0,0,0,0,0,0,0,0,0,0,0,0,0,0,0,0,0,0,0,0,0,0,0,0,0,0,0,0,0,0,0,0,0,0,0,0,0,0,0,0,0,0,0,https://www.fifa.com/en/tournaments/mens/worldcup/canadamexicousa2026/statistics/player-statistics
336088,Nathan AKE,AKÉ,Defender,DF,18/02/1995,31,Older,5,3,190,63.3,0,0,1,0,0.00%,123,112,91.10%,2,0.95,2,0.95,0.14,0.00x,TRUE,FALSE,TRUE,TRUE,TRUE,FALSE,TRUE,FALSE,TRUE,0,0,0,0,0,0,0,1,0,0,1,0,1,0,0,1,0,4.50581336,1,0,0,1,0,19,4,2,0,1583.090004,354.6299572,8661.080322,600.7400169,7380.809998,27,36,8,3,0,0,0,0,0,0,0,0,0,1,1,0,39,1,3,18,12,12,14,23,3,0,0,0,2,18,11,11,12,15,0,0,0,8,253,86,7,1,5,22,5,23,28,0,0,0,0,11,3,0,3,14,101,17,0,136,49,1,1,0,0.227082944,4,33.35748672,18580.34985,0,https://www.fifa.com/en/tournaments/mens/worldcup/canadamexicousa2026/statistics/player-statistics
514166,Nathan NGOY,NGOY,Defender,DF,10/06/2003,23,Younger,25,4,376.7,94.2,0,0,1,0,0.00%,219,205,93.60%,6,1.43,1,0.24,0.02,0.00x,TRUE,FALSE,TRUE,TRUE,TRUE,FALSE,TRUE,FALSE,TRUE,0,0,0,0,0,0,1,0,0,0,1,0,1,0,0,12,4,4.745399857,12,4,0,0,0,30,15,4,1,4100.870117,615.219986,16187.45947,1263.140015,15295.94971,63,81,10,4,0,0,0,0,0,2,0,0,0,0,0,0,57,4,3,23,18,15,16,45,4,1,0,0,0,30,26,23,23,31,1,2,0,21,477,185,18,0,1,26,12,15,27,0,0,0,0,16,0,0,2,31,185,33,1,353,112,0,0,0,0.198669497,0,34.4893074,37462.64063,0,https://www.fifa.com/en/tournaments/mens/worldcup/canadamexicousa2026/statistics/player-statistics
433694,Nathan PATTERSON,PATTERSON,Defender,DF,16/10/2001,24,Younger,22,3,204.1,68,0,0,0,0,,109,94,86.20%,2,0.88,0,0,0,,TRUE,FALSE,TRUE,TRUE,TRUE,FALSE,TRUE,FALSE,TRUE,0,0,0,0,0,0,0,0,0,0,0,0,0,0,0,4,1,6.303208987,3,1,0,2,0,37,9,1,0,2258.47998,687.6800385,8389.610229,1025.480026,8674.760437,27,37,7,1,0,0,0,0,0,0,0,0,0,0,0,0,38,3,3,21,14,12,15,22,3,0,0,0,0,14,8,6,8,16,0,2,0,8,222,83,2,10,19,26,10,45,55,0,0,0,0,26,10,0,2,19,76,21,0,203,86,1,2,1,0.098819809,16,32.07349396,21036.00977,0,https://www.fifa.com/en/tournaments/mens/worldcup/canadamexicousa2026/statistics/player-statistics
511015,Nathaniel BROWN,BROWN,Defender,DF,16/06/2003,22,Younger,18,3,319.3,106.4,1,1,3,2,33.30%,131,115,87.80%,4,1.13,1,0.28,0.21,4.87x,TRUE,TRUE,TRUE,TRUE,TRUE,FALSE,TRUE,FALSE,TRUE,0,1,0,0,0,0,1,2,0,0,3,2,0,0,0,7,0,4.93200779,5,0,11,19,6,64,21,0,0,4239.679688,823.200058,15598.2207,1743.360016,12390.22949,58,86,3,0,0,0,0,0,0,0,0,1,0,0,0,0,32,2,1,8,5,4,5,24,6,4,2,3,1,18,15,13,14,19,1,0,1,11,304,139,14,60,55,37,62,90,152,0,0,0,0,52,41,8,7,58,73,65,0,354,129,0,1,2,1.998651087,10,33.81826401,34794.69043,0,https://www.fifa.com/en/tournaments/mens/worldcup/canadamexicousa2026/statistics/player-statistics
430518,NAWAF BU WASHL,NAWAF,Defender,DF,16/09/1999,26,Younger,13,2,104.8,52.4,0,0,0,0,,46,35,76.10%,1,0.86,1,0.86,0,,TRUE,FALSE,FALSE,TRUE,TRUE,FALSE,TRUE,FALSE,FALSE,0,0,0,0,0,0,0,0,0,0,0,0,0,0,0,1,0,4.311446349,1,0,0,0,0,27,4,1,0,1273.069977,319.3400116,4593.400085,592.2799377,3825.630249,8,14,3,1,0,0,0,0,0,0,0,0,0,0,0,0,17,1,0,6,4,4,5,11,1,0,0,0,0,10,7,7,9,5,0,0,0,4,85,40,1,2,3,4,3,6,9,0,0,0,0,4,1,0,0,3,32,3,0,105,56,1,1,0,0.044864236,11,32.59290695,10603.71985,0,https://www.fifa.com/en/tournaments/mens/worldcup/canadamexicousa2026/statistics/player-statistics
395212,NELSON SEMEDO,N. SEMEDO,Defender,DF,16/11/1993,32,Older,2,4,164.1,41,0,0,0,0,,91,84,92.30%,2,1.1,2,1.1,0,,TRUE,FALSE,TRUE,TRUE,TRUE,FALSE,TRUE,FALSE,TRUE,0,0,0,0,0,0,0,0,0,0,0,0,0,0,0,7,0,5.019832516,5,0,0,5,0,31,3,0,0,2237.660126,703.2099838,6585.980103,1033.690018,6069.859924,40,56,6,0,0,0,0,0,0,0,0,0,0,0,0,0,41,2,3,15,11,10,10,28,3,0,0,1,0,23,17,16,18,27,0,1,0,14,196,75,6,18,25,9,26,26,52,0,0,0,0,21,7,3,3,23,66,26,0,196,79,4,0,3,1.361313367,8,35.8953476,16630.40015,1,https://www.fifa.com/en/tournaments/mens/worldcup/canadamexicousa2026/statistics/player-statistics
398509,Nico ELVEDI,ELVEDI,Defender,DF,30/09/1996,29,Older,4,6,673.6,112.3,0,0,3,0,0.00%,438,406,92.70%,5,0.67,6,0.8,0.3,0.00x,TRUE,TRUE,TRUE,TRUE,TRUE,FALSE,TRUE,FALSE,TRUE,0,2,0,1,0,0,0,1,0,0,3,0,1,0,0,23,5,5.663737615,23,5,0,0,0,48,12,6,0,6913.720093,906.7000275,28624.19043,2311.690002,24448.09058,189,233,8,9,0,0,0,0,0,0,0,0,0,2,3,0,131,0,17,82,73,64,65,110,2,1,0,1,1,47,36,26,29,74,0,9,1,53,946,334,25,1,9,42,27,25,52,0,0,0,0,27,4,0,5,94,338,99,0,611,199,0,0,3,0.576256316,1,32.48767853,63204.38965,1,https://www.fifa.com/en/tournaments/mens/worldcup/canadamexicousa2026/statistics/player-statistics
463780,Nico OREILLY,O'REILLY,Defender,DF,21/03/2005,21,Younger,3,7,523.8,74.8,0,0,7,1,0.00%,216,200,92.60%,6,1.03,4,0.69,0.88,0.00x,TRUE,TRUE,TRUE,TRUE,TRUE,FALSE,TRUE,FALSE,TRUE,0,0,0,3,1,0,1,2,0,0,6,1,3,1,0,11,2,5.429126203,8,2,0,6,3,119,25,4,0,6958.380035,1277.960024,22056.90002,3093.959915,21112.00024,97,120,19,4,0,0,0,0,0,0,0,0,0,5,0,0,53,2,2,13,11,8,9,46,6,4,2,3,1,34,31,27,29,25,1,2,1,23,473,199,19,46,73,87,88,118,206,0,0,0,0,81,33,6,12,63,147,75,0,596,236,2,2,4,3.344142437,21,34.23920441,54499.19958,1,https://www.fifa.com/en/tournaments/mens/worldcup/canadamexicousa2026/statistics/player-statistics
430667,Nico SCHLOTTERBECK,SCHLOTTERBECK,Defender,DF,1/12/1999,26,Younger,15,2,152.5,76.2,1,0,2,2,50.00%,123,110,89.40%,2,1.18,1,0.59,0.25,4.02x,TRUE,FALSE,TRUE,TRUE,TRUE,FALSE,TRUE,FALSE,TRUE,0,0,0,1,0,0,0,0,0,0,2,2,0,0,0,3,4,3.069160223,3,3,0,0,0,7,6,3,0,1821.01001,209.4499893,7158.739502,477.2299957,5777.030029,56,65,18,4,0,0,0,0,0,0,0,1,0,2,1,0,43,2,4,18,14,11,12,35,3,2,0,0,1,22,19,15,15,26,1,2,1,26,272,103,12,0,1,21,5,17,22,0,0,0,0,7,6,0,3,30,91,33,0,158,40,0,1,1,0.167765372,0,31.90532684,15443.45996,0,https://www.fifa.com/en/tournaments/mens/worldcup/canadamexicousa2026/statistics/player-statistics
310116,Nicolas OTAMENDI,OTAMENDI,Defender,DF,12/02/1988,38,Older,19,7,308.3,44,0,0,1,0,0.00%,187,178,95.20%,4,1.17,4,1.17,0.07,0.00x,TRUE,FALSE,TRUE,TRUE,TRUE,FALSE,TRUE,FALSE,TRUE,0,0,0,1,0,0,0,0,0,0,1,0,1,0,0,5,1,5.071378052,5,1,0,0,0,18,8,4,0,4102.520073,491.1300125,11713.71014,1120.529978,12431.04956,50,61,3,4,0,0,0,0,0,1,0,0,0,1,0,0,41,1,4,25,21,19,20,34,1,1,0,0,0,15,12,10,10,22,1,1,0,17,383,108,9,3,0,41,18,26,44,1,0,0,0,24,3,0,1,21,164,22,0,336,89,6,0,0,1.105362681,1,30.59163857,29858.93982,0,https://www.fifa.com/en/tournaments/mens/worldcup/canadamexicousa2026/statistics/player-statistics
308322,Nicolas TAGLIAFICO,TAGLIAFICO,Defender,DF,31/08/1992,33,Older,3,7,543.4,77.6,0,0,0,0,,217,190,87.60%,9,1.49,16,2.65,0,,TRUE,FALSE,TRUE,TRUE,TRUE,FALSE,TRUE,FALSE,TRUE,0,0,0,0,0,0,0,0,0,0,0,0,0,0,0,4,2,5.243561447,3,2,0,4,1,98,25,3,0,6291.769745,943.9400024,21022.00055,2454.950035,22185.08026,87,107,14,3,0,0,0,0,0,0,0,0,0,0,0,0,43,2,2,21,13,11,17,28,8,4,2,6,0,14,11,9,10,24,2,0,0,15,437,186,13,60,41,41,31,111,142,2,0,0,0,51,51,6,6,36,158,42,0,542,191,2,3,2,2.603651896,28,31.09985352,52897.73889,0,https://www.fifa.com/en/tournaments/mens/worldcup/canadamexicousa2026/statistics/player-statistics
482969,Nihad MUJAKIC,MUJAKIĆ,Defender,DF,15/04/1998,28,Older,2,0,0,,0,0,0,0,,0,0,,0,,0,,0,,FALSE,FALSE,FALSE,FALSE,TRUE,FALSE,FALSE,FALSE,FALSE,0,0,0,0,0,0,0,0,0,0,0,0,0,0,0,0,0,0,0,0,0,0,0,0,0,0,0,0,0,0,0,0,0,0,0,0,0,0,0,0,0,0,0,0,0,0,0,0,0,0,0,0,0,0,0,0,0,0,0,0,0,0,0,0,0,0,0,0,0,0,0,0,0,0,0,0,0,0,0,0,0,0,0,0,0,0,0,0,0,0,0,0,0,0,0,0,0,0,0,0,0,https://www.fifa.com/en/tournaments/mens/worldcup/canadamexicousa2026/statistics/player-statistics
485064,Niko SIGUR,SIGUR,Defender,DF,9/09/2003,22,Younger,23,3,147.8,49.3,0,0,1,0,0.00%,64,52,81.30%,5,3.05,1,0.61,0.04,0.00x,TRUE,FALSE,TRUE,TRUE,TRUE,FALSE,TRUE,FALSE,TRUE,0,1,0,0,0,0,0,1,0,0,0,0,0,1,0,1,1,4.527934551,1,1,0,4,1,39,9,0,0,3221.450073,315.3799944,7898.569946,1051.069962,5437.539978,40,51,4,0,0,0,0,0,0,0,0,0,0,0,0,0,30,4,1,7,3,2,2,16,8,5,2,2,2,15,8,5,8,21,1,0,2,12,149,71,8,4,17,23,26,18,44,0,0,0,0,13,9,2,0,36,33,36,0,265,75,2,1,0,2.042184316,2,32.07524109,17924.00952,1,https://www.fifa.com/en/tournaments/mens/worldcup/canadamexicousa2026/statistics/player-statistics
489520,Nikola KATIC,KATIĆ,Defender,DF,10/10/1996,29,Older,18,4,353.5,88.4,0,0,2,0,0.00%,165,148,89.70%,4,1.02,0,0,0.08,0.00x,TRUE,FALSE,TRUE,TRUE,TRUE,FALSE,TRUE,FALSE,TRUE,0,0,0,0,0,0,0,2,0,0,1,0,2,1,0,1,0,6.165341139,1,0,0,0,0,43,18,5,0,4678.179871,532.0299835,15061.03027,1805.070007,14158.07983,51,69,14,5,0,0,0,0,0,0,0,0,0,1,0,0,44,1,6,33,23,23,26,26,1,0,0,0,0,10,3,3,3,31,0,0,0,15,345,121,7,0,1,38,10,29,39,0,0,0,0,26,4,0,3,34,125,37,0,419,139,0,2,0,0.306840498,1,31.47146988,36234.38965,1,https://www.fifa.com/en/tournaments/mens/worldcup/canadamexicousa2026/statistics/player-statistics
463221,Nkosinathi SIBISI,SIBISI,Defender,DF,22/09/1995,30,Older,19,1,101,101,0,0,0,0,,52,42,80.80%,1,0.89,0,0,0,,TRUE,FALSE,TRUE,TRUE,TRUE,FALSE,TRUE,FALSE,TRUE,0,0,0,0,0,0,0,0,0,0,0,0,0,0,0,0,3,1.392972589,0,3,0,0,0,15,6,0,0,1141.150024,140.3099976,3935.770264,389.6300049,3780.72998,14,21,2,1,0,0,0,0,0,0,0,0,0,0,1,0,25,0,4,16,12,11,12,15,1,1,0,0,1,8,2,0,3,16,0,1,1,9,108,45,1,0,2,14,4,12,16,0,0,0,0,10,0,0,1,11,36,12,0,101,38,0,0,0,0.044434089,4,29.93542671,9387.589844,1,https://www.fifa.com/en/tournaments/mens/worldcup/canadamexicousa2026/statistics/player-statistics
411680,Noussair MAZRAOUI,MAZRAOUI,Defender,DF,14/11/1997,28,Older,3,6,542.1,90.4,0,0,0,0,,275,251,91.30%,4,0.66,6,1,0,,TRUE,FALSE,TRUE,TRUE,TRUE,FALSE,TRUE,FALSE,TRUE,0,0,0,0,0,0,0,0,0,0,0,0,0,0,0,12,0,5.297323863,10,0,0,4,0,59,20,4,0,4334.590103,611.349987,20121.14075,1763.749962,21203.50989,101,131,29,4,0,0,0,0,0,1,0,0,0,0,0,0,75,3,6,35,25,19,26,57,5,2,1,1,1,35,30,24,25,50,1,5,0,36,560,201,10,7,12,17,15,21,36,0,0,0,0,17,7,3,5,39,211,44,0,396,146,1,1,5,0.25186697,22,33.86540985,48034.33948,0,https://www.fifa.com/en/tournaments/mens/worldcup/canadamexicousa2026/statistics/player-statistics
433195,NUNO MENDES,N. MENDES,Defender,DF,19/06/2002,23,Younger,25,5,447.5,89.5,1,0,3,1,33.30%,282,239,84.80%,3,0.6,12,2.41,0.15,6.47x,TRUE,TRUE,TRUE,TRUE,TRUE,FALSE,TRUE,FALSE,TRUE,0,0,1,0,0,1,0,1,0,0,1,0,2,2,1,26,4,5.228290176,13,4,7,21,6,78,16,13,0,4503.340027,1203.210007,14993.98926,1897.339966,16451.7002,115,163,10,13,0,0,0,0,0,0,1,0,1,0,0,0,122,12,14,44,28,15,18,72,17,9,2,4,1,61,35,22,34,50,7,6,0,26,630,266,21,39,53,23,36,79,115,1,0,0,0,52,56,9,10,75,202,85,0,382,160,0,3,8,1.30132021,28,35.15843964,39049.58008,0,https://www.fifa.com/en/tournaments/mens/worldcup/canadamexicousa2026/statistics/player-statistics
477825,Odilon KOSSOUNOU,KOSSOUNOU,Defender,DF,4/01/2001,25,Younger,7,4,316.5,79.1,0,0,0,0,,149,141,94.60%,0,0,1,0.28,0,,TRUE,FALSE,TRUE,TRUE,TRUE,FALSE,TRUE,FALSE,TRUE,0,0,0,0,0,0,0,0,0,0,0,0,0,0,0,1,0,5.863831401,1,0,0,0,0,15,6,0,0,3177.229965,361.4600067,12652.8002,1042.229965,12668.07056,49,55,2,0,0,0,0,0,0,0,0,0,0,0,0,0,32,1,2,21,19,17,18,27,1,1,0,0,0,10,7,5,7,15,1,1,0,13,323,112,3,1,0,7,3,5,8,0,0,0,0,1,0,0,2,20,129,22,0,287,79,1,0,0,0.292447234,0,32.28572464,29901.79077,0,https://www.fifa.com/en/tournaments/mens/worldcup/canadamexicousa2026/statistics/player-statistics
502245,Olwethu MAKHANYA,MAKHANYA,Defender,DF,30/04/2004,22,Younger,24,0,0,,0,0,0,0,,0,0,,0,,0,,0,,FALSE,FALSE,FALSE,FALSE,TRUE,FALSE,FALSE,FALSE,FALSE,0,0,0,0,0,0,0,0,0,0,0,0,0,0,0,0,0,0,0,0,0,0,0,0,0,0,0,0,0,0,0,0,0,0,0,0,0,0,0,0,0,0,0,0,0,0,0,0,0,0,0,0,0,0,0,0,0,0,0,0,0,0,0,0,0,0,0,0,0,0,0,0,0,0,0,0,0,0,0,0,0,0,0,0,0,0,0,0,0,0,0,0,0,0,0,0,0,0,0,0,0,https://www.fifa.com/en/tournaments/mens/worldcup/canadamexicousa2026/statistics/player-statistics
431202,Omar ALDERETE,ALDERETE,Defender,DF,26/12/1996,29,Older,3,4,363.1,90.8,0,0,1,0,0.00%,97,70,72.20%,2,0.5,3,0.74,0.01,0.00x,TRUE,FALSE,TRUE,TRUE,TRUE,FALSE,TRUE,FALSE,TRUE,0,1,0,0,0,0,1,0,0,0,0,0,0,1,0,1,2,4.351616955,1,1,0,0,0,9,3,1,0,3119.73999,307.7599888,11946.61035,1214.509995,16443.15039,25,44,6,1,0,0,0,0,0,0,0,0,0,0,0,0,55,2,14,31,12,9,15,20,3,1,0,0,1,21,7,3,4,34,0,3,1,10,216,87,4,2,2,14,6,12,18,0,0,0,0,10,1,0,5,12,81,17,0,271,94,0,2,1,0.214835787,0,32.14412689,33031.77002,0,https://www.fifa.com/en/tournaments/mens/worldcup/canadamexicousa2026/statistics/player-statistics
433367,Omar Rekik,REKIK,Defender,DF,20/12/2001,24,Younger,4,2,200.6,100.3,1,0,1,1,100.00%,93,77,82.80%,0,0,1,0.45,0.11,8.73x,TRUE,FALSE,TRUE,TRUE,TRUE,FALSE,TRUE,FALSE,TRUE,0,0,0,0,1,0,0,0,0,0,1,1,0,0,0,3,1,4.083762328,3,1,0,2,0,17,5,2,0,2329.460083,365.8000107,8711.229492,888.3899231,8182.379883,21,37,5,2,0,0,0,0,0,0,0,1,0,1,0,0,43,3,5,21,15,11,13,28,4,1,0,0,1,18,12,8,9,17,1,3,0,9,205,82,2,0,9,16,2,23,25,1,0,0,0,15,7,0,1,21,74,22,0,199,66,0,0,0,0.222086579,0,30.72024727,20477.25977,0,https://www.fifa.com/en/tournaments/mens/worldcup/canadamexicousa2026/statistics/player-statistics
477802,Ousmane DIOMANDE,O. DIOMANDE,Defender,DF,4/12/2003,22,Younger,2,1,100.3,100.3,0,0,0,0,,74,72,97.30%,0,0,0,0,0,,TRUE,FALSE,TRUE,TRUE,TRUE,FALSE,TRUE,FALSE,TRUE,0,0,0,0,0,0,0,0,0,0,0,0,0,0,0,1,0,1.345035791,1,0,0,0,0,3,1,1,0,770.8399658,79.75,3867.870361,279.0299988,3981.910156,6,8,1,1,0,0,0,0,0,4,0,0,0,0,0,0,15,0,1,13,13,12,12,15,0,0,0,0,0,2,2,1,1,3,0,1,0,3,148,43,2,0,0,9,2,7,9,0,0,0,0,3,0,0,0,1,70,1,0,75,24,0,0,0,0.031932577,0,29.94531441,8979.400391,0,https://www.fifa.com/en/tournaments/mens/worldcup/canadamexicousa2026/statistics/player-statistics
406249,Ozan KABAK,OZAN KABAK,Defender,DF,25/03/2000,26,Younger,15,1,104.9,104.9,0,0,0,0,,36,26,72.20%,3,2.57,0,0,0,,TRUE,FALSE,FALSE,TRUE,TRUE,FALSE,TRUE,FALSE,FALSE,0,0,0,0,0,0,0,0,0,0,0,0,0,0,0,2,0,1.976205349,2,0,0,0,0,10,7,2,0,1145.130005,123.109993,4395.770508,431.9100037,4270.409668,15,21,3,2,0,0,0,0,0,0,0,0,0,0,0,0,15,1,1,5,1,1,3,6,2,0,0,0,1,8,5,5,5,6,0,0,0,2,73,31,1,0,4,12,9,7,16,0,0,0,0,8,2,0,2,9,24,11,0,100,33,0,0,2,0.073150501,0,30.81171989,10366.33008,0,https://www.fifa.com/en/tournaments/mens/worldcup/canadamexicousa2026/statistics/player-statistics
479316,PARK Jinseob,JINSEOB,Defender,DF,23/10/1995,30,Older,16,2,44,22,0,0,1,1,0.00%,52,49,94.20%,0,0,1,2.04,0.24,0.00x,TRUE,FALSE,TRUE,FALSE,TRUE,FALSE,FALSE,FALSE,FALSE,0,0,0,0,1,0,0,0,0,0,1,1,0,0,0,0,0,4.684961637,0,0,0,0,0,1,0,0,0,774.3699951,9.989999771,2189.030029,226.5699997,1773.590088,4,6,1,0,0,0,0,0,0,0,0,0,0,1,0,0,10,1,1,5,3,3,3,4,1,0,0,0,0,4,1,1,2,3,0,0,0,0,108,24,2,2,2,4,4,4,8,0,0,0,0,5,1,1,1,5,48,6,0,64,13,2,0,0,0.226097993,1,26.04990387,4973.550293,0,https://www.fifa.com/en/tournaments/mens/worldcup/canadamexicousa2026/statistics/player-statistics
474973,Pau CUBARSI,CUBARSÍ,Defender,DF,22/01/2007,19,Younger,22,8,857.4,107.2,0,0,4,2,0.00%,690,668,96.80%,4,0.42,5,0.52,0.3,0.00x,TRUE,TRUE,TRUE,TRUE,TRUE,FALSE,TRUE,FALSE,TRUE,0,0,0,1,0,0,0,3,0,0,1,0,0,3,2,14,2,6.03311795,14,2,0,1,0,33,13,5,0,9070.409851,1317.970032,34965.36816,3338.140076,37264.14063,181,202,14,11,0,0,0,0,0,0,0,0,0,1,6,0,216,5,21,117,115,91,91,204,7,5,0,0,2,92,84,59,64,78,4,20,1,75,1454,458,34,0,0,140,74,66,140,0,0,0,0,83,4,0,5,69,613,74,0,816,263,0,0,0,1.02120607,0,32.38821793,85956.03027,1,https://www.fifa.com/en/tournaments/mens/worldcup/canadamexicousa2026/statistics/player-statistics
416051,PEDRO MIGUEL,PEDRO,Defender,DF,6/08/1990,35,Older,2,3,310.3,103.4,0,0,3,1,0.00%,78,59,75.60%,1,0.29,7,2.03,0.23,0.00x,TRUE,TRUE,TRUE,TRUE,TRUE,FALSE,TRUE,FALSE,TRUE,0,0,0,0,0,0,0,3,0,0,2,0,2,1,1,3,2,5.125317891,3,2,0,2,1,36,8,4,0,2539.480164,312.0699997,10194.68994,888.5799866,12566.71948,35,50,6,5,0,0,0,0,0,0,0,0,0,0,1,0,55,6,6,26,16,12,14,26,7,2,0,0,1,22,8,4,9,32,2,2,0,17,172,78,5,8,4,14,13,13,26,0,0,0,0,9,3,3,5,24,50,29,0,229,76,0,0,2,0.422328623,7,33.4461174,26501.54004,0,https://www.fifa.com/en/tournaments/mens/worldcup/canadamexicousa2026/statistics/player-statistics
430144,Pedro PORRO,PEDRO PORRO,Defender,DF,13/09/1999,26,Younger,12,6,640.1,106.7,2,0,7,3,28.60%,420,379,90.20%,10,1.41,9,1.27,1.1,1.82x,TRUE,TRUE,TRUE,TRUE,TRUE,FALSE,TRUE,FALSE,TRUE,0,0,0,0,1,0,1,5,0,0,4,3,3,3,0,6,9,4.441051722,4,9,0,19,5,81,20,12,0,7109.099854,1573.700012,23816.79004,3352.890045,27129.40918,192,247,36,13,0,0,0,0,0,0,0,2,0,1,1,0,160,8,12,42,27,19,22,110,17,6,0,3,6,101,77,65,75,109,2,6,4,72,896,359,37,58,96,61,52,163,215,0,0,0,0,91,69,9,8,131,263,139,0,631,283,0,1,3,0.689408623,50,33.17016983,62981.8877,0,https://www.fifa.com/en/tournaments/mens/worldcup/canadamexicousa2026/statistics/player-statistics
389782,Pervis ESTUPINAN,ESTUPIÑÁN,Defender,DF,21/01/1998,28,Older,7,2,100.6,50.3,0,0,0,0,,61,55,90.20%,3,2.68,0,0,0,,TRUE,FALSE,TRUE,TRUE,TRUE,FALSE,TRUE,FALSE,TRUE,0,0,0,0,0,0,0,0,0,0,0,0,0,0,0,0,0,3.305958271,0,0,0,3,0,25,3,0,0,1722.410095,406.4700432,4044.430054,913.990036,3929.929932,33,37,2,0,0,0,0,0,0,0,0,0,0,0,0,0,24,2,2,5,1,0,1,12,3,0,0,1,0,16,11,10,12,9,0,1,0,6,130,54,5,24,13,11,22,26,48,0,0,0,0,11,23,3,1,18,41,19,0,144,70,1,1,0,0.511727668,7,30.84970093,11017.23047,0,https://www.fifa.com/en/tournaments/mens/worldcup/canadamexicousa2026/statistics/player-statistics
372243,Philipp Lienhart,LIENHART,Defender,DF,11/07/1996,29,Older,15,2,207.6,103.8,0,0,1,0,0.00%,140,128,91.40%,0,0,0,0,0.1,0.00x,TRUE,FALSE,TRUE,TRUE,TRUE,FALSE,TRUE,FALSE,TRUE,0,0,0,0,0,0,0,1,0,0,1,0,1,0,0,4,1,3.02628386,4,1,0,0,0,11,4,1,0,2165.629883,186.2300072,9893.050293,718.7799988,7922.679688,28,37,1,1,0,0,0,0,0,0,0,0,0,0,0,0,50,3,7,25,20,15,15,35,3,2,0,0,0,22,13,8,12,23,2,3,0,15,295,95,4,0,1,20,10,11,21,0,0,0,0,15,1,0,0,18,120,18,0,212,58,0,0,0,0.093428921,3,32.122509,20886.36914,0,https://www.fifa.com/en/tournaments/mens/worldcup/canadamexicousa2026/statistics/player-statistics
463288,Phillip MWENE,MWENE,Defender,DF,29/01/1994,32,Older,16,2,160.3,80.2,0,0,1,0,0.00%,64,56,87.50%,1,0.56,1,0.56,0,0.00x,TRUE,FALSE,TRUE,TRUE,TRUE,FALSE,TRUE,FALSE,TRUE,0,0,0,0,0,0,1,0,0,0,1,0,1,0,0,1,0,3.402721405,0,0,0,6,0,32,8,0,0,2204.23999,612.9700012,8197.750244,935.9099121,5979.010254,23,34,3,0,0,0,0,0,0,0,0,0,0,0,0,0,13,0,1,5,5,4,4,12,2,1,1,2,0,6,6,5,5,8,0,1,0,7,149,62,6,10,13,10,5,28,33,0,0,0,0,14,21,8,3,13,52,16,0,189,76,0,2,0,0.223206796,9,31.73955536,17929.87939,0,https://www.fifa.com/en/tournaments/mens/worldcup/canadamexicousa2026/statistics/player-statistics
477770,PICO LOPES,LOPES,Defender,DF,17/06/1992,33,Older,4,4,445.5,111.4,0,0,2,0,0.00%,182,153,84.10%,0,0,3,0.61,0.29,0.00x,TRUE,FALSE,TRUE,TRUE,TRUE,FALSE,TRUE,FALSE,TRUE,0,0,0,2,0,0,0,0,0,0,2,0,2,0,0,6,5,5.655886173,6,3,0,0,0,36,9,7,0,3992.770142,611.0700035,18720.31982,1111.440002,17315.45996,52,80,6,7,0,0,0,0,0,0,0,0,0,2,0,0,102,7,12,70,53,44,51,68,7,1,0,0,0,25,14,5,6,51,1,8,0,27,384,149,9,2,6,58,24,42,66,0,0,0,0,32,3,0,2,36,143,38,0,366,99,0,0,0,0.305352125,1,34.95394897,41751.06152,0,https://www.fifa.com/en/tournaments/mens/worldcup/canadamexicousa2026/statistics/player-statistics
424031,Piero HINCAPIE,HINCAPIE,Defender,DF,9/01/2002,24,Younger,3,4,376.9,94.2,0,0,3,0,0.00%,189,160,84.70%,5,1.19,4,0.96,0.4,0.00x,TRUE,TRUE,TRUE,TRUE,TRUE,FALSE,TRUE,FALSE,TRUE,0,0,0,3,0,0,0,0,0,0,3,0,2,0,0,7,0,6.350379229,3,0,1,15,2,80,29,4,1,5290.830078,1432.629974,15856.80957,2506.130005,14744.56934,58,98,11,4,0,0,0,0,0,4,0,0,0,3,0,0,70,5,5,17,11,6,7,38,13,4,1,7,1,40,23,18,29,40,3,2,0,21,419,182,13,39,35,37,30,81,111,0,0,0,0,42,33,7,10,47,134,57,1,420,192,0,1,2,0.982166499,20,33.64618301,39830.96973,1,https://www.fifa.com/en/tournaments/mens/worldcup/canadamexicousa2026/statistics/player-statistics
520246,Raed CHIKHAOUI,CHIKHAOUI,Defender,DF,9/06/2004,22,Younger,24,0,0,,0,0,0,0,,0,0,,0,,0,,0,,FALSE,FALSE,FALSE,FALSE,TRUE,FALSE,FALSE,FALSE,FALSE,0,0,0,0,0,0,0,0,0,0,0,0,0,0,0,0,0,0,0,0,0,0,0,0,0,0,0,0,0,0,0,0,0,0,0,0,0,0,0,0,0,0,0,0,0,0,0,0,0,0,0,0,0,0,0,0,0,0,0,0,0,0,0,0,0,0,0,0,0,0,0,0,0,0,0,0,0,0,0,0,0,0,0,0,0,0,0,0,0,0,0,0,0,0,0,0,0,0,0,0,0,https://www.fifa.com/en/tournaments/mens/worldcup/canadamexicousa2026/statistics/player-statistics
511009,Rafik BELGHALI,BELGHALI,Defender,DF,7/06/2002,24,Younger,17,4,362.7,90.7,1,0,3,1,33.30%,183,168,91.80%,4,0.99,2,0.5,0.28,3.60x,TRUE,TRUE,TRUE,TRUE,TRUE,FALSE,TRUE,FALSE,TRUE,0,0,2,0,0,0,0,0,0,0,2,1,1,1,0,8,0,6.273287058,4,0,0,5,2,64,10,1,0,5407.060181,816.3599548,15861.69019,2207.430054,13791.11035,95,115,10,1,0,0,0,0,0,0,0,1,0,0,0,0,40,2,3,16,12,9,11,32,3,2,0,0,1,21,18,14,15,24,1,2,1,20,406,173,15,54,27,16,42,55,97,0,0,0,0,29,31,7,6,77,108,83,0,480,170,0,2,3,1.932370931,16,33.03800964,38083.64941,0,https://www.fifa.com/en/tournaments/mens/worldcup/canadamexicousa2026/statistics/player-statistics
384797,Ramin REZAEIAN,RAMIN,Defender,DF,21/03/1990,36,Older,23,3,309.5,103.2,2,1,4,2,50.00%,98,68,69.40%,2,0.58,3,0.87,0.97,2.06x,TRUE,TRUE,TRUE,TRUE,TRUE,FALSE,TRUE,FALSE,TRUE,0,0,0,0,0,0,2,1,0,1,4,2,2,0,0,5,0,6.792239666,5,0,7,17,5,82,10,7,0,5429.860229,575.090004,14875.27051,2263.989929,11850.63013,50,84,9,7,0,0,0,0,0,0,0,2,0,0,0,0,71,6,6,23,12,9,11,38,12,6,2,3,3,36,20,14,21,50,1,2,3,28,223,116,15,29,67,55,19,132,151,1,0,0,0,46,19,3,1,42,55,43,0,458,170,0,0,1,0.658894837,12,31.56259727,34994.83887,0,https://www.fifa.com/en/tournaments/mens/worldcup/canadamexicousa2026/statistics/player-statistics
395113,Ramy BENSEBAINI,BENSEBAINI,Defender,DF,16/04/1995,31,Older,21,4,403.1,100.8,0,0,2,0,0.00%,385,359,93.20%,1,0.22,5,1.12,0.04,0.00x,TRUE,FALSE,TRUE,TRUE,TRUE,FALSE,TRUE,FALSE,TRUE,0,1,0,1,0,0,1,0,0,0,1,0,1,1,0,6,1,5.30294764,6,1,0,0,0,36,11,8,0,3382.900085,429.7700043,14122.92969,1478.340027,16286.19971,113,132,7,9,0,0,0,0,0,2,0,0,0,1,1,0,98,5,13,57,45,37,39,69,8,3,0,0,3,33,21,11,12,41,1,7,2,26,814,235,17,1,1,74,37,39,76,0,0,0,0,44,1,0,4,65,313,69,0,301,122,0,0,1,0.343175787,0,33.26317215,35700.14063,0,https://www.fifa.com/en/tournaments/mens/worldcup/canadamexicousa2026/statistics/player-statistics
344661,RAMY RABIA,R. RABIA,Defender,DF,20/05/1993,33,Older,5,5,431.4,86.3,0,0,1,1,0.00%,244,224,91.80%,3,0.63,2,0.42,0.1,0.00x,TRUE,FALSE,TRUE,TRUE,TRUE,FALSE,TRUE,FALSE,TRUE,0,0,0,0,1,0,0,0,0,0,1,1,0,0,0,8,8,5.815145111,7,4,0,0,0,31,11,4,0,5106.440155,501.3800163,17363.05029,1568.750023,16392.53918,50,69,12,4,0,0,0,0,0,0,0,0,0,1,0,0,70,2,15,46,34,27,29,44,2,1,0,0,0,22,9,2,5,44,1,6,0,26,525,190,7,4,4,77,48,37,85,0,0,0,0,44,1,1,8,15,221,23,0,435,128,2,0,0,1.234379329,0,31.39084053,40932.16064,0,https://www.fifa.com/en/tournaments/mens/worldcup/canadamexicousa2026/statistics/player-statistics
431858,Rayan AIT-NOURI,AIT NOURI,Defender,DF,6/06/2001,25,Younger,15,4,315.8,78.9,0,0,1,0,0.00%,211,190,90.00%,6,1.71,4,1.14,0.02,0.00x,TRUE,FALSE,TRUE,TRUE,TRUE,FALSE,TRUE,FALSE,TRUE,0,0,0,0,0,0,0,0,0,1,1,0,1,0,0,34,0,5.894408941,18,0,0,9,0,70,25,2,0,4308.060013,785.7200241,11977.07935,1916.089981,13086.25061,109,157,12,2,0,0,0,0,0,0,0,0,0,0,0,0,63,3,6,24,17,15,15,41,7,4,3,4,0,32,20,18,23,47,1,1,0,27,451,179,14,42,52,35,39,90,129,0,0,0,0,48,51,4,6,77,129,83,0,355,157,1,1,12,0.60228882,28,33.4665184,32073.2002,0,https://www.fifa.com/en/tournaments/mens/worldcup/canadamexicousa2026/statistics/player-statistics
396158,REBIN SULAKA,REBIN SULAKA,Defender,DF,12/04/1992,34,Older,2,2,41.9,21,0,0,1,0,0.00%,29,23,79.30%,1,2.15,0,0,0.07,0.00x,TRUE,FALSE,FALSE,FALSE,TRUE,FALSE,FALSE,FALSE,FALSE,0,0,0,1,0,0,0,0,0,0,1,0,1,0,0,0,3,3.630023003,0,1,0,0,0,1,1,0,1,522.7099915,54.45000076,2038.079987,191.9500179,1616.269928,4,6,2,1,0,0,0,0,0,0,0,0,0,0,1,0,9,0,1,3,2,2,2,3,0,0,0,0,0,6,1,1,5,2,0,0,0,1,65,25,1,0,0,7,2,5,7,0,0,0,0,4,1,0,0,4,25,4,1,41,15,1,0,0,0.051181454,0,30.68637848,4423.459778,0,https://www.fifa.com/en/tournaments/mens/worldcup/canadamexicousa2026/statistics/player-statistics
485767,Redouane HALHAL,HALHAL,Defender,DF,5/03/2003,23,Younger,25,2,208.5,104.3,0,0,0,0,,119,113,95.00%,3,1.29,5,2.16,0,,TRUE,FALSE,TRUE,TRUE,TRUE,FALSE,TRUE,FALSE,TRUE,0,0,0,0,0,0,0,0,0,0,0,0,0,0,0,3,1,1.858039141,3,1,0,0,0,12,9,3,0,1906.970032,347.1299896,8168.390137,708.059967,8246.949951,55,62,4,4,0,0,0,0,0,0,0,0,0,0,1,0,28,0,2,24,20,19,22,23,0,0,0,0,0,4,3,2,2,18,0,1,0,13,260,87,2,0,0,13,1,12,13,1,0,0,0,7,0,0,5,32,83,37,0,154,62,0,0,0,0.220931318,0,32.78277588,19377.5,1,https://www.fifa.com/en/tournaments/mens/worldcup/canadamexicousa2026/statistics/player-statistics
439641,Reece JAMES,JAMES,Defender,DF,8/12/1999,26,Younger,24,5,368.5,73.7,0,0,1,0,0.00%,188,173,92.00%,3,0.73,1,0.24,0.04,0.00x,TRUE,FALSE,TRUE,TRUE,TRUE,FALSE,TRUE,FALSE,TRUE,0,1,0,0,0,1,0,0,0,0,0,0,0,1,0,3,3,3.746020794,3,1,0,11,3,66,18,6,0,4193.969894,631.0099907,14568.01013,1643.040039,15356.74982,84,100,5,6,0,0,0,0,0,0,0,0,0,0,0,0,61,4,4,16,11,8,8,36,8,3,2,2,2,37,22,19,27,36,1,2,0,20,400,161,9,25,52,84,61,100,161,0,0,0,0,66,25,4,2,41,131,43,0,333,131,2,1,3,0.357023211,25,33.58679199,36392.78052,0,https://www.fifa.com/en/tournaments/mens/worldcup/canadamexicousa2026/statistics/player-statistics
489704,RENATO VEIGA,RENATO VEIGA,Defender,DF,29/07/2003,22,Younger,13,5,518.6,103.7,0,0,2,0,0.00%,336,320,95.20%,5,0.87,3,0.52,0.28,0.00x,TRUE,FALSE,TRUE,TRUE,TRUE,FALSE,TRUE,FALSE,TRUE,0,0,0,2,0,0,0,0,0,0,2,0,2,0,0,8,1,5.767986012,7,1,0,0,0,45,11,3,0,5477.469788,481.2200241,19868.54028,1976.440063,22064.1499,46,63,9,6,0,0,0,0,0,7,0,0,0,2,3,0,96,4,7,53,46,39,42,82,4,2,0,0,0,39,34,27,28,27,2,5,0,18,713,234,15,2,0,43,15,30,45,0,0,0,0,26,3,0,5,29,296,34,0,498,145,0,0,1,0.455841526,0,32.38001633,49867.81934,2,https://www.fifa.com/en/tournaments/mens/worldcup/canadamexicousa2026/statistics/player-statistics
275917,Ricardo Ade,ADE,Defender,DF,21/05/1990,36,Older,4,3,306.9,102.3,0,0,4,1,0.00%,136,121,89.00%,6,1.76,4,1.17,0.17,0.00x,TRUE,TRUE,TRUE,TRUE,TRUE,FALSE,TRUE,FALSE,TRUE,0,0,0,1,0,0,0,2,0,0,2,1,2,2,0,3,1,5.635070165,2,1,0,0,0,24,5,2,0,3731.650146,378.2000008,11908.54053,1160.570007,11647.98047,26,39,3,2,0,0,0,0,0,0,0,0,0,2,0,0,60,5,9,31,22,13,17,42,5,2,0,0,0,24,18,9,10,23,2,7,0,15,293,115,6,1,0,12,10,3,13,0,0,0,0,6,2,0,3,19,119,22,0,310,95,0,0,0,0.209597684,0,30.66342545,28826.94043,0,https://www.fifa.com/en/tournaments/mens/worldcup/canadamexicousa2026/statistics/player-statistics
313559,Ricardo RODRIGUEZ,RODRIGUEZ,Defender,DF,25/08/1992,33,Older,13,6,567.7,94.6,0,1,1,0,0.00%,295,243,82.40%,11,1.74,2,0.32,0.02,0.00x,TRUE,FALSE,TRUE,TRUE,TRUE,FALSE,TRUE,FALSE,TRUE,0,0,0,0,0,0,0,1,0,0,0,0,1,1,0,4,4,5.82844615,3,2,4,17,3,60,16,3,0,6371.929993,603.1600266,21455.3103,2577.860046,24234.18018,112,152,24,3,0,0,0,0,0,0,0,0,0,0,0,0,162,16,12,55,34,20,27,92,24,8,1,5,3,83,50,36,52,79,7,7,0,42,603,250,21,42,39,27,18,90,108,0,0,0,0,51,44,4,2,80,188,82,0,541,200,0,3,1,0.397030702,39,31.06357002,55242.43848,0,https://www.fifa.com/en/tournaments/mens/worldcup/canadamexicousa2026/statistics/player-statistics
431696,Richie LARYEA,LARYEA,Defender,DF,7/01/1995,31,Older,22,5,475.8,95.2,0,0,2,1,0.00%,202,167,82.70%,8,1.51,13,2.46,0.34,0.00x,TRUE,FALSE,TRUE,TRUE,TRUE,FALSE,TRUE,FALSE,TRUE,0,0,0,0,0,0,0,2,0,0,1,1,1,1,0,15,1,5.807873917,11,1,0,4,1,79,28,1,0,5408.609863,1605.950027,17910,2817.539917,18311.68872,88,123,22,2,0,0,0,0,0,0,0,0,0,0,1,0,92,8,1,19,15,10,10,69,15,9,1,2,5,58,45,37,44,35,5,0,3,30,428,212,15,42,39,29,48,62,110,1,0,0,0,34,28,6,8,68,117,76,0,464,231,0,2,2,1.14846839,34,35.22618103,46053.79102,1,https://www.fifa.com/en/tournaments/mens/worldcup/canadamexicousa2026/statistics/player-statistics
398569,Riechedly Bazoer,BAZOER,Defender,DF,12/10/1996,29,Older,23,1,100.4,100.4,0,0,0,0,,36,31,86.10%,2,1.79,0,0,0,,TRUE,FALSE,FALSE,TRUE,TRUE,FALSE,TRUE,FALSE,FALSE,0,0,0,0,0,0,0,0,0,0,0,0,0,0,0,0,1,1.694489002,0,1,0,0,0,11,3,1,0,724.9199829,85.33000183,3211.049805,220.5599976,4264.959961,16,20,1,1,0,0,0,0,0,0,0,0,0,0,0,0,17,0,6,9,7,3,3,13,0,0,0,0,0,8,6,2,2,11,0,4,0,9,71,27,1,0,3,15,9,9,18,0,0,0,0,10,1,0,0,4,31,4,0,60,15,0,0,0,0.016597353,0,27.82738876,8506.820313,0,https://www.fifa.com/en/tournaments/mens/worldcup/canadamexicousa2026/statistics/player-statistics
486080,Robin HRANAC,HRANÁČ,Defender,DF,29/01/2000,26,Younger,4,3,301.1,100.4,0,0,0,0,,116,104,89.70%,6,1.79,0,0,0,,TRUE,FALSE,TRUE,TRUE,TRUE,FALSE,TRUE,FALSE,TRUE,0,0,0,0,0,0,0,0,0,0,0,0,0,0,0,0,0,5.86100467,0,0,0,1,0,37,15,3,0,3635.380127,281.6399956,12686.51978,1141.679993,11673.22974,30,35,15,3,0,0,0,0,0,0,0,0,0,0,0,0,38,2,11,21,11,6,8,17,2,0,0,0,0,15,6,1,2,15,0,5,0,9,249,97,5,2,1,8,6,5,11,0,0,0,0,6,1,0,0,13,102,13,0,311,94,0,0,0,0.374954566,0,32.00380707,29418.4502,0,https://www.fifa.com/en/tournaments/mens/worldcup/canadamexicousa2026/statistics/player-statistics
344582,Roderick MILLER,MILLER,Defender,DF,3/04/1992,34,Older,25,0,0,,0,0,0,0,,0,0,,0,,0,,0,,FALSE,FALSE,FALSE,FALSE,TRUE,FALSE,FALSE,FALSE,FALSE,0,0,0,0,0,0,0,0,0,0,0,0,0,0,0,0,0,0,0,0,0,0,0,0,0,0,0,0,0,0,0,0,0,0,0,0,0,0,0,0,0,0,0,0,0,0,0,0,0,0,0,0,0,0,0,0,0,0,0,0,0,0,0,0,0,0,0,0,0,0,0,0,0,0,0,0,0,0,0,0,0,0,0,0,0,0,0,0,0,0,0,0,0,0,0,0,0,0,0,0,0,https://www.fifa.com/en/tournaments/mens/worldcup/canadamexicousa2026/statistics/player-statistics
430594,ROGER IBANEZ,IBAÑEZ,Defender,DF,23/11/1998,27,Younger,24,1,49,49,0,0,0,0,,22,22,100.00%,2,3.67,1,1.84,0,,TRUE,FALSE,FALSE,FALSE,TRUE,FALSE,FALSE,FALSE,FALSE,0,0,0,0,0,0,0,0,0,0,0,0,0,0,0,3,0,1.24213562,2,0,0,0,0,10,1,1,0,758.960022,104.75,1802.380005,449.0299988,1960.5,7,8,0,1,0,0,0,0,0,0,0,0,0,0,0,0,9,1,0,2,2,1,1,9,1,1,0,0,0,6,6,5,5,3,1,0,0,3,42,23,0,4,2,0,3,3,6,0,0,0,0,1,2,0,0,3,15,3,0,65,30,0,1,2,0.125977084,6,29.41222,5075.620117,1,https://www.fifa.com/en/tournaments/mens/worldcup/canadamexicousa2026/statistics/player-statistics
419101,Ronald ARAUJO,R. ARAUJO,Defender,DF,7/03/1999,27,Younger,4,0,0,,0,0,0,0,,0,0,,0,,0,,0,,FALSE,FALSE,FALSE,FALSE,TRUE,FALSE,FALSE,FALSE,FALSE,0,0,0,0,0,0,0,0,0,0,0,0,0,0,0,0,0,0,0,0,0,0,0,0,0,0,0,0,0,0,0,0,0,0,0,0,0,0,0,0,0,0,0,0,0,0,0,0,0,0,0,0,0,0,0,0,0,0,0,0,0,0,0,0,0,0,0,0,0,0,0,0,0,0,0,0,0,0,0,0,0,0,0,0,0,0,0,0,0,0,0,0,0,0,0,0,0,0,0,0,0,https://www.fifa.com/en/tournaments/mens/worldcup/canadamexicousa2026/statistics/player-statistics
466361,Roshon VAN EIJMA,VAN EIJMA,Defender,DF,9/06/1998,28,Older,4,1,20.2,20.2,0,0,0,0,,1,1,100.00%,0,0,0,0,0,,TRUE,FALSE,FALSE,FALSE,TRUE,FALSE,FALSE,FALSE,FALSE,0,0,0,0,0,0,0,0,0,0,0,0,0,0,0,0,0,1.81836764,0,0,0,0,0,5,3,0,0,233.7899933,5.409999847,669.8800049,64.88999939,878.0499878,0,0,1,0,0,0,0,0,0,0,0,0,0,0,0,0,0,0,0,0,0,0,0,0,0,0,0,0,0,0,0,0,0,0,0,0,0,0,2,1,0,0,0,0,0,0,0,0,0,0,0,0,0,0,0,0,1,0,0,18,5,1,0,0,0.002887422,0,26.68074608,1852.019897,0,https://www.fifa.com/en/tournaments/mens/worldcup/canadamexicousa2026/statistics/player-statistics
384752,RUBEN DIAS,RÚBEN DIAS,Defender,DF,14/05/1997,29,Older,3,4,418.1,104.5,0,0,0,0,,249,233,93.60%,6,1.29,3,0.65,0,,TRUE,FALSE,TRUE,TRUE,TRUE,FALSE,TRUE,FALSE,TRUE,0,0,0,0,0,0,0,0,0,0,0,0,0,0,0,2,1,5.003686714,2,1,0,0,0,27,6,7,0,4939.899963,475.5800018,19046.00049,1574.440002,17550.04004,72,80,12,8,0,0,0,0,0,0,0,0,0,0,1,0,78,6,9,40,31,24,25,55,6,2,0,0,0,32,22,15,17,24,2,5,0,12,510,160,9,0,1,30,19,12,31,0,0,0,0,24,1,0,1,35,211,36,0,429,110,0,0,1,0.25534445,0,32.14514923,43585.95898,1,https://www.fifa.com/en/tournaments/mens/worldcup/canadamexicousa2026/statistics/player-statistics
371415,Rustam ASHURMATOV,ASHURMATOV,Defender,DF,7/07/1996,29,Older,5,3,288,96,0,0,0,0,,123,101,82.10%,1,0.31,0,0,0,,TRUE,FALSE,TRUE,TRUE,TRUE,FALSE,TRUE,FALSE,TRUE,0,0,0,0,0,0,0,0,0,0,0,0,0,0,0,0,1,5.618536949,0,1,0,0,0,32,9,3,0,3087.77002,270.9400101,12145.12988,907.2200012,10600.35962,29,43,17,3,0,0,0,0,0,6,0,0,0,0,0,0,72,3,13,34,23,16,18,46,4,0,0,1,0,34,23,16,18,37,0,7,0,19,243,109,2,0,0,21,2,19,21,0,0,0,0,14,0,0,1,21,80,22,0,288,80,0,1,0,0.125980671,16,31.43942261,27011.41992,0,https://www.fifa.com/en/tournaments/mens/worldcup/canadamexicousa2026/statistics/player-statistics
431219,SAED ALROSAN,SA'ED,Defender,DF,1/02/1997,29,Older,19,1,22.4,22.4,0,0,0,0,,13,12,92.30%,0,0,0,0,0,,TRUE,FALSE,FALSE,FALSE,TRUE,FALSE,FALSE,FALSE,FALSE,0,0,0,0,0,0,0,0,0,0,0,0,0,0,0,0,0,2.240204016,0,0,0,0,0,3,1,0,0,371.7099915,23.71999931,1163.839844,132.0500031,733.7600098,5,6,1,0,0,0,0,0,0,0,0,0,0,0,0,0,3,0,1,1,1,0,0,3,0,0,0,0,0,2,2,1,1,2,0,1,0,2,28,9,0,0,1,3,1,3,4,0,0,0,0,3,0,0,0,2,12,2,0,36,12,1,0,0,0.15921393,0,31.03609848,2425.080078,0,https://www.fifa.com/en/tournaments/mens/worldcup/canadamexicousa2026/statistics/player-statistics
499102,SALEEM OBAID,SALEEM,Defender,DF,17/01/1992,34,Older,17,3,43.3,14.4,0,0,0,0,,18,12,66.70%,1,2.08,0,0,0,,TRUE,FALSE,FALSE,FALSE,TRUE,FALSE,FALSE,FALSE,FALSE,0,0,0,0,0,0,0,0,0,0,0,0,0,0,0,0,0,6.562069098,0,0,0,0,0,6,3,0,0,500.7700424,11.3399992,2078.190033,259.5500031,1355.100067,4,10,2,0,0,0,0,0,0,0,0,0,0,0,0,0,10,0,3,5,2,1,2,4,0,0,0,0,0,5,2,1,2,10,0,1,0,4,36,15,0,0,0,2,0,2,2,0,0,0,0,1,0,0,1,4,11,5,0,43,19,3,0,0,0.261686886,2,26.68000984,4204.950195,0,https://www.fifa.com/en/tournaments/mens/worldcup/canadamexicousa2026/statistics/player-statistics
448505,Saleh HARDANI,SALEH,Defender,DF,26/12/1998,27,Younger,2,2,107.2,53.6,0,0,0,0,,29,21,72.40%,0,0,2,1.68,0,,TRUE,FALSE,FALSE,TRUE,TRUE,FALSE,TRUE,FALSE,FALSE,0,0,0,0,0,0,0,0,0,0,0,0,0,0,0,1,0,3.775876045,0,0,0,1,0,46,6,0,0,1086.320068,184.7799911,3998.699951,408.6699982,4423.169922,10,16,5,0,0,0,0,0,0,0,0,0,0,0,0,0,18,0,1,5,1,1,4,9,0,0,0,0,0,13,8,8,12,11,0,0,0,6,70,31,2,3,4,10,1,16,17,0,0,0,0,10,3,0,0,12,17,12,0,105,37,1,1,0,0.033318452,4,31.733778,10101.64014,0,https://www.fifa.com/en/tournaments/mens/worldcup/canadamexicousa2026/statistics/player-statistics
484072,Samet AKAYDIN,SAMET AKAYDIN,Defender,DF,13/03/1994,32,Older,25,0,0,,0,0,0,0,,0,0,,0,,0,,0,,FALSE,FALSE,FALSE,FALSE,TRUE,FALSE,FALSE,FALSE,FALSE,0,0,0,0,0,0,0,0,0,0,0,0,0,0,0,0,0,0,0,0,0,0,0,0,0,0,0,0,0,0,0,0,0,0,0,0,0,0,0,0,0,0,0,0,0,0,0,0,0,0,0,0,0,0,0,0,0,0,0,0,0,0,0,0,0,0,0,0,0,0,0,0,0,0,0,0,0,0,0,0,0,0,0,0,0,0,0,0,0,0,0,0,0,0,0,0,0,0,0,0,0,https://www.fifa.com/en/tournaments/mens/worldcup/canadamexicousa2026/statistics/player-statistics
511010,Samir CHERGUI,CHERGUI,Defender,DF,6/02/1999,27,Younger,26,1,25.9,25.9,0,0,0,0,,24,23,95.80%,0,0,0,0,0,,TRUE,FALSE,FALSE,FALSE,TRUE,FALSE,FALSE,FALSE,FALSE,0,0,0,0,0,0,0,0,0,0,0,0,0,0,0,0,0,1.521440864,0,0,0,0,0,4,0,0,0,257.3399963,18.46999931,1061.76001,60.91999817,1226.569946,12,12,0,0,0,0,0,0,0,0,0,0,0,0,0,0,0,0,0,0,0,0,0,0,0,0,0,0,0,0,0,0,0,0,0,0,0,0,47,7,1,1,2,10,2,11,13,0,0,0,0,6,3,0,0,2,21,2,0,20,6,1,0,0,0.544382453,1,27.86796188,2625.060059,0,https://www.fifa.com/en/tournaments/mens/worldcup/canadamexicousa2026/statistics/player-statistics
491216,SAMU COSTA,SAMU,Defender,DF,27/11/2000,25,Younger,24,1,26,26,0,0,0,0,,11,11,100.00%,0,0,0,0,0,,TRUE,FALSE,FALSE,FALSE,TRUE,FALSE,FALSE,FALSE,FALSE,0,0,0,0,0,0,0,0,0,0,0,0,0,0,0,1,0,1.320139599,0,0,0,0,0,10,1,0,0,331.2099915,89.30001068,1174.689941,119.8600006,1144.880005,0,1,2,0,0,0,0,0,0,0,0,0,0,0,0,0,5,0,0,4,4,4,4,5,0,0,0,0,0,1,1,1,1,0,0,0,0,0,23,8,1,0,2,1,3,0,3,0,0,0,0,1,1,0,0,1,11,1,0,33,7,1,0,0,0.051053695,0,30.61852455,2859.939941,0,https://www.fifa.com/en/tournaments/mens/worldcup/canadamexicousa2026/statistics/player-statistics
504200,Samukele KABINI,Samukele KABINI,Defender,DF,15/03/2004,22,Younger,18,0,0,,0,0,0,0,,0,0,,0,,0,,0,,FALSE,FALSE,FALSE,FALSE,TRUE,FALSE,FALSE,FALSE,FALSE,0,0,0,0,0,0,0,0,0,0,0,0,0,0,0,0,0,0,0,0,0,0,0,0,0,0,0,0,0,0,0,0,0,0,0,0,0,0,0,0,0,0,0,0,0,0,0,0,0,0,0,0,0,0,0,0,0,0,0,0,0,0,0,0,0,0,0,0,0,0,0,0,0,0,0,0,0,0,0,0,0,0,0,0,0,0,0,0,0,0,0,0,0,0,0,0,0,0,0,0,0,https://www.fifa.com/en/tournaments/mens/worldcup/canadamexicousa2026/statistics/player-statistics
315614,Santiago ARIAS,ARIAS,Defender,DF,13/01/1992,34,Older,4,1,89.7,89.7,0,0,0,0,,43,37,86.00%,1,1,0,0,0,,TRUE,FALSE,FALSE,FALSE,TRUE,FALSE,FALSE,FALSE,FALSE,0,0,0,0,0,0,0,0,0,0,0,0,0,0,0,0,0,1.210147285,0,0,0,5,4,12,1,0,0,969.9099731,416.2999878,3184.779785,534.5999756,3941.610107,19,26,5,0,0,0,0,0,0,0,0,0,0,0,0,0,13,0,1,7,5,5,6,10,1,1,1,1,0,5,4,4,4,8,0,0,0,5,95,39,7,17,7,4,5,23,28,0,0,0,0,8,9,4,0,16,27,16,0,80,50,0,1,0,0.104634196,6,31.9830265,9047.200195,0,https://www.fifa.com/en/tournaments/mens/worldcup/canadamexicousa2026/statistics/player-statistics
402904,Santiago BUENO,S. BUENO,Defender,DF,9/11/1998,27,Younger,24,0,0,,0,0,0,0,,0,0,,0,,0,,0,,FALSE,FALSE,FALSE,FALSE,TRUE,FALSE,FALSE,FALSE,FALSE,0,0,0,0,0,0,0,0,0,0,0,0,0,0,0,0,0,0,0,0,0,0,0,0,0,0,0,0,0,0,0,0,0,0,0,0,0,0,0,0,0,0,0,0,0,0,0,0,0,0,0,0,0,0,0,0,0,0,0,0,0,0,0,0,0,0,0,0,0,0,0,0,0,0,0,0,0,0,0,0,0,0,0,0,0,0,0,0,0,0,0,0,0,0,0,0,0,0,0,0,0,https://www.fifa.com/en/tournaments/mens/worldcup/canadamexicousa2026/statistics/player-statistics
419281,SAUD ABDULHAMID,SAUD,Defender,DF,18/07/1999,26,Younger,12,3,300.8,100.3,0,0,2,0,0.00%,113,88,77.90%,4,1.2,2,0.6,0.11,0.00x,TRUE,FALSE,TRUE,TRUE,TRUE,FALSE,TRUE,FALSE,TRUE,0,0,1,0,0,0,1,0,0,0,0,0,2,2,0,5,1,5.932478746,4,0,0,4,1,76,18,2,0,3649.039795,1052.919968,11635.00977,1919.679871,11521.37012,56,83,11,2,0,0,0,0,0,0,0,0,0,0,0,0,52,3,6,25,14,11,16,29,3,2,0,0,0,24,13,10,15,31,2,1,0,12,241,115,5,25,12,7,12,32,44,0,0,0,0,18,15,9,4,46,56,50,0,324,150,0,1,2,0.205823969,15,32.72227097,29778.02051,1,https://www.fifa.com/en/tournaments/mens/worldcup/canadamexicousa2026/statistics/player-statistics
442431,Scott MCKENNA,MCKENNA,Defender,DF,12/11/1996,29,Older,26,1,102.9,102.9,0,0,0,0,,52,49,94.20%,0,0,0,0,0,,TRUE,FALSE,TRUE,TRUE,TRUE,FALSE,TRUE,FALSE,TRUE,0,0,0,0,0,0,0,0,0,0,0,0,0,0,0,0,1,1.86505127,0,1,0,0,0,3,3,0,0,695.1699829,103.9100037,4397.599609,231.3000183,4170.75,6,9,3,0,0,0,0,0,0,1,0,0,0,0,0,0,12,1,1,7,6,5,5,9,1,0,0,0,0,4,3,2,2,5,0,1,0,2,105,29,1,0,0,0,0,0,0,0,0,0,0,0,1,0,1,3,47,4,0,63,17,0,0,0,0.113938466,0,29.97492218,9598.730469,0,https://www.fifa.com/en/tournaments/mens/worldcup/canadamexicousa2026/statistics/player-statistics
376230,Sead KOLASINAC,KOLAŠINAC,Defender,DF,20/06/1993,32,Older,5,4,373.8,93.5,0,1,0,0,,173,141,81.50%,6,1.44,4,0.96,0,,TRUE,FALSE,TRUE,TRUE,TRUE,FALSE,TRUE,FALSE,TRUE,0,0,0,0,0,0,0,0,0,0,0,0,0,0,0,5,0,6.091981769,3,0,0,9,1,49,17,2,0,4007.099976,741.5200119,15618.32007,1854.529968,15804.91943,85,124,10,2,0,0,0,0,0,0,0,0,0,0,0,0,68,4,7,27,21,16,16,48,5,1,0,1,0,36,26,21,25,48,1,4,0,30,370,153,7,25,13,16,14,40,54,0,0,0,0,24,23,5,7,86,70,93,0,339,142,0,2,1,0.420853077,25,31.96166611,38026.38867,0,https://www.fifa.com/en/tournaments/mens/worldcup/canadamexicousa2026/statistics/player-statistics
419108,Sebastian CACERES,S. CACERES,Defender,DF,18/08/1999,26,Younger,3,3,313.3,104.4,0,0,3,0,0.00%,172,154,89.50%,2,0.57,2,0.57,0.13,0.00x,TRUE,TRUE,TRUE,TRUE,TRUE,FALSE,TRUE,FALSE,TRUE,0,1,0,2,0,0,0,1,0,0,2,0,2,1,0,6,3,5.814283371,4,3,0,1,0,31,13,4,0,3527.98999,572.1700439,11989.64014,1168.240021,13101.62012,23,44,8,4,0,0,0,0,0,0,0,0,0,2,0,0,62,2,12,27,18,10,13,40,4,2,0,1,1,31,20,11,16,25,1,7,1,10,373,136,11,1,0,30,18,13,31,0,0,0,0,12,4,0,5,15,157,20,0,303,98,0,0,0,0.34466064,0,32.97467804,30359.66113,0,https://www.fifa.com/en/tournaments/mens/worldcup/canadamexicousa2026/statistics/player-statistics
429608,SEOL Youngwoo,YOUNGWOO,Defender,DF,5/12/1998,27,Younger,22,3,274.7,91.6,0,0,2,0,0.00%,123,113,91.90%,1,0.33,2,0.66,0.03,0.00x,TRUE,FALSE,TRUE,TRUE,TRUE,FALSE,TRUE,FALSE,TRUE,0,0,0,0,0,0,1,1,0,0,1,0,2,1,0,3,0,6.657441298,2,0,0,11,3,41,6,0,0,3973.92981,899.0400391,12288.72021,1979.429962,11437.02026,57,76,6,0,0,0,0,0,0,0,0,0,0,0,0,0,25,2,1,9,7,5,6,20,6,5,3,4,0,10,8,6,7,12,2,0,0,7,258,104,10,42,38,6,42,44,86,4,0,0,0,28,40,9,1,57,54,58,0,309,155,0,1,0,2.564587712,28,34.06005096,30578.13965,0,https://www.fifa.com/en/tournaments/mens/worldcup/canadamexicousa2026/statistics/player-statistics
406280,Sergino DEST,DEST,Defender,DF,3/11/2000,25,Younger,2,5,335.7,67.1,0,0,3,1,0.00%,102,89,87.30%,2,0.54,4,1.07,0.21,0.00x,TRUE,TRUE,TRUE,TRUE,TRUE,FALSE,TRUE,FALSE,TRUE,0,1,0,0,0,0,0,2,0,0,1,0,0,2,1,20,0,6.751998901,9,0,0,7,2,97,9,0,0,5226.06012,1189.080032,16412.58032,2485.750046,11604.33026,70,99,14,0,0,0,0,0,0,0,0,0,0,0,0,0,27,2,0,2,2,0,0,21,14,9,7,12,0,11,10,8,9,16,2,0,0,12,248,107,11,70,48,22,63,77,140,0,0,0,0,47,54,4,6,47,79,53,0,464,210,1,4,9,4.562644541,5,33.40660858,36917.7998,0,https://www.fifa.com/en/tournaments/mens/worldcup/canadamexicousa2026/statistics/player-statistics
466350,Sherel FLORANUS,FLORANUS,Defender,DF,23/08/1998,27,Younger,5,3,300.3,100.1,0,0,2,0,0.00%,112,95,84.80%,2,0.6,0,0,0.17,0.00x,TRUE,FALSE,TRUE,TRUE,TRUE,FALSE,TRUE,FALSE,TRUE,0,0,0,0,0,0,0,2,0,0,1,0,2,1,0,2,1,5.970255375,2,1,0,0,0,95,25,2,0,3719.119995,796.2100067,12556.08032,1487.52005,11334.7998,57,66,16,3,0,0,0,0,0,0,0,0,0,0,1,0,52,3,3,22,17,15,16,34,3,1,0,0,0,27,16,14,21,28,1,1,0,22,232,105,9,10,11,12,14,19,33,1,0,0,0,7,8,0,3,39,59,42,0,320,116,0,0,1,0.276694626,12,33.33814621,29893.73047,0,https://www.fifa.com/en/tournaments/mens/worldcup/canadamexicousa2026/statistics/player-statistics
479075,Sherzod NASRULLAEV,NASRULLAEV,Defender,DF,23/07/1998,27,Younger,13,3,206.3,68.8,0,0,1,1,0.00%,48,35,72.90%,3,1.31,2,0.87,0.08,0.00x,TRUE,FALSE,FALSE,TRUE,TRUE,FALSE,TRUE,FALSE,FALSE,0,0,0,0,0,0,0,1,0,0,1,1,0,0,0,4,0,6.232749939,2,0,0,3,0,42,9,0,0,2682.210083,437.289999,8979.029785,1180.659988,8272.730103,26,40,5,0,0,0,0,0,0,0,0,0,0,0,0,0,24,3,3,8,3,2,2,7,5,0,0,2,0,11,4,3,5,20,0,1,0,6,118,56,2,9,15,5,5,24,29,0,0,0,0,9,16,1,2,18,34,20,0,232,95,0,2,1,0.667519011,4,34.1178093,21551.91895,1,https://www.fifa.com/en/tournaments/mens/worldcup/canadamexicousa2026/statistics/player-statistics
390541,Shogo TANIGUCHI,TANIGUCHI,Defender,DF,15/07/1991,34,Older,3,3,267.5,89.2,0,0,0,0,,127,122,96.10%,2,0.67,1,0.34,0,,TRUE,FALSE,TRUE,TRUE,TRUE,FALSE,TRUE,FALSE,TRUE,0,0,0,0,0,0,0,0,0,0,0,0,0,0,0,2,0,4.148563504,2,0,0,1,0,11,4,2,0,2265.359863,153.760006,11410.84082,638.009964,10289.0105,33,38,3,3,0,0,0,0,0,15,0,0,0,0,1,0,26,1,3,9,6,4,5,19,1,0,0,0,0,16,13,11,12,14,0,2,0,8,245,95,6,1,2,25,17,11,28,0,0,0,0,14,0,1,1,19,90,20,0,189,56,1,0,0,0.154108813,0,30.78831863,24756.97998,1,https://www.fifa.com/en/tournaments/mens/worldcup/canadamexicousa2026/statistics/player-statistics
346743,Shoja KHALILZADEH,SHOJA,Defender,DF,14/05/1989,37,Older,4,3,309.5,103.2,0,0,2,0,0.00%,141,118,83.70%,4,1.16,0,0,0.18,0.00x,TRUE,FALSE,TRUE,TRUE,TRUE,FALSE,TRUE,FALSE,TRUE,0,0,0,1,1,0,0,0,0,0,2,0,2,0,0,1,2,5.592333158,1,2,0,0,0,26,12,6,0,2865.279968,262.6299858,11019.32031,917.8299103,13749.48975,21,36,8,6,0,0,0,0,0,8,0,0,0,2,0,0,43,1,8,25,13,11,16,19,1,0,0,0,0,17,6,4,8,23,0,2,0,9,297,113,4,0,1,31,22,10,32,1,0,0,0,18,3,0,3,14,112,17,0,255,78,0,0,0,0.110623267,0,31.98822403,28814.5498,1,https://www.fifa.com/en/tournaments/mens/worldcup/canadamexicousa2026/statistics/player-statistics
485379,Shurandy SAMBO,SAMBO,Defender,DF,19/08/2001,24,Younger,2,1,6.7,6.7,0,0,0,0,,3,3,100.00%,0,0,0,0,0,,TRUE,FALSE,FALSE,FALSE,TRUE,FALSE,FALSE,FALSE,FALSE,0,0,0,0,0,0,0,0,0,0,0,0,0,0,0,0,0,2.184952418,0,0,0,0,0,0,0,0,0,112.6100006,0,270.8500061,54.65000153,288.2099915,1,1,0,0,0,0,0,0,0,0,0,0,0,0,0,0,0,0,0,0,0,0,0,0,0,0,0,0,0,0,0,0,0,0,0,0,0,0,7,3,0,0,1,1,1,1,2,0,0,0,0,0,0,0,0,0,3,0,0,9,4,1,0,0,0.05225702,0,24.94618034,726.3200073,0,https://www.fifa.com/en/tournaments/mens/worldcup/canadamexicousa2026/statistics/player-statistics
477832,SIDNY LOPES CABRAL,LOPES CABRAL,Defender,DF,18/09/2002,23,Younger,13,3,324.3,108.1,1,0,4,2,25.00%,105,87,82.90%,2,0.56,9,2.5,0.11,8.93x,TRUE,TRUE,TRUE,TRUE,TRUE,FALSE,TRUE,FALSE,TRUE,0,1,2,0,0,1,0,1,0,0,0,0,1,4,2,16,0,5.785996596,9,0,8,11,1,77,9,5,0,3081.489868,648.3300323,13750.85986,1573.399963,11900.24023,57,85,22,5,0,0,0,0,0,0,0,0,1,0,0,0,50,3,5,22,16,11,14,33,3,1,0,0,0,25,16,11,17,29,1,4,0,19,234,120,10,18,48,17,12,71,83,0,0,0,0,29,16,2,1,53,50,54,0,257,117,0,1,3,0.194204573,21,33.53442764,30954.32129,2,https://www.fifa.com/en/tournaments/mens/worldcup/canadamexicousa2026/statistics/player-statistics
356412,Silvan WIDMER,WIDMER,Defender,DF,5/03/1993,33,Older,3,5,210.8,42.2,0,0,0,0,,73,57,78.10%,2,0.85,0,0,0,,TRUE,FALSE,TRUE,TRUE,TRUE,FALSE,TRUE,FALSE,TRUE,0,0,0,0,0,0,0,0,0,0,0,0,0,0,0,3,1,5.548585971,1,1,0,4,1,59,13,2,0,3426.340088,459.8599873,8969.230255,1305.329979,8502.14978,27,43,11,2,0,0,0,0,0,0,0,0,0,0,0,0,21,1,2,8,5,4,5,9,5,2,2,4,0,8,2,1,5,9,0,1,0,4,159,75,2,20,21,15,14,42,56,0,0,0,0,18,9,5,5,24,38,29,0,290,97,4,1,0,1.151385011,14,32.53603745,22662.91113,0,https://www.fifa.com/en/tournaments/mens/worldcup/canadamexicousa2026/statistics/player-statistics
489696,Sondre LANGAS,LANGÅS,Defender,DF,2/02/2001,25,Younger,24,1,29,29,0,0,0,0,,10,9,90.00%,0,0,0,0,0,,TRUE,FALSE,FALSE,FALSE,TRUE,FALSE,FALSE,FALSE,FALSE,0,0,0,0,0,0,0,0,0,0,0,0,0,0,0,0,1,0.988923311,0,1,0,0,0,1,1,0,0,226.4700165,128.280014,1201.569946,122.0699997,1202.310059,5,6,1,0,0,0,0,0,0,0,0,0,0,0,0,0,4,0,0,2,2,2,2,4,0,0,0,0,0,2,2,2,2,2,0,0,0,2,20,8,0,0,0,4,1,3,4,0,0,0,0,1,0,0,0,1,9,1,0,26,11,1,0,0,0.054019675,0,35.50584793,2880.699951,0,https://www.fifa.com/en/tournaments/mens/worldcup/canadamexicousa2026/statistics/player-statistics
441067,Stefan POSCH,POSCH,Defender,DF,14/05/1997,29,Older,5,4,370.9,92.7,0,0,3,0,0.00%,132,98,74.20%,7,1.7,3,0.73,0.4,0.00x,TRUE,TRUE,TRUE,TRUE,TRUE,FALSE,TRUE,FALSE,TRUE,0,0,0,0,1,0,2,0,0,0,3,0,3,0,0,3,0,6.433127165,0,0,0,2,0,103,29,3,0,5600.169739,1041.109985,16829.7998,2034.190063,14292.61035,58,96,10,3,0,0,0,0,0,0,0,0,0,1,0,0,54,6,6,17,6,4,5,22,11,4,3,5,0,26,12,10,14,35,1,1,0,10,274,119,8,30,47,19,13,83,96,0,0,0,0,33,26,4,11,77,40,88,0,479,164,0,2,0,1.025690645,19,32.43360138,39797.88086,2,https://www.fifa.com/en/tournaments/mens/worldcup/canadamexicousa2026/statistics/player-statistics
514334,Stepan CHALOUPEK,CHALOUPEK,Defender,DF,8/03/2003,23,Younger,6,1,99.6,99.6,0,0,0,0,,22,15,68.20%,1,0.9,0,0,0,,TRUE,FALSE,FALSE,TRUE,TRUE,FALSE,TRUE,FALSE,FALSE,0,0,0,0,0,0,0,0,0,0,0,0,0,0,0,0,1,2.18239371,0,1,0,0,0,22,15,0,0,1553.660034,210.0500031,4497.639648,535.9599609,4076.349854,4,9,1,0,0,0,0,0,0,0,0,0,0,0,0,0,13,1,1,4,2,2,2,6,1,0,0,0,0,8,4,4,6,7,0,0,0,3,54,26,0,0,0,4,0,4,4,0,0,0,0,3,1,0,0,9,17,9,0,141,46,0,0,0,0.167426005,0,33.99915314,10873.66016,0,https://www.fifa.com/en/tournaments/mens/worldcup/canadamexicousa2026/statistics/player-statistics
504329,Steve KAPUADI,KAPUADI,Defender,DF,30/04/1998,28,Older,3,2,201.6,100.8,0,0,1,0,0.00%,55,46,83.60%,2,0.89,0,0,0.08,0.00x,TRUE,FALSE,TRUE,TRUE,TRUE,FALSE,TRUE,FALSE,TRUE,0,0,0,0,0,0,0,1,0,0,1,0,1,0,0,1,1,2.896556735,1,0,0,0,0,18,6,2,0,2442.900146,303.5299988,7804.260742,778.3500061,8167.790039,14,20,6,2,0,0,0,0,0,7,0,0,0,1,0,0,22,0,6,11,6,3,5,12,0,0,0,0,0,11,6,3,5,11,0,3,0,6,114,53,4,3,1,18,7,15,22,0,0,0,0,10,2,0,3,8,37,11,0,211,60,0,0,0,0.253882222,0,32.84415054,19496.83008,0,https://www.fifa.com/en/tournaments/mens/worldcup/canadamexicousa2026/statistics/player-statistics
477847,STEVEN MOREIRA,MOREIRA,Defender,DF,13/08/1994,31,Older,22,4,346.1,86.5,0,0,2,0,0.00%,109,88,80.70%,0,0,2,0.52,0.06,0.00x,TRUE,FALSE,TRUE,TRUE,TRUE,FALSE,TRUE,FALSE,TRUE,0,2,1,0,0,0,0,1,0,0,1,0,0,1,0,4,0,6.632310152,4,0,0,4,3,77,7,0,0,3713.829826,469.9800034,14510.2399,1367.499961,13846.56992,50,69,9,0,0,0,0,0,0,0,0,0,0,0,0,0,42,3,4,19,13,12,12,21,3,0,0,0,0,20,8,7,13,21,0,1,0,10,226,107,7,10,35,11,14,42,56,0,0,0,0,23,11,0,4,35,61,39,0,313,113,1,0,3,0.162925944,20,32.30180359,33908.11993,0,https://www.fifa.com/en/tournaments/mens/worldcup/canadamexicousa2026/statistics/player-statistics
489521,Stjepan RADELJIC,RADELJIĆ,Defender,DF,5/09/1997,28,Older,21,2,211.6,105.8,0,0,1,0,0.00%,153,137,89.50%,1,0.43,3,1.28,0.01,0.00x,TRUE,FALSE,TRUE,TRUE,TRUE,FALSE,TRUE,FALSE,TRUE,0,1,0,0,0,0,1,0,0,0,1,0,0,0,0,1,2,2.855592132,1,1,0,0,0,9,4,3,0,2080.599976,160.3700027,8524.080078,867.9199524,8478.130371,26,37,1,5,0,0,0,0,0,1,0,0,0,0,2,0,51,2,10,25,17,13,13,34,2,2,0,0,0,24,15,11,12,20,2,2,0,12,318,100,7,0,0,7,3,4,7,0,0,0,0,3,1,0,1,20,131,21,0,186,63,0,0,0,0.283701792,0,29.09870338,20111.09961,1,https://www.fifa.com/en/tournaments/mens/worldcup/canadamexicousa2026/statistics/player-statistics
297266,STOPIRA,STOPIRA,Defender,DF,20/05/1988,38,Older,2,0,0,,0,0,0,0,,0,0,,0,,0,,0,,FALSE,FALSE,FALSE,FALSE,TRUE,FALSE,FALSE,FALSE,FALSE,0,0,0,0,0,0,0,0,0,0,0,0,0,0,0,0,0,0,0,0,0,0,0,0,0,0,0,0,0,0,0,0,0,0,0,0,0,0,0,0,0,0,0,0,0,0,0,0,0,0,0,0,0,0,0,0,0,0,0,0,0,0,0,0,0,0,0,0,0,0,0,0,0,0,0,0,0,0,0,0,0,0,0,0,0,0,0,0,0,0,0,0,0,0,0,0,0,0,0,0,0,https://www.fifa.com/en/tournaments/mens/worldcup/canadamexicousa2026/statistics/player-statistics
386387,SULTAN ALBRAKE,SULTAN,Defender,DF,7/04/1996,30,Older,18,2,167.1,83.6,0,0,0,0,,42,33,78.60%,2,1.08,0,0,0,,TRUE,FALSE,FALSE,TRUE,TRUE,FALSE,TRUE,FALSE,FALSE,0,0,0,0,0,0,0,0,0,0,0,0,0,0,0,0,1,4.194833914,0,1,0,3,1,50,4,1,0,2420.27002,339.8399963,7398.409912,962.059967,6562.750244,16,21,2,1,0,0,0,0,0,0,0,0,0,0,0,0,20,2,2,8,4,4,4,7,3,0,0,0,1,9,3,3,4,5,0,0,0,1,89,36,3,14,10,14,10,28,38,0,0,0,0,13,8,4,0,11,30,11,0,215,70,1,0,0,0.295074884,3,31.85150337,17683.33105,0,https://www.fifa.com/en/tournaments/mens/worldcup/canadamexicousa2026/statistics/player-statistics
403289,Takehiro TOMIYASU,TOMIYASU,Defender,DF,5/11/1998,27,Younger,22,3,208.4,69.5,0,0,1,0,0.00%,127,109,85.80%,5,2.16,2,0.86,0.2,0.00x,TRUE,FALSE,TRUE,TRUE,TRUE,FALSE,TRUE,FALSE,TRUE,0,0,0,0,0,0,0,0,0,1,1,0,1,0,0,2,2,4.810913563,1,0,0,1,0,24,11,5,0,2466.049957,149.5799942,9841.960571,639.2500153,7932.380005,30,44,4,5,0,0,0,0,0,0,0,0,0,0,0,0,62,4,7,21,15,8,10,39,6,2,0,0,2,35,22,15,22,31,2,5,0,22,258,85,6,0,7,30,8,29,37,0,0,0,0,27,0,1,2,8,113,10,0,202,53,1,1,1,0.222372662,4,30.19946861,21029.22046,0,https://www.fifa.com/en/tournaments/mens/worldcup/canadamexicousa2026/statistics/player-statistics
506124,TAREK ALAA,T. ALAA,Defender,DF,5/01/2002,24,Younger,24,0,0,,0,0,0,0,,0,0,,0,,0,,0,,FALSE,FALSE,FALSE,FALSE,TRUE,FALSE,FALSE,FALSE,FALSE,0,0,0,0,0,0,0,0,0,0,0,0,0,0,0,0,0,0,0,0,0,0,0,0,0,0,0,0,0,0,0,0,0,0,0,0,0,0,0,0,0,0,0,0,0,0,0,0,0,0,0,0,0,0,0,0,0,0,0,0,0,0,0,0,0,0,0,0,0,0,0,0,0,0,0,0,0,0,0,0,0,0,0,0,0,0,0,0,0,0,0,0,0,0,0,0,0,0,0,0,0,https://www.fifa.com/en/tournaments/mens/worldcup/canadamexicousa2026/statistics/player-statistics
484022,Tarik MUHAREMOVIC,MUHAREMOVIĆ,Defender,DF,28/02/2003,23,Younger,4,3,292.7,97.6,0,0,1,0,0.00%,153,132,86.30%,5,1.54,2,0.61,0.12,0.00x,TRUE,FALSE,TRUE,TRUE,TRUE,FALSE,TRUE,FALSE,TRUE,0,0,0,1,0,0,0,0,0,0,1,0,1,0,0,2,3,5.922570229,2,3,0,0,0,25,11,3,1,3268.029907,347.3399887,12701.05981,991.6499634,11468.56934,34,43,10,4,0,0,0,0,0,8,0,0,0,1,1,0,48,2,9,19,12,7,8,28,3,2,0,0,1,26,14,8,14,19,1,4,1,11,324,118,5,0,1,10,5,6,11,0,0,0,0,7,2,0,3,20,120,23,1,279,78,0,0,1,0.290261693,0,31.37967873,28776.65039,0,https://www.fifa.com/en/tournaments/mens/worldcup/canadamexicousa2026/statistics/player-statistics
510850,Thabang MATULUDI,MATULUDI,Defender,DF,14/01/1999,27,Younger,2,0,0,,0,0,0,0,,0,0,,0,,0,,0,,FALSE,FALSE,FALSE,FALSE,TRUE,FALSE,FALSE,FALSE,FALSE,0,0,0,0,0,0,0,0,0,0,0,0,0,0,0,0,0,0,0,0,0,0,0,0,0,0,0,0,0,0,0,0,0,0,0,0,0,0,0,0,0,0,0,0,0,0,0,0,0,0,0,0,0,0,0,0,0,0,0,0,0,0,0,0,0,0,0,0,0,0,0,0,0,0,0,0,0,0,0,0,0,0,0,0,0,0,0,0,0,0,0,0,0,0,0,0,0,0,0,0,0,https://www.fifa.com/en/tournaments/mens/worldcup/canadamexicousa2026/statistics/player-statistics
408042,Theo HERNANDEZ,T. HERNANDEZ,Defender,DF,6/10/1997,28,Older,19,5,296.8,59.4,0,0,3,0,0.00%,149,139,93.30%,2,0.61,4,1.21,0.12,0.00x,TRUE,TRUE,TRUE,TRUE,TRUE,FALSE,TRUE,FALSE,TRUE,0,1,0,0,0,0,0,3,0,0,1,0,2,2,0,6,1,3.876823127,5,1,0,5,1,57,11,2,0,3386.409851,929.2699738,11659.44,1740.279961,12004.84991,55,70,26,2,0,0,0,0,0,0,0,0,0,0,0,0,57,3,3,26,23,20,20,46,3,1,0,0,0,28,22,19,22,29,1,2,0,24,326,144,13,28,24,15,29,38,67,0,0,0,0,23,13,5,3,33,112,36,0,288,134,2,1,1,1.006585434,12,36.16783524,29720.25049,0,https://www.fifa.com/en/tournaments/mens/worldcup/canadamexicousa2026/statistics/player-statistics
358122,Thomas MEUNIER,MEUNIER,Defender,DF,12/09/1991,34,Older,15,3,226.6,75.5,0,1,2,1,0.00%,116,98,84.50%,9,3.58,0,0,0.11,0.00x,TRUE,FALSE,TRUE,TRUE,TRUE,FALSE,TRUE,FALSE,TRUE,0,0,0,0,0,0,1,1,0,0,1,1,0,1,0,5,2,3.576625188,4,1,0,8,3,48,9,1,0,4266.550049,871.3499756,11860.99951,1929.209961,8219.459961,43,56,17,1,0,0,0,0,0,0,0,0,0,0,0,0,34,2,3,9,6,4,4,19,8,3,1,4,2,17,10,7,10,13,1,1,1,9,243,103,14,38,22,24,29,55,84,0,0,0,0,30,23,5,4,30,78,34,0,363,157,1,1,1,1.074897647,15,33.0411911,27147.56934,0,https://www.fifa.com/en/tournaments/mens/worldcup/canadamexicousa2026/statistics/player-statistics
331463,Tim PAYNE,PAYNE,Defender,DF,10/01/1994,32,Older,2,3,241.9,80.6,0,1,1,0,0.00%,87,72,82.80%,2,0.74,2,0.74,0.02,0.00x,TRUE,FALSE,TRUE,TRUE,TRUE,FALSE,TRUE,FALSE,TRUE,0,1,0,0,0,0,0,0,0,1,0,0,0,1,0,2,0,6.225132306,2,0,3,9,1,57,9,2,0,3555.389832,501.2199936,9984.320313,1450.539978,9549.379883,40,55,5,2,0,0,0,0,0,0,0,0,0,0,0,0,45,2,5,16,12,8,9,28,3,0,0,0,1,26,16,12,18,26,0,4,0,17,191,91,2,10,12,9,5,26,31,0,0,0,0,14,11,2,1,40,44,41,0,309,105,0,3,1,0.187153548,13,33.73603439,25040.84961,0,https://www.fifa.com/en/tournaments/mens/worldcup/canadamexicousa2026/statistics/player-statistics
339510,Tim REAM,REAM,Defender,DF,5/10/1987,38,Older,13,4,420,105,0,0,0,0,,298,281,94.30%,0,0,2,0.43,0,,TRUE,FALSE,TRUE,TRUE,TRUE,FALSE,TRUE,FALSE,TRUE,0,0,0,0,0,0,0,0,0,0,0,0,0,0,0,5,5,4.356501961,5,5,0,0,0,16,6,5,0,4920.540039,313.0799866,14437.54028,1361.009995,17031.45068,82,95,3,5,0,0,0,0,0,2,0,0,0,0,0,0,115,4,20,62,54,38,38,92,6,2,0,0,2,47,36,18,21,50,0,16,2,39,622,209,9,0,1,18,6,13,19,0,0,0,0,10,1,0,1,37,254,38,0,432,109,0,0,2,0.241541442,1,32.26561737,38063.62012,0,https://www.fifa.com/en/tournaments/mens/worldcup/canadamexicousa2026/statistics/player-statistics
411443,Timothy CASTAGNE,CASTAGNE,Defender,DF,5/12/1995,30,Older,21,6,546.7,91.1,0,1,3,1,0.00%,263,230,87.50%,7,1.15,2,0.33,0.14,0.00x,TRUE,TRUE,TRUE,TRUE,TRUE,FALSE,TRUE,FALSE,TRUE,0,0,0,0,2,0,1,0,0,0,2,0,2,1,1,3,2,7.286714554,3,1,0,20,7,127,24,3,0,10279.5603,1229.539993,29132.31006,4413.279877,20120.4801,105,136,24,4,0,0,0,0,0,0,0,0,0,1,1,0,107,2,12,45,32,26,31,73,8,6,4,4,2,54,35,28,38,53,1,5,1,32,575,263,19,67,37,58,43,119,162,0,0,0,0,57,30,8,4,80,159,84,0,844,335,1,1,1,1.115943819,46,32.62147903,65175.16992,1,https://www.fifa.com/en/tournaments/mens/worldcup/canadamexicousa2026/statistics/player-statistics
492358,TOMAS ARAUJO,TOMÁS A.,Defender,DF,16/05/2002,24,Younger,4,1,100.4,100.4,0,0,0,0,,102,98,96.10%,1,0.9,0,0,0,,TRUE,FALSE,TRUE,TRUE,TRUE,FALSE,TRUE,FALSE,TRUE,0,0,0,0,0,0,0,0,0,0,0,0,0,0,0,1,2,1.216345596,1,1,0,0,0,4,1,0,0,1319.530029,79.29000092,4140.830566,501.1400452,4172.510254,34,38,1,0,0,0,0,0,0,0,0,0,0,0,0,0,37,0,3,21,18,18,18,31,0,0,0,0,0,16,13,13,13,18,0,0,0,14,215,55,2,1,0,10,5,6,11,0,0,0,0,7,0,0,0,9,93,9,0,113,39,0,0,0,0.096997321,0,29.38536453,10213.2998,1,https://www.fifa.com/en/tournaments/mens/worldcup/canadamexicousa2026/statistics/player-statistics
441167,Tomas HOLES,HOLEŠ,Defender,DF,31/03/1993,33,Older,3,2,169.4,84.7,0,0,0,0,,66,55,83.30%,2,1.06,2,1.06,0,,TRUE,FALSE,TRUE,TRUE,TRUE,FALSE,TRUE,FALSE,TRUE,0,0,0,0,0,0,0,0,0,0,0,0,0,0,0,2,3,4.109429677,1,3,0,0,0,37,7,2,0,2429.039978,267.5799942,7686.630371,744.019989,6355.870361,34,41,8,2,0,0,0,0,0,0,0,0,0,0,0,0,32,1,8,15,11,6,6,21,1,0,0,0,0,16,10,5,7,14,0,5,0,10,146,64,3,2,0,10,3,9,12,0,0,0,0,5,2,0,1,14,50,15,0,203,58,0,1,1,0.20933944,0,32.49349976,17483.13965,0,https://www.fifa.com/en/tournaments/mens/worldcup/canadamexicousa2026/statistics/player-statistics
274102,Tommy SMITH,SMITH,Defender,DF,31/03/1990,36,Older,26,0,0,,0,0,0,0,,0,0,,0,,0,,0,,FALSE,FALSE,FALSE,FALSE,TRUE,FALSE,FALSE,FALSE,FALSE,0,0,0,0,0,0,0,0,0,0,0,0,0,0,0,0,0,0,0,0,0,0,0,0,0,0,0,0,0,0,0,0,0,0,0,0,0,0,0,0,0,0,0,0,0,0,0,0,0,0,0,0,0,0,0,0,0,0,0,0,0,0,0,0,0,0,0,0,0,0,0,0,0,0,0,0,0,0,0,0,0,0,0,0,0,0,0,0,0,0,0,0,0,0,0,0,0,0,0,0,0,https://www.fifa.com/en/tournaments/mens/worldcup/canadamexicousa2026/statistics/player-statistics
491244,Torbjorn HEGGEM,HEGGEM,Defender,DF,12/01/1999,27,Younger,17,5,503.2,100.6,0,0,1,1,0.00%,301,282,93.70%,2,0.36,0,0,0.61,0.00x,TRUE,FALSE,TRUE,TRUE,TRUE,FALSE,TRUE,FALSE,TRUE,0,1,0,0,0,0,0,1,0,0,1,1,0,0,0,8,0,5.143563271,7,0,0,0,0,30,10,1,0,5457.890076,590.5000229,24328.66895,1803.310059,19567.85059,104,123,2,1,0,0,0,0,0,15,0,0,0,0,0,0,67,2,8,40,34,28,30,52,4,1,0,1,1,23,17,11,12,33,1,5,0,24,606,180,13,1,9,88,39,59,98,0,0,0,0,61,5,1,0,49,237,49,0,475,141,0,2,1,0.425934769,2,33.07427216,51748.2207,0,https://www.fifa.com/en/tournaments/mens/worldcup/canadamexicousa2026/statistics/player-statistics
439691,Trevoh CHALOBAH,CHALOBAH,Defender,DF,5/07/1999,26,Younger,12,1,6.1,6.1,0,0,0,0,,0,0,,0,0,0,0,0,,TRUE,FALSE,FALSE,FALSE,TRUE,FALSE,FALSE,FALSE,FALSE,0,0,0,0,0,0,0,0,0,0,0,0,0,0,0,0,0,0.763961256,0,0,0,0,0,1,0,0,0,112.6999969,6.190000057,214.75,18.81999969,274.0799866,0,0,0,0,0,0,0,0,0,0,0,0,0,0,0,0,0,0,0,0,0,0,0,0,0,0,0,0,0,0,0,0,0,0,0,0,0,0,0,0,0,0,0,0,0,0,0,0,0,0,0,0,0,0,0,0,0,0,0,11,2,1,0,0,0.010327724,0,26.23839569,626.539978,0,https://www.fifa.com/en/tournaments/mens/worldcup/canadamexicousa2026/statistics/player-statistics
430401,Tsuyoshi Watanabe,WATANABE,Defender,DF,5/02/1997,29,Older,16,2,99.7,49.9,0,0,0,0,,34,31,91.20%,0,0,1,0.9,0,,TRUE,FALSE,FALSE,TRUE,TRUE,FALSE,TRUE,FALSE,FALSE,0,0,0,0,0,0,0,0,0,0,0,0,0,0,0,1,0,2.851880193,0,0,0,2,1,8,3,0,0,1138.009979,142.6099854,4018.540039,335.019989,3909.659912,6,10,4,0,0,0,0,0,0,0,0,0,0,0,0,0,11,0,2,3,2,0,1,9,0,0,0,0,0,8,7,5,6,4,0,2,0,3,74,29,1,6,0,7,5,8,13,0,0,0,0,6,3,2,0,4,30,4,0,100,28,1,1,0,0.104688963,4,32.92871094,9543.840088,0,https://www.fifa.com/en/tournaments/mens/worldcup/canadamexicousa2026/statistics/player-statistics
482775,Tyler BINDON,BINDON,Defender,DF,27/01/2005,21,Younger,4,3,120.4,40.1,0,0,2,1,0.00%,68,49,72.10%,2,1.5,1,0.75,0.33,0.00x,TRUE,FALSE,TRUE,TRUE,TRUE,FALSE,TRUE,FALSE,TRUE,0,0,0,1,0,0,1,0,0,0,2,1,1,0,0,3,2,7.10477066,1,1,0,0,0,13,4,0,0,1746.280022,318.8000073,6155.43988,788.6600113,4150.71994,25,40,4,0,0,0,0,0,0,0,0,0,0,1,0,0,32,2,3,15,9,7,10,18,6,2,0,3,1,11,7,4,5,21,1,1,1,13,147,60,2,11,7,4,6,16,22,0,0,0,0,7,6,1,2,24,40,26,0,152,48,2,0,1,1.08107312,6,31.66466713,13159.89993,0,https://www.fifa.com/en/tournaments/mens/worldcup/canadamexicousa2026/statistics/player-statistics
479084,Umar ESHMURODOV,ESHMURODOV,Defender,DF,30/11/1992,33,Older,15,0,0,,0,0,0,0,,0,0,,0,,0,,0,,FALSE,FALSE,FALSE,FALSE,TRUE,FALSE,FALSE,FALSE,FALSE,0,0,0,0,0,0,0,0,0,0,0,0,0,0,0,0,0,0,0,0,0,0,0,0,0,0,0,0,0,0,0,0,0,0,0,0,0,0,0,0,0,0,0,0,0,0,0,0,0,0,0,0,0,0,0,0,0,0,0,0,0,0,0,0,0,0,0,0,0,0,0,0,0,0,0,0,0,0,0,0,0,0,0,0,0,0,0,0,0,0,0,0,0,0,0,0,0,0,0,0,0,https://www.fifa.com/en/tournaments/mens/worldcup/canadamexicousa2026/statistics/player-statistics
395283,Victor LINDELOF,LINDELÖF,Defender,DF,17/07/1994,31,Older,3,4,390.8,97.7,0,0,2,0,0.00%,200,190,95.00%,3,0.69,0,0,0.26,0.00x,TRUE,FALSE,TRUE,TRUE,TRUE,FALSE,TRUE,FALSE,TRUE,0,0,0,2,0,0,0,0,0,0,2,0,2,0,0,6,1,5.724911809,6,1,0,0,0,24,10,2,0,4021.890076,203.5500031,16089.50024,1364.669983,15582.78979,66,77,5,5,0,0,0,0,0,1,0,0,0,2,3,0,70,2,7,39,32,28,30,57,3,2,1,1,0,28,23,19,19,37,1,3,0,31,430,160,12,0,3,32,18,17,35,0,0,0,0,22,4,0,3,21,177,24,0,315,101,0,1,0,0.525001153,1,28.75554657,37262.39941,0,https://www.fifa.com/en/tournaments/mens/worldcup/canadamexicousa2026/statistics/player-statistics
397786,Virgil VAN DIJK,VIRGIL,Defender,DF,8/07/1991,34,Older,4,4,432.6,108.2,1,1,2,2,50.00%,347,330,95.10%,2,0.42,2,0.42,0.14,7.26x,TRUE,FALSE,TRUE,TRUE,TRUE,FALSE,TRUE,FALSE,TRUE,0,0,0,0,1,0,0,0,0,0,2,2,0,0,0,3,1,5.303688288,3,1,0,0,0,11,4,9,0,3728.120056,546.6599884,13313.56006,1275.639984,19333.1499,67,76,10,10,0,0,0,0,0,17,0,1,0,2,1,0,67,1,8,28,24,17,19,58,1,1,0,0,0,38,33,26,29,28,1,6,0,25,718,209,13,0,1,34,17,18,35,0,0,0,0,19,4,1,10,30,286,40,0,292,100,0,0,1,0.336652622,0,35.14060974,38197.12891,0,https://www.fifa.com/en/tournaments/mens/worldcup/canadamexicousa2026/statistics/player-statistics
472908,Vladimir COUFAL,COUFAL,Defender,DF,22/08/1992,33,Older,5,3,301.1,100.4,0,1,1,0,0.00%,110,79,71.80%,4,1.2,3,0.9,0.02,0.00x,TRUE,FALSE,TRUE,TRUE,TRUE,FALSE,TRUE,FALSE,TRUE,0,1,0,0,1,0,0,0,0,0,1,0,0,0,0,3,1,6.818635782,1,0,9,20,6,49,10,5,0,5458.590088,662.8700104,14500.22021,1957.549988,11645.62939,45,70,5,5,0,0,0,0,0,0,0,0,0,1,0,0,64,5,6,19,11,5,8,33,10,6,2,3,2,35,16,9,22,32,3,3,1,18,252,133,13,42,29,15,11,75,86,1,0,0,0,23,27,3,3,41,61,44,0,443,154,0,0,1,0.711275369,24,30.57874107,34224.86133,0,https://www.fifa.com/en/tournaments/mens/worldcup/canadamexicousa2026/statistics/player-statistics
482783,WAGNER PINA,WAGNER P.,Defender,DF,3/11/2002,23,Younger,24,1,99.4,99.4,0,0,1,0,0.00%,38,30,78.90%,1,0.91,3,2.72,0.18,0.00x,TRUE,FALSE,FALSE,TRUE,TRUE,FALSE,TRUE,FALSE,FALSE,0,1,0,0,1,0,0,0,0,0,1,0,0,0,0,4,0,1.68249464,3,0,0,3,1,19,2,0,0,1593.869995,577.289917,4332.870117,1013.400024,3632.750244,20,29,4,0,0,0,0,0,0,0,0,0,0,0,0,0,17,2,1,7,4,4,4,9,2,0,0,0,0,8,5,5,5,10,0,0,0,7,87,43,3,18,22,6,14,32,46,0,0,0,0,12,10,2,2,11,28,13,0,134,74,0,1,1,0.233342648,6,32.21106339,11150.17969,1,https://www.fifa.com/en/tournaments/mens/worldcup/canadamexicousa2026/statistics/player-statistics
430658,Waldemar ANTON,ANTON,Defender,DF,20/07/1996,29,Older,3,2,66.4,33.2,0,0,1,1,0.00%,30,29,96.70%,3,4.06,1,1.35,0.11,0.00x,TRUE,FALSE,FALSE,FALSE,TRUE,FALSE,FALSE,FALSE,FALSE,0,0,0,1,0,0,0,0,0,0,1,1,0,0,0,2,0,3.369910717,0,0,0,2,0,13,3,1,0,1092.970001,156.6300011,3194.040039,484.1000214,2407.110077,12,16,1,1,0,0,0,0,0,0,0,0,0,1,0,0,17,0,3,6,6,3,3,16,0,0,0,0,0,11,10,7,8,8,0,3,0,8,70,31,2,4,3,8,2,13,15,1,0,0,0,4,2,0,1,6,27,7,0,98,35,2,0,0,0.228312153,1,33.26733017,7334.850342,0,https://www.fifa.com/en/tournaments/mens/worldcup/canadamexicousa2026/statistics/player-statistics
430854,Wilfried SINGO,SINGO,Defender,DF,25/12/2000,25,Younger,5,2,190.2,95.1,0,1,2,0,0.00%,92,79,85.90%,3,1.42,1,0.47,0.14,0.00x,TRUE,FALSE,TRUE,TRUE,TRUE,FALSE,TRUE,FALSE,TRUE,0,1,0,0,1,0,1,0,0,0,2,0,1,0,0,14,0,2.883124352,13,0,0,1,0,24,12,1,0,2098.110046,406.6500092,7499.69043,765.5500183,7460.22998,40,61,13,1,0,0,0,0,0,0,0,0,0,0,0,0,45,0,7,26,22,18,19,33,0,0,0,0,0,19,11,7,12,22,0,4,0,15,203,92,5,4,7,18,6,23,29,0,0,0,0,12,5,1,2,41,48,43,0,173,65,0,1,3,0.102478746,9,34.3645134,18230.23047,0,https://www.fifa.com/en/tournaments/mens/worldcup/canadamexicousa2026/statistics/player-statistics
498439,Wilguens PAUGAIN,PAUGAIN,Defender,DF,24/08/2001,24,Younger,24,0,0,,0,0,0,0,,0,0,,0,,0,,0,,FALSE,FALSE,FALSE,FALSE,TRUE,FALSE,FALSE,FALSE,FALSE,0,0,0,0,0,0,0,0,0,0,0,0,0,0,0,0,0,0,0,0,0,0,0,0,0,0,0,0,0,0,0,0,0,0,0,0,0,0,0,0,0,0,0,0,0,0,0,0,0,0,0,0,0,0,0,0,0,0,0,0,0,0,0,0,0,0,0,0,0,0,0,0,0,0,0,0,0,0,0,0,0,0,0,0,0,0,0,0,0,0,0,0,0,0,0,0,0,0,0,0,0,https://www.fifa.com/en/tournaments/mens/worldcup/canadamexicousa2026/statistics/player-statistics
476345,Willer DITTA,W. DITTA,Defender,DF,23/01/1998,28,Older,18,0,0,,0,0,0,0,,0,0,,0,,0,,0,,FALSE,FALSE,FALSE,FALSE,TRUE,FALSE,FALSE,FALSE,FALSE,0,0,0,0,0,0,0,0,0,0,0,0,0,0,0,0,0,0,0,0,0,0,0,0,0,0,0,0,0,0,0,0,0,0,0,0,0,0,0,0,0,0,0,0,0,0,0,0,0,0,0,0,0,0,0,0,0,0,0,0,0,0,0,0,0,0,0,0,0,0,0,0,0,0,0,0,0,0,0,0,0,0,0,0,0,0,0,0,0,0,0,0,0,0,0,0,0,0,0,0,0,https://www.fifa.com/en/tournaments/mens/worldcup/canadamexicousa2026/statistics/player-statistics
419177,William SALIBA,SALIBA,Defender,DF,24/03/2001,25,Younger,17,6,533.6,88.9,0,0,1,0,0.00%,315,307,97.50%,4,0.67,0,0,0.06,0.00x,TRUE,FALSE,TRUE,TRUE,TRUE,FALSE,TRUE,FALSE,TRUE,0,0,0,0,1,0,0,0,0,0,1,0,1,0,0,3,2,4.118219495,3,2,0,0,0,28,14,2,0,4707.27002,882.3300014,19196.49976,1991.48999,22747.29016,47,54,14,4,0,0,0,0,0,8,0,0,0,1,2,0,35,0,3,21,20,17,18,30,1,0,0,0,1,13,10,7,9,13,0,3,0,11,659,237,15,1,0,58,29,30,59,0,0,0,0,35,2,1,4,23,281,27,0,407,157,0,1,1,0.490710385,1,34.12277603,49524.88135,0,https://www.fifa.com/en/tournaments/mens/worldcup/canadamexicousa2026/statistics/player-statistics
448290,Willian PACHO,PACHO,Defender,DF,16/10/2001,24,Younger,6,4,407.5,101.9,0,0,1,1,0.00%,238,217,91.20%,3,0.66,2,0.44,0.11,0.00x,TRUE,FALSE,TRUE,TRUE,TRUE,FALSE,TRUE,FALSE,TRUE,0,0,0,0,0,0,1,0,0,0,1,1,0,0,0,6,0,5.20378828,6,0,0,0,0,51,12,4,0,3288.299988,704.4099884,12247.03027,1424.899933,17682.38037,56,79,10,5,0,0,0,0,0,15,0,0,0,1,1,0,56,2,8,34,22,21,24,31,2,0,0,0,0,20,9,8,10,38,0,1,0,18,488,172,8,0,0,45,29,16,45,0,0,0,0,27,1,0,1,36,187,37,0,284,119,0,0,1,0.346021488,0,32.8890152,35347.02051,0,https://www.fifa.com/en/tournaments/mens/worldcup/canadamexicousa2026/statistics/player-statistics
463489,Yaimar MEDINA,MEDINA,Defender,DF,5/11/2004,21,Younger,26,1,54,54,0,0,1,0,0.00%,19,17,89.50%,1,1.67,0,0,0.04,0.00x,TRUE,FALSE,FALSE,FALSE,TRUE,FALSE,FALSE,FALSE,FALSE,0,0,0,0,0,0,0,1,0,0,1,0,0,0,0,0,1,1.523215294,0,1,0,4,1,10,3,0,0,697.7299805,200.1199951,2031.669922,340.9900208,2215.719971,5,7,1,0,0,0,0,0,0,0,0,0,0,1,0,0,6,1,0,1,0,0,0,3,1,0,0,0,0,4,3,3,3,1,0,0,0,1,51,22,3,5,7,4,5,11,16,0,0,0,0,6,10,1,2,3,20,5,0,58,28,1,0,0,0.716412246,2,30.47405815,5486.22998,0,https://www.fifa.com/en/tournaments/mens/worldcup/canadamexicousa2026/statistics/player-statistics
419189,Yan Valery,VALERY,Defender,DF,22/02/1999,27,Younger,20,3,274.1,91.4,0,0,0,0,,80,54,67.50%,4,1.31,1,0.33,0,,TRUE,FALSE,TRUE,TRUE,TRUE,FALSE,TRUE,FALSE,TRUE,0,0,0,0,0,0,0,0,0,0,0,0,0,0,0,4,1,6.38923343,3,1,0,7,2,68,10,0,0,3566.539917,802.4400024,12132.11987,1909.169922,10846.01001,32,50,13,0,0,0,0,0,0,0,0,0,0,0,0,0,32,3,0,10,3,3,7,9,8,1,0,4,1,14,5,4,10,14,0,0,1,4,163,87,3,38,33,9,5,75,80,1,0,0,0,24,28,4,2,33,38,35,0,296,130,0,1,3,0.531916954,25,33.09432983,29256.28125,0,https://www.fifa.com/en/tournaments/mens/worldcup/canadamexicousa2026/statistics/player-statistics
369267,YASSER IBRAHIM,YASSER,Defender,DF,10/02/1993,33,Older,2,5,533.1,106.6,1,0,1,1,100.00%,260,239,91.90%,6,1.01,3,0.51,0.12,8.42x,TRUE,FALSE,TRUE,TRUE,TRUE,FALSE,TRUE,FALSE,TRUE,0,0,0,0,0,0,0,1,0,0,1,1,0,0,0,3,1,5.791628456,2,1,0,0,0,46,24,8,0,6095.98999,712.890007,22069.41968,2347.259949,20263.80078,34,51,21,9,0,0,0,0,0,0,0,1,0,1,1,0,54,1,11,37,25,21,25,31,1,0,0,0,0,16,6,2,4,27,0,4,0,12,533,184,8,0,3,86,50,39,89,0,0,0,0,55,3,0,3,22,230,25,0,514,181,1,0,2,0.688046917,1,33.44163513,51489.35938,2,https://www.fifa.com/en/tournaments/mens/worldcup/canadamexicousa2026/statistics/player-statistics
431225,YAZAN ALARAB,ALARAB,Defender,DF,31/01/1996,30,Older,5,3,309.4,103.1,0,0,0,0,,106,94,88.70%,4,1.16,0,0,0,,TRUE,FALSE,TRUE,TRUE,TRUE,FALSE,TRUE,FALSE,TRUE,0,0,0,0,0,0,0,0,0,0,0,0,0,0,0,8,0,5.486241817,7,0,0,0,0,28,16,3,0,2805.319824,325.3000031,12403.96094,925.8899841,11810.31982,36,49,10,5,0,0,0,0,0,17,0,0,0,0,2,0,38,1,7,22,17,13,14,25,1,0,0,0,0,15,8,4,7,25,0,4,0,15,212,106,2,1,5,11,9,8,17,0,1,0,0,6,0,0,1,23,66,24,0,258,78,0,0,2,0.422309346,0,32.39612198,28270.79004,1,https://www.fifa.com/en/tournaments/mens/worldcup/canadamexicousa2026/statistics/player-statistics
395552,Yerry MINA,Y. MINA,Defender,DF,23/09/1994,31,Older,13,1,2.7,2.7,0,0,0,0,,3,3,100.00%,0,0,1,33.34,0,,TRUE,FALSE,FALSE,FALSE,TRUE,FALSE,FALSE,FALSE,FALSE,0,0,0,0,0,0,0,0,0,0,0,0,0,0,0,0,0,1.704423904,0,0,0,0,0,1,1,0,0,107.3499985,6.559999943,140.2400055,37.75999832,92.61000061,2,2,0,0,0,0,0,0,0,0,0,0,0,0,0,0,0,0,0,0,0,0,0,0,0,0,0,0,0,0,0,0,0,0,0,0,0,0,7,4,0,0,0,1,1,0,1,0,0,0,0,1,0,0,0,1,2,1,0,7,3,1,0,0,0.009199433,0,26.04797935,384.5200195,0,https://www.fifa.com/en/tournaments/mens/worldcup/canadamexicousa2026/statistics/player-statistics
494742,Youssef BELAMMARI,BELAMMARI,Defender,DF,20/09/1998,27,Younger,19,0,0,,0,0,0,0,,0,0,,0,,0,,0,,FALSE,FALSE,FALSE,FALSE,TRUE,FALSE,FALSE,FALSE,FALSE,0,0,0,0,0,0,0,0,0,0,0,0,0,0,0,0,0,0,0,0,0,0,0,0,0,0,0,0,0,0,0,0,0,0,0,0,0,0,0,0,0,0,0,0,0,0,0,0,0,0,0,0,0,0,0,0,0,0,0,0,0,0,0,0,0,0,0,0,0,0,0,0,0,0,0,0,0,0,0,0,0,0,0,0,0,0,0,0,0,0,0,0,0,0,0,0,0,0,0,0,0,https://www.fifa.com/en/tournaments/mens/worldcup/canadamexicousa2026/statistics/player-statistics
405528,Yukinari Sugawara,SUGAWARA,Defender,DF,28/06/2000,25,Younger,2,4,181.7,45.4,0,0,2,2,0.00%,73,52,71.20%,3,1.49,1,0.5,0.09,0.00x,TRUE,FALSE,TRUE,TRUE,TRUE,FALSE,TRUE,FALSE,TRUE,0,0,0,0,1,0,0,1,0,0,1,1,0,1,1,1,2,6.276147842,1,1,0,5,1,36,4,2,0,2227.550034,266.1100006,7866.960449,968.8400345,7438.149475,29,43,5,2,0,0,0,0,0,0,0,0,0,0,0,0,36,3,4,13,4,2,6,14,4,1,0,1,0,19,9,7,12,21,1,1,0,8,153,72,4,13,20,7,12,28,40,0,0,0,0,11,18,4,0,32,37,32,0,195,72,3,0,1,0.919133425,12,32.62792587,18767.61011,0,https://www.fifa.com/en/tournaments/mens/worldcup/canadamexicousa2026/statistics/player-statistics
291372,Yuto NAGATOMO,NAGATOMO,Defender,DF,12/09/1986,39,Older,5,1,22.4,22.4,0,0,0,0,,5,3,60.00%,0,0,0,0,0,,TRUE,FALSE,FALSE,FALSE,TRUE,FALSE,FALSE,FALSE,FALSE,0,0,0,0,0,0,0,0,0,0,0,0,0,0,0,0,0,1.712880492,0,0,0,1,0,4,0,0,0,384.7900391,78.29000092,1070.969971,121.2200012,896.4199829,3,6,2,0,0,0,0,0,0,0,0,0,0,0,0,0,4,1,0,1,0,0,0,1,1,0,0,0,0,2,1,1,1,4,0,0,0,1,17,7,0,5,2,1,1,7,8,0,0,0,0,2,3,0,1,6,0,7,0,38,9,1,0,0,0.241864607,0,28.64119148,2551.689941,0,https://www.fifa.com/en/tournaments/mens/worldcup/canadamexicousa2026/statistics/player-statistics
434025,ZAID TAHSEEN,ZAID T.,Defender,DF,29/01/2001,25,Younger,4,2,165.5,82.8,0,0,2,0,0.00%,64,53,82.80%,3,1.63,2,1.09,0.21,0.00x,TRUE,FALSE,TRUE,TRUE,TRUE,FALSE,TRUE,FALSE,TRUE,0,0,0,0,1,0,1,0,0,0,1,0,2,1,0,1,1,4.124052366,1,1,0,0,0,6,2,4,0,2074.170044,275.4399948,7566.309814,516.1900024,6375.899658,21,29,1,4,0,0,0,0,0,2,0,0,0,1,0,0,38,3,11,21,13,5,7,21,3,0,0,0,0,14,8,0,0,21,0,8,0,17,134,61,3,0,1,14,4,11,15,0,0,0,0,6,2,0,1,17,45,18,0,179,49,0,1,0,0.061677361,0,31.88812828,16808.00977,1,https://www.fifa.com/en/tournaments/mens/worldcup/canadamexicousa2026/statistics/player-statistics
485756,Zakaria EL OUAHDI,EL OUAHDI,Defender,DF,31/12/2001,24,Younger,13,1,22.7,22.7,0,0,0,0,,14,14,100.00%,1,3.96,1,3.96,0,,TRUE,FALSE,FALSE,FALSE,TRUE,FALSE,FALSE,FALSE,FALSE,0,0,0,0,0,0,0,0,0,0,0,0,0,0,0,1,0,1.248375893,0,0,0,0,0,3,1,0,0,451.2900391,143.4799957,1048.119995,286.5700073,917.6700439,0,1,0,0,0,0,0,0,0,0,0,0,0,0,0,0,3,0,0,1,1,1,1,2,1,0,0,1,0,1,1,1,1,1,0,0,0,0,22,11,1,5,2,1,3,5,8,0,0,0,0,1,2,0,0,1,7,1,0,36,15,1,0,0,0.346507579,7,29.34359932,2847.129883,0,https://www.fifa.com/en/tournaments/mens/worldcup/canadamexicousa2026/statistics/player-statistics
433072,Zeki CELIK,ZEKİ ÇELİK,Defender,DF,17/02/1997,29,Older,2,2,173.6,86.8,0,0,1,1,0.00%,79,70,88.60%,1,0.52,0,0,0.1,0.00x,TRUE,FALSE,TRUE,TRUE,TRUE,FALSE,TRUE,FALSE,TRUE,0,0,0,0,0,0,0,1,0,0,1,1,0,0,0,3,1,4.404902776,2,1,1,1,0,35,9,0,0,2672.290039,507.6999817,8116.5,1085.419983,6730.919678,33,44,5,1,0,0,0,0,0,0,0,0,0,0,1,0,26,0,3,15,13,11,12,21,1,1,0,0,1,10,7,4,6,13,0,2,1,9,164,74,10,24,19,31,13,61,74,0,0,0,0,23,7,3,1,28,42,29,0,224,87,0,2,0,0.800611585,10,34.69419861,19112.82813,0,https://www.fifa.com/en/tournaments/mens/worldcup/canadamexicousa2026/statistics/player-statistics
448369,Zeno DEBAST,DEBAST,Defender,DF,24/10/2003,22,Younger,2,0,0,,0,0,0,0,,0,0,,0,,0,,0,,FALSE,FALSE,FALSE,FALSE,TRUE,FALSE,FALSE,FALSE,FALSE,0,0,0,0,0,0,0,0,0,0,0,0,0,0,0,0,0,0,0,0,0,0,0,0,0,0,0,0,0,0,0,0,0,0,0,0,0,0,0,0,0,0,0,0,0,0,0,0,0,0,0,0,0,0,0,0,0,0,0,0,0,0,0,0,0,0,0,0,0,0,0,0,0,0,0,0,0,0,0,0,0,0,0,0,0,0,0,0,0,0,0,0,0,0,0,0,0,0,0,0,0,https://www.fifa.com/en/tournaments/mens/worldcup/canadamexicousa2026/statistics/player-statistics
480983,Zineddine BELAID,BELAID,Defender,DF,20/03/1999,27,Younger,5,2,38.5,19.2,0,0,0,0,,44,43,97.70%,0,0,0,0,0,,TRUE,FALSE,FALSE,FALSE,TRUE,FALSE,FALSE,FALSE,FALSE,0,0,0,0,0,0,0,0,0,0,0,0,0,0,0,0,0,3.10239768,0,0,0,0,0,2,2,0,0,447.8099823,13.63000011,1409.710022,142.140007,1767.709961,3,4,0,0,0,0,0,0,0,0,0,0,0,0,0,0,4,0,1,1,0,0,0,2,1,1,1,1,0,2,1,1,1,3,0,0,0,1,89,11,2,0,0,7,5,2,7,1,0,0,0,4,1,0,1,1,43,2,0,37,12,2,0,0,0.225197531,0,27.17296982,3780.999878,0,https://www.fifa.com/en/tournaments/mens/worldcup/canadamexicousa2026/statistics/player-statistics
477864,Aaron TSHIBOLA,TSHIBOLA,Midfielder,MF,2/01/1995,31,Older,15,0,0,,0,0,0,0,,0,0,,0,,0,,0,,FALSE,FALSE,FALSE,FALSE,TRUE,FALSE,FALSE,FALSE,FALSE,0,0,0,0,0,0,0,0,0,0,0,0,0,0,0,0,0,0,0,0,0,0,0,0,0,0,0,0,0,0,0,0,0,0,0,0,0,0,0,0,0,0,0,0,0,0,0,0,0,0,0,0,0,0,0,0,0,0,0,0,0,0,0,0,0,0,0,0,0,0,0,0,0,0,0,0,0,0,0,0,0,0,0,0,0,0,0,0,0,0,0,0,0,0,0,0,0,0,0,0,0,https://www.fifa.com/en/tournaments/mens/worldcup/canadamexicousa2026/statistics/player-statistics
464933,Abbosbek FAYZULLAEV,FAYZULLAEV,Midfielder,MF,3/10/2003,22,Younger,22,3,240.2,80.1,1,0,3,2,33.30%,36,24,66.70%,6,2.25,4,1.5,1,1.00x,TRUE,TRUE,FALSE,TRUE,TRUE,FALSE,TRUE,FALSE,FALSE,0,0,0,0,0,1,0,1,0,1,2,2,1,1,0,3,1,6.322368463,1,1,5,9,2,137,27,4,0,3901.340088,650.690033,10233.43042,1679.55011,8836.800049,20,35,17,4,0,0,0,0,0,0,0,1,0,1,0,0,14,2,1,4,3,1,1,8,2,1,0,0,0,8,4,2,5,12,1,1,0,7,102,57,4,45,52,7,64,40,104,0,0,0,0,22,30,0,3,30,16,33,0,341,141,0,3,1,3.109407127,0,33.86846542,25301.81055,0,https://www.fifa.com/en/tournaments/mens/worldcup/canadamexicousa2026/statistics/player-statistics
345059,ABDULAZIZ HATEM,A. AZIZ,Midfielder,MF,1/01/1990,36,Older,6,1,51,51,0,0,0,0,,32,26,81.30%,1,1.76,0,0,0,,TRUE,FALSE,FALSE,FALSE,TRUE,FALSE,FALSE,FALSE,FALSE,0,0,0,0,0,0,0,0,0,0,0,0,0,0,0,0,0,2.282353242,0,0,0,0,0,20,0,1,0,995.1199341,31.13999939,2586.540039,424.3900452,1789.800049,14,20,1,1,0,0,0,0,0,0,0,0,0,0,0,0,14,2,2,6,3,1,2,8,2,1,0,0,0,6,4,2,2,9,1,1,0,3,65,25,2,5,13,13,26,5,31,0,0,0,0,17,5,2,1,19,12,20,0,86,28,1,0,0,0.456338227,1,27.13083267,5826.989746,0,https://www.fifa.com/en/tournaments/mens/worldcup/canadamexicousa2026/statistics/player-statistics
411624,ABDULLAH ALKHAIBARI,ALKHAIBARI,Midfielder,MF,16/08/1996,29,Older,15,3,203.3,67.8,0,0,1,0,0.00%,58,48,82.80%,0,0,2,0.89,0.01,0.00x,TRUE,FALSE,TRUE,TRUE,TRUE,FALSE,TRUE,FALSE,TRUE,0,0,0,0,0,0,1,0,0,0,0,0,1,1,0,2,0,7.07903417,2,0,0,0,0,81,7,1,0,3743.680176,110.6499939,11884.5,1007.799988,6860.789673,31,39,8,1,0,0,0,0,0,0,0,0,0,0,0,0,15,1,1,7,6,5,5,12,1,0,0,0,0,7,6,5,5,7,0,1,0,7,133,65,1,1,15,30,33,13,46,0,0,0,0,13,7,0,1,29,34,30,0,345,76,0,2,1,0.097157593,0,28.22438049,23607.41992,0,https://www.fifa.com/en/tournaments/mens/worldcup/canadamexicousa2026/statistics/player-statistics
385833,Adalberto CARRASQUILLA,CARRASQUILLA,Midfielder,MF,28/11/1998,27,Younger,8,0,0,,0,0,0,0,,0,0,,0,,0,,0,,FALSE,FALSE,FALSE,FALSE,TRUE,FALSE,FALSE,FALSE,FALSE,0,0,0,0,0,0,0,0,0,0,0,0,0,0,0,0,0,0,0,0,0,0,0,0,0,0,0,0,0,0,0,0,0,0,0,0,0,0,0,0,0,0,0,0,0,0,0,0,0,0,0,0,0,0,0,0,0,0,0,0,0,0,0,0,0,0,0,0,0,0,0,0,0,0,0,0,0,0,0,0,0,0,0,0,0,0,0,0,0,0,0,0,0,0,0,0,0,0,0,0,0,https://www.fifa.com/en/tournaments/mens/worldcup/canadamexicousa2026/statistics/player-statistics
402047,Adrien RABIOT,RABIOT,Midfielder,MF,3/04/1995,31,Older,14,7,657.9,94,0,1,9,1,0.00%,351,323,92.00%,13,1.78,4,0.55,0.96,0.00x,TRUE,TRUE,TRUE,TRUE,TRUE,FALSE,TRUE,FALSE,TRUE,0,0,0,0,1,0,2,5,0,1,4,1,8,5,0,17,1,5.669568062,15,1,0,2,0,143,38,10,0,9515.799866,728.6199875,29071.88037,3485.289948,28461.46777,149,190,14,11,0,0,0,0,0,0,0,0,0,2,1,0,117,6,3,28,26,18,19,104,13,10,2,3,4,76,68,57,63,51,5,3,3,44,769,297,35,65,58,112,160,75,235,1,0,0,0,69,36,8,20,101,244,121,0,816,248,0,1,2,3.644035935,0,30.83603668,71263.05811,1,https://www.fifa.com/en/tournaments/mens/worldcup/canadamexicousa2026/statistics/player-statistics
402876,Agustin CANOBBIO,A. CANOBBIO,Midfielder,MF,1/10/1998,27,Younger,14,3,261.5,87.2,1,0,4,1,25.00%,68,61,89.70%,7,2.41,5,1.72,0.75,1.33x,TRUE,TRUE,TRUE,TRUE,TRUE,FALSE,TRUE,FALSE,TRUE,0,0,1,0,1,0,1,1,0,0,4,1,3,0,0,14,0,6.442296823,7,0,0,9,3,107,16,0,1,4019.460022,1018.889965,11913.68945,2033.26001,9201.029907,57,84,16,0,0,0,0,0,0,0,0,1,0,1,0,0,18,0,0,1,1,1,1,15,5,3,3,5,0,12,11,11,12,18,0,0,0,15,185,88,14,76,50,15,42,99,141,1,0,0,0,38,50,9,4,56,37,60,1,348,162,1,0,2,5.450233698,2,33.39974976,28186.33008,0,https://www.fifa.com/en/tournaments/mens/worldcup/canadamexicousa2026/statistics/player-statistics
419436,AHMED ALGANEHI,A. ALGANEHI,Midfielder,MF,22/09/2000,25,Younger,17,1,41.1,41.1,0,0,1,0,0.00%,12,11,91.70%,1,2.19,0,0,0.05,0.00x,TRUE,FALSE,FALSE,FALSE,TRUE,FALSE,FALSE,FALSE,FALSE,0,0,0,0,0,0,0,0,0,0,0,0,1,1,0,1,0,2.041934172,1,0,2,2,2,18,4,0,0,609.1400146,139.1000061,1448.219971,340.4599915,1663.709961,7,8,3,0,0,0,0,0,0,0,0,0,0,0,0,0,2,0,0,0,0,0,0,2,0,0,0,0,0,2,2,2,2,1,0,0,0,1,27,14,2,2,4,1,3,4,7,0,0,0,0,0,2,0,0,8,2,8,0,51,24,1,0,1,0.678814769,4,30.03838921,4200.629883,0,https://www.fifa.com/en/tournaments/mens/worldcup/canadamexicousa2026/statistics/player-statistics
433394,AHMED FATHY,A. FATHY,Midfielder,MF,25/01/1993,33,Older,20,3,163.1,54.4,0,0,0,0,,65,59,90.80%,2,1.1,1,0.55,0,,TRUE,FALSE,TRUE,TRUE,TRUE,FALSE,TRUE,FALSE,TRUE,0,0,0,0,0,0,0,0,0,0,0,0,0,0,0,0,1,6.629346212,0,1,0,0,0,73,10,1,0,3888.309998,200.9699974,7283.200439,1061.860016,5839.650269,26,30,10,1,0,0,0,0,0,0,0,0,0,0,0,0,18,2,4,8,5,2,2,10,2,0,0,0,0,8,5,2,2,11,0,3,0,6,146,59,5,3,18,28,41,8,49,0,0,0,0,22,4,0,3,11,54,14,0,312,80,2,2,0,0.166651029,1,29.54040527,18273.99072,2,https://www.fifa.com/en/tournaments/mens/worldcup/canadamexicousa2026/statistics/player-statistics
430440,Aiden ONEILL,O'NEILL,Midfielder,MF,4/07/1998,27,Younger,13,4,407,101.7,0,0,2,0,0.00%,172,142,82.60%,2,0.44,8,1.77,0.07,0.00x,TRUE,FALSE,TRUE,TRUE,TRUE,FALSE,TRUE,FALSE,TRUE,0,0,0,0,0,0,1,1,0,0,1,0,2,1,0,10,3,6.969208956,5,1,4,8,4,105,15,7,0,7983.399658,482.6000137,22645.06982,2376.950073,13835.11035,99,128,25,7,0,0,0,0,0,0,0,0,0,0,0,0,87,4,5,22,13,10,13,51,12,5,3,5,3,53,33,29,41,52,1,2,1,32,388,174,11,6,61,71,103,35,138,0,0,0,0,56,23,1,12,91,85,103,0,648,186,0,1,3,0.259147331,1,32.78357315,47323.12988,0,https://www.fifa.com/en/tournaments/mens/worldcup/canadamexicousa2026/statistics/player-statistics
493983,AIMAR SHER,AIMAR,Midfielder,MF,20/12/2002,23,Younger,20,1,24.6,24.6,0,0,0,0,,22,20,90.90%,0,0,0,0,0,,TRUE,FALSE,FALSE,FALSE,TRUE,FALSE,FALSE,FALSE,FALSE,0,0,0,0,0,0,0,0,0,0,0,0,0,0,0,1,0,2.5586888,0,0,0,1,0,4,2,0,0,432,0,1715.660156,90.83998871,900.5900269,3,5,0,0,0,0,0,0,0,0,0,0,0,0,0,0,5,0,0,4,3,3,4,4,0,0,0,0,0,1,1,1,1,2,0,0,0,2,49,14,0,1,8,18,23,4,27,0,0,0,0,10,2,0,0,2,22,2,0,41,6,1,0,0,0.117565274,0,24.63794136,3139.089844,0,https://www.fifa.com/en/tournaments/mens/worldcup/canadamexicousa2026/statistics/player-statistics
479106,Akmal MOZGOVOY,MOZGOVOY,Midfielder,MF,2/04/1999,27,Younger,6,3,244,81.3,0,1,1,0,0.00%,79,65,82.30%,0,0,3,1.11,0.08,0.00x,TRUE,FALSE,TRUE,TRUE,TRUE,FALSE,TRUE,FALSE,TRUE,0,0,0,0,0,0,0,1,0,0,1,0,1,0,0,3,3,6.805649439,2,2,0,0,0,83,8,0,0,4178.919922,261.9100151,12365.80957,1198.429901,9535.519897,46,56,5,1,0,0,0,0,0,0,0,0,0,0,1,0,39,6,0,8,4,2,2,24,8,4,2,2,0,23,16,14,17,21,2,0,0,13,182,78,7,10,80,25,84,31,115,0,0,0,0,38,16,1,2,38,47,40,0,361,94,1,1,2,0.830625027,0,32.22301102,27540.58936,0,https://www.fifa.com/en/tournaments/mens/worldcup/canadamexicousa2026/statistics/player-statistics
523333,ALA ALHAJJI,ALHAJJI,Midfielder,MF,3/12/1995,30,Older,18,2,43.9,22,0,0,0,0,,17,16,94.10%,0,0,0,0,0,,TRUE,FALSE,FALSE,FALSE,TRUE,FALSE,FALSE,FALSE,FALSE,0,0,0,0,0,0,0,0,0,0,0,0,0,0,0,1,0,5.082123121,1,0,0,0,0,7,1,0,0,1057.780014,61.87000084,2528.149872,470.6700439,1236.610001,13,15,1,0,0,0,0,0,0,0,0,0,0,0,0,0,5,0,1,3,3,2,2,5,0,0,0,0,0,2,2,1,1,5,0,1,0,5,37,12,0,3,12,2,11,6,17,0,0,0,0,7,7,0,0,13,4,13,0,98,33,2,0,0,0.317538502,0,26.81649017,5355.079834,0,https://www.fifa.com/en/tournaments/mens/worldcup/canadamexicousa2026/statistics/player-statistics
389784,Alan FRANCO,FRANCO,Midfielder,MF,21/08/1998,27,Younger,21,4,270.5,67.6,0,0,0,0,,148,140,94.60%,7,2.33,0,0,0,,TRUE,FALSE,TRUE,TRUE,TRUE,FALSE,TRUE,FALSE,TRUE,0,0,0,0,0,0,0,0,0,0,0,0,0,0,0,6,0,6.099344492,6,0,0,4,0,40,14,2,0,3362.890015,606.1399994,10647.11987,1648.800049,11203.87988,55,66,9,3,0,0,0,0,0,0,0,0,0,0,1,0,53,2,3,24,21,18,19,43,3,1,0,0,1,26,21,18,20,27,1,2,0,21,300,124,7,11,11,26,14,34,48,0,0,0,0,25,7,2,2,29,98,31,0,307,134,0,4,0,0.680882294,24,32.20611954,27468.83008,2,https://www.fifa.com/en/tournaments/mens/worldcup/canadamexicousa2026/statistics/player-statistics
463468,Alan MINDA,MINDA,Midfielder,MF,14/05/2003,23,Younger,14,1,59.7,59.7,0,0,2,0,0.00%,16,12,75.00%,0,0,1,1.51,0.44,0.00x,TRUE,FALSE,FALSE,FALSE,TRUE,FALSE,FALSE,FALSE,FALSE,0,0,0,0,0,0,1,1,0,0,1,0,2,1,0,1,0,1.55105865,0,0,0,2,0,28,1,0,0,844.2900391,108.1399994,2437.199951,377.1000061,2404.040039,10,17,1,0,0,0,0,0,0,0,0,0,0,0,0,0,4,1,0,1,0,0,0,1,1,0,0,0,0,2,1,1,1,1,0,0,0,1,43,21,4,16,16,0,12,20,32,0,0,0,0,10,10,2,1,13,9,14,0,80,31,0,1,0,1.14723134,0,35.51527405,6170.77002,0,https://www.fifa.com/en/tournaments/mens/worldcup/canadamexicousa2026/statistics/player-statistics
271116,Alberto QUINTERO,QUINTERO,Midfielder,MF,18/12/1987,38,Older,19,1,8.6,8.6,0,0,0,0,,3,3,100.00%,1,10.43,0,0,0,,TRUE,FALSE,FALSE,FALSE,TRUE,FALSE,FALSE,FALSE,FALSE,0,0,0,0,0,0,0,0,0,0,0,0,0,0,0,0,0,2.862691561,0,0,0,1,0,1,0,0,0,233.25,69.62000275,546.5800171,116.1000061,280.7600098,3,3,0,0,0,0,0,0,0,0,0,0,0,0,0,0,1,0,0,0,0,0,0,1,0,0,0,0,0,1,1,1,1,1,0,0,0,1,8,4,0,2,2,1,3,2,5,0,0,0,0,2,2,0,0,1,3,1,0,17,8,1,0,0,0.231090367,0,29.483284,1246.310059,0,https://www.fifa.com/en/tournaments/mens/worldcup/canadamexicousa2026/statistics/player-statistics
484849,Aleksandar PAVLOVIC,PAVLOVIĆ,Midfielder,MF,3/05/2004,22,Younger,5,4,300,75,0,0,4,1,0.00%,260,240,92.30%,13,3.9,4,1.2,0.37,0.00x,TRUE,TRUE,TRUE,TRUE,TRUE,FALSE,TRUE,FALSE,TRUE,0,2,0,0,0,0,1,3,0,0,1,1,2,3,0,5,1,7.638623357,4,1,0,1,0,76,20,3,0,7095.75,573.2300034,18120.63989,2406.809998,9821.670044,95,115,27,4,0,0,0,0,0,0,0,0,0,0,1,0,67,1,3,27,24,22,23,58,1,0,0,0,0,39,34,32,35,27,0,2,0,21,548,181,19,4,54,100,119,39,158,0,0,0,0,78,20,0,2,65,202,67,0,597,165,0,3,1,0.664316624,1,31.39223671,38018.09961,1,https://www.fifa.com/en/tournaments/mens/worldcup/canadamexicousa2026/statistics/player-statistics
375600,Alessandro SCHOEPF,SCHÖPF,Midfielder,MF,7/02/1994,32,Older,26,0,0,,0,0,0,0,,0,0,,0,,0,,0,,FALSE,FALSE,FALSE,FALSE,TRUE,FALSE,FALSE,FALSE,FALSE,0,0,0,0,0,0,0,0,0,0,0,0,0,0,0,0,0,0,0,0,0,0,0,0,0,0,0,0,0,0,0,0,0,0,0,0,0,0,0,0,0,0,0,0,0,0,0,0,0,0,0,0,0,0,0,0,0,0,0,0,0,0,0,0,0,0,0,0,0,0,0,0,0,0,0,0,0,0,0,0,0,0,0,0,0,0,0,0,0,0,0,0,0,0,0,0,0,0,0,0,0,https://www.fifa.com/en/tournaments/mens/worldcup/canadamexicousa2026/statistics/player-statistics
447860,Alex BAENA,ALEX B.,Midfielder,MF,20/07/2001,24,Younger,15,7,522.9,74.7,1,1,12,5,8.30%,218,178,81.70%,13,2.24,8,1.38,0.5,2.01x,TRUE,TRUE,TRUE,TRUE,TRUE,FALSE,TRUE,FALSE,TRUE,0,4,1,0,1,2,3,4,0,1,4,2,3,8,3,14,2,5.581234574,8,2,28,44,8,152,25,9,0,7520.749939,1284.670044,21743.42969,3236.319946,21615.71045,122,179,24,9,0,0,0,0,0,0,0,1,0,0,0,0,75,8,1,10,8,1,1,52,18,12,6,10,0,47,32,25,38,47,6,1,0,32,554,263,30,151,138,43,180,152,332,2,0,0,0,89,141,13,9,93,157,102,0,626,264,0,7,5,8.656756103,3,34.04378891,55400.87793,1,https://www.fifa.com/en/tournaments/mens/worldcup/canadamexicousa2026/statistics/player-statistics
371142,Alex RUFER,RUFER,Midfielder,MF,12/06/1996,29,Older,14,0,0,,0,0,0,0,,0,0,,0,,0,,0,,FALSE,FALSE,FALSE,FALSE,TRUE,FALSE,FALSE,FALSE,FALSE,0,0,0,0,0,0,0,0,0,0,0,0,0,0,0,0,0,0,0,0,0,0,0,0,0,0,0,0,0,0,0,0,0,0,0,0,0,0,0,0,0,0,0,0,0,0,0,0,0,0,0,0,0,0,0,0,0,0,0,0,0,0,0,0,0,0,0,0,0,0,0,0,0,0,0,0,0,0,0,0,0,0,0,0,0,0,0,0,0,0,0,0,0,0,0,0,0,0,0,0,0,https://www.fifa.com/en/tournaments/mens/worldcup/canadamexicousa2026/statistics/player-statistics
463282,Alexander PRASS,PRASS,Midfielder,MF,26/05/2001,25,Younger,22,2,41.4,20.7,0,0,0,0,,25,22,88.00%,0,0,0,0,0,,TRUE,FALSE,FALSE,FALSE,TRUE,FALSE,FALSE,FALSE,FALSE,0,0,0,0,0,0,0,0,0,0,0,0,0,0,0,1,0,3.554758787,1,0,0,3,0,5,0,0,0,672.2200012,306.3300247,2042.75,352.3200073,1312.809998,15,20,0,0,0,0,0,0,0,0,0,0,0,0,0,0,11,2,0,2,1,0,0,7,3,1,0,1,0,6,5,4,4,6,1,0,0,5,54,23,0,11,7,3,7,14,21,0,0,0,0,8,8,1,0,8,17,8,0,61,28,2,0,0,0.340332225,4,30.97344589,4686.430176,0,https://www.fifa.com/en/tournaments/mens/worldcup/canadamexicousa2026/statistics/player-statistics
523097,Alexandr SOJKA,SOJKA,Midfielder,MF,2/04/2003,23,Younger,24,3,155.4,51.8,0,1,0,0,,65,52,80.00%,0,0,2,1.16,0,,TRUE,FALSE,TRUE,TRUE,TRUE,FALSE,TRUE,FALSE,TRUE,0,0,0,0,0,0,0,0,0,0,0,0,0,0,0,4,3,8.036978722,4,1,1,5,2,84,9,2,0,3755.189941,334.850008,8333.149963,1528.370056,5676.510223,41,53,18,2,0,0,0,0,0,0,0,0,0,0,0,0,24,1,1,7,4,4,5,14,1,0,0,0,0,16,10,10,14,16,0,0,0,11,155,71,5,10,36,20,26,40,66,0,0,0,0,23,24,0,4,40,32,44,0,321,108,1,2,3,0.440451156,2,29.88286591,19628.06958,0,https://www.fifa.com/en/tournaments/mens/worldcup/canadamexicousa2026/statistics/player-statistics
430628,Alexis MAC ALLISTER,MAC ALLISTER,Midfielder,MF,24/12/1998,27,Younger,20,8,869.1,108.6,1,1,13,4,7.70%,430,393,91.40%,9,0.93,12,1.24,1.92,0.52x,TRUE,TRUE,TRUE,TRUE,TRUE,FALSE,TRUE,FALSE,TRUE,0,1,0,2,4,0,2,3,0,0,10,3,7,3,1,5,3,6.233977497,3,3,0,1,0,239,37,6,0,11818.34003,853.2099924,41710.07019,3470.069992,32710.07947,214,259,36,6,0,0,0,0,0,0,0,1,0,9,0,0,86,1,7,24,21,16,16,69,3,1,0,1,1,59,47,42,50,54,1,4,0,41,933,293,26,50,97,122,206,63,269,0,0,0,0,90,58,4,23,172,266,195,0,1024,277,1,0,1,4.50900065,1,30.20051575,90561.76978,1,https://www.fifa.com/en/tournaments/mens/worldcup/canadamexicousa2026/statistics/player-statistics
433092,Alexis SAELEMAEKERS,SAELEMAEKERS,Midfielder,MF,27/06/1999,26,Younger,22,4,107.1,26.8,1,0,4,1,25.00%,42,33,78.60%,0,0,2,1.68,0.14,7.01x,TRUE,TRUE,FALSE,TRUE,TRUE,FALSE,TRUE,FALSE,FALSE,0,1,0,1,0,0,0,3,0,0,3,1,2,1,0,8,0,5.013877074,3,0,1,2,1,25,1,1,0,1843.869949,430.9999924,4932.550385,889.5600052,4132.440125,26,42,4,1,0,0,0,0,0,0,0,1,0,0,0,0,15,1,0,1,1,0,0,13,2,2,0,0,1,12,10,8,10,8,1,0,1,7,106,50,9,23,37,14,40,34,74,2,0,0,0,16,29,2,1,17,36,18,0,141,64,3,1,2,3.627330869,0,32.70052338,12229.42029,0,https://www.fifa.com/en/tournaments/mens/worldcup/canadamexicousa2026/statistics/player-statistics
379886,Alireza JAHANBAKHSH,A. JAHANBAKHSH,Midfielder,MF,11/08/1993,32,Older,7,2,58.5,29.2,0,0,1,0,0.00%,11,7,63.60%,2,3.08,0,0,0.04,0.00x,TRUE,FALSE,FALSE,FALSE,TRUE,FALSE,FALSE,FALSE,FALSE,0,0,1,0,0,0,0,0,0,0,1,0,1,0,0,1,0,4.371716181,1,0,0,2,1,20,0,0,0,1049.210144,139.5899963,2513.339935,360.9499931,2453.960052,8,13,2,0,0,0,0,0,0,0,0,0,0,0,0,0,2,0,0,0,0,0,0,1,1,1,1,1,0,1,0,0,1,1,0,0,0,1,30,15,3,16,13,6,20,15,35,0,0,0,0,5,6,1,3,7,5,10,0,84,30,2,0,1,2.25038892,1,30.14535713,6517.049805,0,https://www.fifa.com/en/tournaments/mens/worldcup/canadamexicousa2026/statistics/player-statistics
416576,Alvaro FIDALGO,FIDALGO,Midfielder,MF,9/04/1997,29,Older,8,3,117.5,39.2,1,0,3,2,33.30%,77,72,93.50%,0,0,2,1.53,0.35,2.85x,TRUE,TRUE,TRUE,TRUE,TRUE,FALSE,TRUE,FALSE,TRUE,0,0,0,0,0,0,1,2,0,0,2,1,1,1,1,6,2,4.718162537,4,2,0,3,0,35,4,1,0,2892.650024,446.3000183,6175.769897,1051.789978,4489.819885,31,44,6,1,0,0,0,0,0,0,0,1,0,0,0,0,30,3,0,4,1,1,1,19,3,0,0,0,0,23,18,18,20,14,0,0,0,8,172,61,12,9,40,41,39,51,90,0,0,0,0,36,16,0,3,12,70,15,0,232,87,2,1,0,0.82421124,1,31.44865227,15056.33008,0,https://www.fifa.com/en/tournaments/mens/worldcup/canadamexicousa2026/statistics/player-statistics
448364,Amadou ONANA,ONANA,Midfielder,MF,16/08/2001,24,Younger,24,4,127.5,31.9,0,0,2,0,0.00%,64,57,89.10%,1,0.71,3,2.12,0.07,0.00x,TRUE,FALSE,TRUE,TRUE,TRUE,FALSE,TRUE,FALSE,TRUE,0,1,0,0,0,0,1,0,0,0,0,0,1,2,0,2,0,4.310314337,2,0,0,0,0,26,9,0,0,1934.949982,182.0999994,6128.009888,600.4199829,4620.330078,32,39,25,0,0,0,0,0,0,0,0,0,0,0,0,0,16,0,0,4,3,3,4,13,1,1,0,0,1,11,9,8,10,7,0,0,1,5,143,63,9,2,16,26,35,9,44,0,0,0,0,19,6,0,5,24,42,29,0,146,44,2,2,1,0.40780043,0,32.10916901,13465.80981,0,https://www.fifa.com/en/tournaments/mens/worldcup/canadamexicousa2026/statistics/player-statistics
494640,Amar MEMIC,MEMIĆ,Midfielder,MF,20/01/2001,25,Younger,15,4,254.4,63.6,0,0,3,1,0.00%,52,39,75.00%,3,1.06,3,1.06,0.19,0.00x,TRUE,TRUE,TRUE,TRUE,TRUE,FALSE,TRUE,FALSE,TRUE,0,1,0,0,1,0,0,1,0,0,2,0,1,1,1,9,0,6.456149459,4,0,0,5,0,54,10,0,0,3718.230133,1139.629982,10586.02014,1793.340027,10225.2699,21,45,13,1,0,0,0,0,0,0,0,0,0,0,1,0,16,1,1,5,2,2,3,4,4,0,0,3,0,7,2,2,5,11,0,0,0,3,135,72,5,38,19,10,22,45,67,0,0,0,0,9,20,0,8,32,23,40,0,306,152,2,1,1,2.248377383,5,33.93873596,27462.49048,0,https://www.fifa.com/en/tournaments/mens/worldcup/canadamexicousa2026/statistics/player-statistics
491167,AMER JAMOUS,JAMOUS,Midfielder,MF,3/07/2002,23,Younger,6,1,19.5,19.5,0,0,0,0,,4,4,100.00%,1,4.62,0,0,0,,TRUE,FALSE,FALSE,FALSE,TRUE,FALSE,FALSE,FALSE,FALSE,0,0,0,0,0,0,0,0,0,0,0,0,0,0,0,0,0,2.191260656,0,0,0,0,0,26,2,0,0,467.4899902,19.81999969,962.4699707,152.1799927,535.0100098,2,2,2,0,0,0,0,0,0,0,0,0,0,0,0,0,1,0,0,0,0,0,0,1,0,0,0,0,0,1,1,1,1,1,0,0,0,1,8,4,0,1,3,0,4,0,4,0,0,0,0,3,2,0,0,2,2,2,0,48,10,1,0,0,0.1162083,0,27.12672424,2136.969971,0,https://www.fifa.com/en/tournaments/mens/worldcup/canadamexicousa2026/statistics/player-statistics
433074,AMIR ALAMMARI,AL-AMMARI,Midfielder,MF,27/07/1997,28,Older,16,3,279.2,93.1,0,1,0,0,,125,99,79.20%,3,0.97,0,0,0,,TRUE,FALSE,TRUE,TRUE,TRUE,FALSE,TRUE,FALSE,TRUE,0,0,0,0,0,0,0,0,0,0,0,0,0,0,0,1,0,6.598674933,1,0,3,7,3,64,19,8,0,4513.970215,534.9700165,13145.97021,1421.780029,10958.32007,42,55,19,8,0,0,0,0,0,0,0,0,0,0,0,0,56,4,3,19,14,12,12,34,7,4,0,1,2,30,16,12,21,19,2,0,2,12,261,111,9,5,35,40,49,31,80,0,0,0,0,32,6,1,1,39,76,40,0,383,104,0,1,1,0.089955095,0,31.44158554,30575.01074,2,https://www.fifa.com/en/tournaments/mens/worldcup/canadamexicousa2026/statistics/player-statistics
430196,Amir HADZIAHMETOVIC,HADŽIAHMETOVIĆ,Midfielder,MF,8/03/1997,29,Older,16,1,12.3,12.3,0,0,0,0,,3,3,100.00%,0,0,0,0,0,,TRUE,FALSE,FALSE,FALSE,TRUE,FALSE,FALSE,FALSE,FALSE,0,0,0,0,0,0,0,0,0,0,0,0,0,0,0,0,0,1.608987927,0,0,1,1,0,4,0,0,0,269.4500122,9.909999847,572.25,146.6799927,351.3800354,2,2,0,0,0,0,0,0,0,0,0,0,0,0,0,0,0,0,0,0,0,0,0,0,0,0,0,0,0,0,0,0,0,0,0,0,0,0,9,6,0,0,1,0,1,0,1,0,0,0,0,0,0,0,0,0,3,0,0,21,5,1,0,0,0.022504903,0,26.46202087,1349.670044,0,https://www.fifa.com/en/tournaments/mens/worldcup/canadamexicousa2026/statistics/player-statistics
475921,Amirmohammad RAZAGHINIA,RAZAGH,Midfielder,MF,11/04/2006,20,Younger,26,0,0,,0,0,0,0,,0,0,,0,,0,,0,,FALSE,FALSE,FALSE,FALSE,TRUE,FALSE,FALSE,FALSE,FALSE,0,0,0,0,0,0,0,0,0,0,0,0,0,0,0,0,0,0,0,0,0,0,0,0,0,0,0,0,0,0,0,0,0,0,0,0,0,0,0,0,0,0,0,0,0,0,0,0,0,0,0,0,0,0,0,0,0,0,0,0,0,0,0,0,0,0,0,0,0,0,0,0,0,0,0,0,0,0,0,0,0,0,0,0,0,0,0,0,0,0,0,0,0,0,0,0,0,0,0,0,0,https://www.fifa.com/en/tournaments/mens/worldcup/canadamexicousa2026/statistics/player-statistics
494626,Andreas SCHJELDERUP,SCHJELDERUP,Midfielder,MF,1/06/2004,22,Younger,21,6,297.8,49.6,1,3,3,2,33.30%,104,89,85.60%,2,0.6,3,0.91,0.2,5.12x,TRUE,TRUE,TRUE,TRUE,TRUE,FALSE,TRUE,FALSE,TRUE,0,0,0,0,0,0,1,2,0,0,3,2,1,0,0,15,2,6.435391982,9,1,0,7,1,68,14,2,0,4445.119995,687.1999969,12453.41052,1898.550003,12136.90039,68,100,18,2,0,0,0,0,0,0,0,1,0,0,0,0,30,1,1,4,2,1,2,19,9,5,3,5,3,17,12,10,12,24,1,0,1,13,250,111,13,25,69,13,23,84,107,0,0,0,0,38,70,4,6,52,69,58,0,384,137,4,2,4,4.649367094,3,32.81110382,31621.17993,0,https://www.fifa.com/en/tournaments/mens/worldcup/canadamexicousa2026/statistics/player-statistics
385306,Andres CUBAS,CUBAS,Midfielder,MF,11/05/1996,30,Older,14,5,554.5,110.9,0,0,1,0,0.00%,117,97,82.90%,14,2.27,3,0.49,0.02,0.00x,TRUE,FALSE,TRUE,TRUE,TRUE,FALSE,TRUE,FALSE,TRUE,0,0,0,0,0,0,1,0,0,0,0,0,1,1,0,1,1,6.598765278,1,1,0,0,0,231,57,0,0,8795.530518,682.2799759,28754.26855,2773.860077,19743.01978,42,59,43,0,0,0,0,0,0,0,0,0,0,0,0,0,31,0,1,12,11,10,11,25,1,0,0,1,0,18,14,13,17,21,0,1,0,17,285,141,8,0,20,37,48,9,57,0,0,0,0,26,7,0,10,46,75,56,0,756,205,0,0,0,0.075592255,0,31.18577957,60748.96094,1,https://www.fifa.com/en/tournaments/mens/worldcup/canadamexicousa2026/statistics/player-statistics
429640,Angelo Stiller,STILLER,Midfielder,MF,4/04/2001,25,Younger,16,1,52,52,0,0,0,0,,34,31,91.20%,0,0,0,0,0,,TRUE,FALSE,FALSE,FALSE,TRUE,FALSE,FALSE,FALSE,FALSE,0,0,0,0,0,0,0,0,0,0,0,0,0,0,0,0,0,1.71415174,0,0,0,0,0,7,1,1,0,1050.209839,53.90999985,2886.169922,255.4400024,1701.609985,13,15,1,1,0,0,0,0,0,0,0,0,0,0,0,0,12,1,0,7,5,5,6,8,1,0,0,0,0,4,3,3,3,2,0,0,0,1,72,26,1,0,13,15,25,3,28,0,0,0,0,11,3,0,2,8,24,10,0,85,18,1,0,0,0.067283325,0,26.6440773,5947.339844,0,https://www.fifa.com/en/tournaments/mens/worldcup/canadamexicousa2026/statistics/player-statistics
269514,Anibal GODOY,GODOY,Midfielder,MF,10/02/1990,36,Older,20,1,11.8,11.8,0,0,0,0,,8,8,100.00%,0,0,1,7.65,0,,TRUE,FALSE,FALSE,FALSE,TRUE,FALSE,FALSE,FALSE,FALSE,0,0,0,0,0,0,0,0,0,0,0,0,0,0,0,0,1,2.102738221,0,0,0,1,0,2,1,1,0,305.7900085,14.84000015,406.0100098,61.2899971,451.1100159,4,5,0,1,0,0,0,0,0,0,0,0,0,0,0,0,8,1,1,4,4,2,2,7,1,1,0,0,0,3,2,0,1,5,1,1,0,4,18,6,0,1,2,1,1,3,4,0,0,0,0,3,1,0,0,3,6,3,0,18,4,1,0,0,0.129556715,0,27.16216278,1239.040039,0,https://www.fifa.com/en/tournaments/mens/worldcup/canadamexicousa2026/statistics/player-statistics
433361,Anis SLIMANE,SLIMANE,Midfielder,MF,16/03/2001,25,Younger,25,3,257.3,85.8,0,0,1,1,0.00%,75,59,78.70%,0,0,0,0,0.11,0.00x,TRUE,FALSE,TRUE,TRUE,TRUE,FALSE,TRUE,FALSE,TRUE,0,0,0,0,1,0,0,0,0,0,1,1,0,0,0,5,2,7.162879626,3,2,2,4,2,92,5,5,0,4315.410034,441.2099762,15214.98047,1770.899902,8915.439941,32,49,5,5,0,0,0,0,0,0,0,0,0,1,0,0,23,1,2,5,4,1,2,18,2,1,0,1,0,16,13,10,13,16,1,2,0,14,162,78,4,57,85,38,149,31,180,2,0,0,0,42,30,0,9,33,35,42,0,408,123,0,2,0,2.377822898,1,30.26515388,30657.93945,0,https://www.fifa.com/en/tournaments/mens/worldcup/canadamexicousa2026/statistics/player-statistics
448299,Anthony VALENCIA,A. VALENCIA,Midfielder,MF,21/07/2003,22,Younger,8,0,0,,0,0,0,0,,0,0,,0,,0,,0,,FALSE,FALSE,FALSE,FALSE,TRUE,FALSE,FALSE,FALSE,FALSE,0,0,0,0,0,0,0,0,0,0,0,0,0,0,0,0,0,0,0,0,0,0,0,0,0,0,0,0,0,0,0,0,0,0,0,0,0,0,0,0,0,0,0,0,0,0,0,0,0,0,0,0,0,0,0,0,0,0,0,0,0,0,0,0,0,0,0,0,0,0,0,0,0,0,0,0,0,0,0,0,0,0,0,0,0,0,0,0,0,0,0,0,0,0,0,0,0,0,0,0,0,https://www.fifa.com/en/tournaments/mens/worldcup/canadamexicousa2026/statistics/player-statistics
448531,Antoine SEMENYO,SEMENYO,Midfielder,MF,7/01/2000,26,Younger,11,4,414.3,103.6,0,0,6,0,0.00%,68,52,76.50%,6,1.3,4,0.87,0.26,0.00x,TRUE,TRUE,TRUE,TRUE,TRUE,FALSE,TRUE,FALSE,TRUE,0,3,2,0,0,0,1,2,0,0,3,0,2,3,0,18,0,5.779487133,12,0,0,5,0,123,20,0,0,3455.969971,1450.330017,13653.87988,1929.449921,19444.21045,42,76,26,0,0,0,0,0,0,0,0,0,0,1,0,0,19,1,1,3,3,1,1,15,5,3,2,4,0,11,9,7,9,18,1,1,0,14,176,91,7,45,33,14,54,38,92,4,0,0,0,32,44,3,15,35,44,50,0,285,167,0,0,5,4.308487654,8,35.11536789,39933.83984,0,https://www.fifa.com/en/tournaments/mens/worldcup/canadamexicousa2026/statistics/player-statistics
400514,Ao TANAKA,TANAKA,Midfielder,MF,10/09/1998,27,Younger,7,3,225.3,75.1,0,0,2,0,0.00%,160,145,90.60%,6,2.4,2,0.8,0.16,0.00x,TRUE,FALSE,TRUE,TRUE,TRUE,FALSE,TRUE,FALSE,TRUE,0,0,1,0,0,0,0,1,0,0,0,0,2,2,0,5,0,4.565402389,5,0,0,0,0,89,34,1,0,3131.47998,230.9099941,10801.12994,853.380043,8475.18927,42,53,12,1,0,0,0,0,0,0,0,0,0,0,0,0,37,1,2,14,11,9,11,29,1,0,0,0,0,22,18,16,19,15,0,2,0,10,331,105,8,2,33,84,103,16,119,0,0,0,0,53,7,0,4,34,124,38,0,285,67,1,0,3,0.243526144,0,31.95017433,23492.09033,0,https://www.fifa.com/en/tournaments/mens/worldcup/canadamexicousa2026/statistics/player-statistics
448120,Ardon JASHARI,JASHARI,Midfielder,MF,30/07/2002,23,Younger,14,3,87.5,29.2,0,0,2,0,0.00%,30,25,83.30%,2,2.06,1,1.03,0.03,0.00x,TRUE,FALSE,FALSE,FALSE,TRUE,FALSE,FALSE,FALSE,FALSE,0,0,0,0,0,0,1,1,0,0,0,0,2,2,0,2,1,3.448943535,1,0,0,1,0,33,4,1,0,1724.540009,189.3999939,4595.350037,583.3099976,3184.219818,8,15,3,1,0,0,0,0,0,0,0,0,0,0,0,0,14,3,0,4,3,1,1,9,3,2,0,0,0,7,4,2,4,6,2,0,0,5,72,32,5,9,16,6,26,5,31,0,0,0,0,11,11,0,0,17,20,17,0,158,53,2,1,0,0.849814676,1,32.21449661,10276.8194,0,https://www.fifa.com/en/tournaments/mens/worldcup/canadamexicousa2026/statistics/player-statistics
485324,Arjany MARTHA,MARTHA,Midfielder,MF,4/09/2003,22,Younger,15,0,0,,0,0,0,0,,0,0,,0,,0,,0,,FALSE,FALSE,FALSE,FALSE,TRUE,FALSE,FALSE,FALSE,FALSE,0,0,0,0,0,0,0,0,0,0,0,0,0,0,0,0,0,0,0,0,0,0,0,0,0,0,0,0,0,0,0,0,0,0,0,0,0,0,0,0,0,0,0,0,0,0,0,0,0,0,0,0,0,0,0,0,0,0,0,0,0,0,0,0,0,0,0,0,0,0,0,0,0,0,0,0,0,0,0,0,0,0,0,0,0,0,0,0,0,0,0,0,0,0,0,0,0,0,0,0,0,https://www.fifa.com/en/tournaments/mens/worldcup/canadamexicousa2026/statistics/player-statistics
489523,Armin GIGOVIC,GIGOVIĆ,Midfielder,MF,6/04/2002,24,Younger,8,2,95.5,47.8,0,0,0,0,,24,17,70.80%,0,0,1,0.94,0,,TRUE,FALSE,FALSE,TRUE,TRUE,FALSE,TRUE,FALSE,FALSE,0,0,0,0,0,0,0,0,0,0,0,0,0,0,0,1,1,3.432230592,0,0,0,0,0,33,4,1,0,1732.920044,285.6600037,4520.790161,806.3199768,3555.279907,12,18,4,1,0,0,0,0,0,0,0,0,0,0,0,0,8,0,0,0,0,0,0,4,0,0,0,0,0,8,4,4,8,6,0,0,0,3,53,28,0,3,11,10,14,10,24,0,0,0,0,9,4,0,2,16,9,18,0,142,62,1,1,0,0.450673014,0,30.69818306,10900.96997,0,https://www.fifa.com/en/tournaments/mens/worldcup/canadamexicousa2026/statistics/player-statistics
475195,Assan OUEDRAOGO,OUÉDRAOGO,Midfielder,MF,9/05/2006,20,Younger,25,0,0,,0,0,0,0,,0,0,,0,,0,,0,,FALSE,FALSE,FALSE,FALSE,TRUE,FALSE,FALSE,FALSE,FALSE,0,0,0,0,0,0,0,0,0,0,0,0,0,0,0,0,0,0,0,0,0,0,0,0,0,0,0,0,0,0,0,0,0,0,0,0,0,0,0,0,0,0,0,0,0,0,0,0,0,0,0,0,0,0,0,0,0,0,0,0,0,0,0,0,0,0,0,0,0,0,0,0,0,0,0,0,0,0,0,0,0,0,0,0,0,0,0,0,0,0,0,0,0,0,0,0,0,0,0,0,0,https://www.fifa.com/en/tournaments/mens/worldcup/canadamexicousa2026/statistics/player-statistics
386348,ASSIM MADIBO,MADIBO,Midfielder,MF,22/10/1996,29,Older,23,2,140.8,70.4,0,0,0,0,,33,27,81.80%,2,1.28,1,0.64,0,,TRUE,FALSE,FALSE,TRUE,TRUE,FALSE,TRUE,FALSE,FALSE,0,0,0,0,0,0,0,0,0,0,0,0,0,0,0,2,0,6.035559654,1,0,0,0,0,51,7,2,1,2671.930115,41.36999893,7227.02002,346.7900085,4408.839844,18,23,2,2,0,0,0,0,0,0,0,0,0,0,0,0,11,0,2,3,1,1,1,3,1,0,0,0,1,7,2,2,4,8,0,0,0,2,75,36,2,0,7,11,12,6,18,0,0,0,0,5,3,0,0,21,14,21,1,208,30,0,1,1,0.018079408,1,29.04951286,14695.94971,0,https://www.fifa.com/en/tournaments/mens/worldcup/canadamexicousa2026/statistics/player-statistics
523173,Augustine BOAKYE,BOAKYE,Midfielder,MF,3/11/2000,25,Younger,20,0,0,,0,0,0,0,,0,0,,0,,0,,0,,FALSE,FALSE,FALSE,FALSE,TRUE,FALSE,FALSE,FALSE,FALSE,0,0,0,0,0,0,0,0,0,0,0,0,0,0,0,0,0,0,0,0,0,0,0,0,0,0,0,0,0,0,0,0,0,0,0,0,0,0,0,0,0,0,0,0,0,0,0,0,0,0,0,0,0,0,0,0,0,0,0,0,0,0,0,0,0,0,0,0,0,0,0,0,0,0,0,0,0,0,0,0,0,0,0,0,0,0,0,0,0,0,0,0,0,0,0,0,0,0,0,0,0,https://www.fifa.com/en/tournaments/mens/worldcup/canadamexicousa2026/statistics/player-statistics
405893,Aurelien TCHOUAMENI,TCHOUAMENI,Midfielder,MF,27/01/2000,26,Younger,8,4,407.3,101.8,0,1,3,0,0.00%,254,239,94.10%,4,0.88,3,0.66,0.11,0.00x,TRUE,TRUE,TRUE,TRUE,TRUE,FALSE,TRUE,FALSE,TRUE,0,0,0,1,0,0,0,2,0,0,1,0,3,2,0,1,2,3.316187263,1,2,0,2,0,68,20,8,0,7620.26001,477.1299934,18125.15991,2070.609924,16789.66016,93,107,23,12,0,0,0,0,0,0,0,0,0,0,4,0,52,0,5,27,26,22,22,46,1,1,0,0,1,24,19,14,18,27,0,4,1,22,537,191,21,2,35,141,137,41,178,0,0,0,0,83,8,1,7,57,185,64,0,637,155,0,0,0,0.444204628,1,31.40725136,45082.81836,1,https://www.fifa.com/en/tournaments/mens/worldcup/canadamexicousa2026/statistics/player-statistics
290821,Axel WITSEL,WITSEL,Midfielder,MF,12/01/1989,37,Older,6,2,42.7,21.3,0,0,0,0,,9,8,88.90%,2,4.22,1,2.11,0,,TRUE,FALSE,FALSE,FALSE,TRUE,FALSE,FALSE,FALSE,FALSE,0,0,0,0,0,0,0,0,0,0,0,0,0,0,0,0,0,2.62024037,0,0,0,0,0,21,3,1,0,1054.139999,17.25,2378.120117,277.4399948,1401.409973,3,3,1,1,0,0,0,0,0,0,0,0,0,0,0,0,3,0,1,1,1,0,0,3,0,0,0,0,0,2,2,1,1,0,0,1,0,0,21,12,0,1,1,3,4,1,5,0,0,0,0,1,0,0,1,1,7,2,0,84,21,2,0,0,0.277986519,0,26.44952965,5128.360168,1,https://www.fifa.com/en/tournaments/mens/worldcup/canadamexicousa2026/statistics/player-statistics
485760,Ayyoub BOUADDI,BOUADDI,Midfielder,MF,2/10/2007,18,Younger,6,5,425.1,85,0,0,3,0,0.00%,264,237,89.80%,3,0.64,6,1.27,0.14,0.00x,TRUE,TRUE,TRUE,TRUE,TRUE,FALSE,TRUE,FALSE,TRUE,0,1,0,0,0,0,1,2,0,0,0,0,2,3,0,14,1,5.574183305,10,1,0,0,0,113,36,8,0,6818.430054,834.9100266,23305.33081,2189.150024,14339.83984,104,136,23,9,0,0,0,0,0,0,0,0,0,0,1,0,41,1,1,14,12,10,12,31,1,1,0,0,0,26,18,16,24,25,1,1,0,16,578,200,10,19,51,104,117,57,174,0,0,0,0,70,19,0,7,104,166,111,0,586,166,0,3,6,0.349434996,2,31.55461884,47487.65918,0,https://www.fifa.com/en/tournaments/mens/worldcup/canadamexicousa2026/statistics/player-statistics
479086,Azizjon GANIEV,GANIEV,Midfielder,MF,22/02/1998,28,Older,19,2,140.9,70.5,0,0,1,0,0.00%,59,48,81.40%,2,1.28,1,0.64,0.01,0.00x,TRUE,FALSE,TRUE,TRUE,TRUE,FALSE,TRUE,FALSE,TRUE,0,1,0,0,0,0,0,1,0,0,0,0,0,1,0,2,1,4.493415674,2,1,1,6,0,79,11,2,0,2431.819824,325.3299942,6077.460205,1241.170105,5782.329956,30,42,6,2,0,0,0,0,0,0,0,0,0,0,0,0,23,2,2,7,4,3,3,10,3,0,0,0,1,13,6,5,8,11,0,1,0,6,138,58,5,7,23,5,13,22,35,0,0,0,0,12,19,2,1,27,38,28,0,216,96,1,0,1,0.487192854,0,29.91533852,15858.10986,0,https://www.fifa.com/en/tournaments/mens/worldcup/canadamexicousa2026/statistics/player-statistics
441307,Azzedine OUNAHI,OUNAHI,Midfielder,MF,19/04/2000,26,Younger,8,6,477.2,79.5,2,0,5,3,40.00%,315,281,89.20%,3,0.57,7,1.32,0.33,6.13x,TRUE,TRUE,TRUE,TRUE,TRUE,FALSE,TRUE,FALSE,TRUE,0,1,0,0,0,0,2,1,0,0,1,1,1,4,2,29,3,6.592764378,17,3,2,6,2,199,17,1,0,7799.789795,1171.249969,23436.41016,3698.580002,17347.16022,184,235,26,1,0,0,0,0,0,0,0,1,1,0,0,0,104,10,1,25,19,13,14,80,17,11,2,4,3,62,50,41,48,62,6,0,3,45,683,216,18,51,144,121,177,139,316,0,0,0,0,157,81,2,9,117,217,126,0,654,266,1,4,8,3.489212573,1,33.26547241,53453.19116,1,https://www.fifa.com/en/tournaments/mens/worldcup/canadamexicousa2026/statistics/player-statistics
464374,BAE Junho,JUNHO,Midfielder,MF,21/08/2003,22,Younger,17,0,0,,0,0,0,0,,0,0,,0,,0,,0,,FALSE,FALSE,FALSE,FALSE,TRUE,FALSE,FALSE,FALSE,FALSE,0,0,0,0,0,0,0,0,0,0,0,0,0,0,0,0,0,0,0,0,0,0,0,0,0,0,0,0,0,0,0,0,0,0,0,0,0,0,0,0,0,0,0,0,0,0,0,0,0,0,0,0,0,0,0,0,0,0,0,0,0,0,0,0,0,0,0,0,0,0,0,0,0,0,0,0,0,0,0,0,0,0,0,0,0,0,0,0,0,0,0,0,0,0,0,0,0,0,0,0,0,https://www.fifa.com/en/tournaments/mens/worldcup/canadamexicousa2026/statistics/player-statistics
523354,Bara Sapoko NDIAYE,BARA,Midfielder,MF,31/12/2007,18,Younger,22,1,36.8,36.8,0,0,1,1,0.00%,10,9,90.00%,0,0,2,4.89,0.04,0.00x,TRUE,FALSE,FALSE,FALSE,TRUE,FALSE,FALSE,FALSE,FALSE,0,0,0,0,0,0,0,1,0,0,0,0,0,1,1,1,0,1.618492842,0,0,0,1,1,11,3,0,0,616.6099854,28.29000092,1999.130127,154.1499939,1186.73999,5,7,2,0,0,0,0,0,0,0,0,0,0,0,0,0,2,0,0,1,0,0,1,1,0,0,0,0,0,1,1,1,1,1,0,0,0,1,27,10,2,3,10,8,15,6,21,0,0,0,0,8,3,0,0,6,9,6,0,56,15,1,0,0,0.187747583,0,27.04105186,3984.920166,0,https://www.fifa.com/en/tournaments/mens/worldcup/canadamexicousa2026/statistics/player-statistics
423575,Ben OLD,OLD,Midfielder,MF,13/08/2002,23,Younger,19,3,112.7,37.6,0,0,0,0,,33,25,75.80%,0,0,1,0.8,0,,TRUE,FALSE,FALSE,TRUE,TRUE,FALSE,TRUE,FALSE,FALSE,0,0,0,0,0,0,0,0,0,0,0,0,0,0,0,4,0,6.372622967,2,0,0,1,0,28,4,0,0,1921.569977,575.3099976,4307.880127,966.6100006,4379.830078,20,30,2,0,0,0,0,0,0,0,0,0,0,0,0,0,11,0,2,5,2,1,3,5,2,0,0,2,0,4,3,2,2,8,0,1,0,2,75,33,1,17,13,5,17,18,35,0,0,0,0,13,12,1,2,22,13,24,0,160,74,3,0,1,2.023034975,0,32.36019516,12151.19995,0,https://www.fifa.com/en/tournaments/mens/worldcup/canadamexicousa2026/statistics/player-statistics
502946,Benjamin NYGREN,NYGREN,Midfielder,MF,8/07/2001,24,Younger,10,4,149.9,37.5,0,0,1,0,0.00%,50,46,92.00%,3,1.8,0,0,0.03,0.00x,TRUE,FALSE,TRUE,TRUE,TRUE,FALSE,TRUE,FALSE,TRUE,0,0,0,0,0,0,1,0,0,0,0,0,1,1,0,2,0,7.725558996,2,0,3,6,2,71,13,4,0,3305.509995,588.8699799,8619.360229,1301.830078,5157.050232,32,38,4,5,0,0,0,0,0,0,0,0,0,0,1,0,18,3,0,4,3,1,1,12,4,2,0,1,0,10,7,5,7,12,2,0,0,7,119,58,7,16,55,10,51,30,81,0,0,0,0,22,17,1,2,31,22,33,0,282,104,2,2,2,2.125114158,0,31.48612595,18972.61975,0,https://www.fifa.com/en/tournaments/mens/worldcup/canadamexicousa2026/statistics/player-statistics
483966,Benjamin TAHIROVIC,TAHIROVIĆ,Midfielder,MF,3/03/2003,23,Younger,6,4,266.6,66.6,0,0,1,0,0.00%,107,91,85.00%,3,1.01,2,0.68,0.01,0.00x,TRUE,FALSE,TRUE,TRUE,TRUE,FALSE,TRUE,FALSE,TRUE,0,0,0,0,0,0,1,0,0,0,0,0,1,1,0,1,1,6.915614247,1,1,1,2,0,84,10,3,0,5226.60022,408.4900055,12713.56006,1719.340042,10548.64014,54,65,11,3,0,0,0,0,0,0,0,0,0,0,0,0,31,2,1,8,4,3,5,19,2,0,0,0,0,21,15,14,18,21,0,1,0,12,238,101,3,5,42,52,69,30,99,0,0,0,0,35,8,2,4,43,67,47,0,429,116,2,1,0,0.45592697,0,30.90842247,30616.62939,0,https://www.fifa.com/en/tournaments/mens/worldcup/canadamexicousa2026/statistics/player-statistics
395205,BERNARDO SILVA,BERNARDO,Midfielder,MF,10/08/1994,31,Older,10,4,133.9,33.5,0,0,1,0,0.00%,59,55,93.20%,3,2.02,0,0,0.22,0.00x,TRUE,FALSE,TRUE,TRUE,TRUE,FALSE,TRUE,FALSE,TRUE,0,0,0,0,1,0,0,0,0,0,1,0,1,0,0,2,0,5.942819595,2,0,1,0,0,37,6,3,0,3061.309967,217.6199989,7035.31012,1104.000015,4644.389771,31,36,5,4,0,0,0,0,0,0,0,0,0,1,1,0,7,0,0,2,2,2,2,6,0,0,0,0,0,5,4,4,5,2,0,0,0,2,124,53,2,26,12,20,33,25,58,0,0,0,0,19,11,1,0,17,42,17,0,253,79,3,1,1,4.94235152,2,29.61312103,16062.62952,2,https://www.fifa.com/en/tournaments/mens/worldcup/canadamexicousa2026/statistics/player-statistics
503047,Besfort ZENELI,ZENELI,Midfielder,MF,21/11/2002,23,Younger,22,2,69.2,34.6,0,0,1,1,0.00%,38,34,89.50%,1,1.3,0,0,0.01,0.00x,TRUE,FALSE,FALSE,FALSE,TRUE,FALSE,FALSE,FALSE,FALSE,0,0,0,0,0,0,0,1,0,0,0,0,0,1,1,0,0,3.751829386,0,0,0,2,0,35,7,1,0,1664.53009,263.7200012,3788.110229,673.980011,2239.879944,17,23,3,1,0,0,0,0,0,0,0,0,0,0,0,0,8,0,0,1,0,0,1,6,2,1,1,2,0,5,5,5,5,4,0,0,0,3,86,35,5,12,24,17,36,17,53,0,0,0,0,14,10,1,1,17,23,18,0,137,51,2,0,0,1.521133423,0,31.4166851,8630.219482,0,https://www.fifa.com/en/tournaments/mens/worldcup/canadamexicousa2026/statistics/player-statistics
448612,Bilal EL KHANNOUSS,EL KHANNOUSS,Midfielder,MF,10/05/2004,22,Younger,23,6,501.4,83.6,0,0,6,4,0.00%,238,186,78.20%,5,0.9,5,0.9,0.28,0.00x,TRUE,TRUE,TRUE,TRUE,TRUE,FALSE,TRUE,FALSE,TRUE,0,1,0,1,0,0,2,3,0,0,2,1,1,4,3,18,2,6.107974768,9,2,2,14,2,127,19,4,0,6064.220337,1300.760033,16980.62085,2936.700012,23651.04053,135,200,15,4,0,0,0,0,0,0,0,0,0,1,0,0,93,12,2,16,11,2,2,63,23,15,6,8,3,54,37,26,37,63,7,2,2,46,543,231,20,49,88,20,61,96,157,0,0,0,0,53,80,8,15,104,142,119,0,554,226,0,5,6,2.900150299,10,34.61970901,50933.34033,1,https://www.fifa.com/en/tournaments/mens/worldcup/canadamexicousa2026/statistics/player-statistics
406205,Braian OJEDA,OJEDA,Midfielder,MF,27/06/2000,25,Younger,20,1,28.7,28.7,0,0,0,0,,7,6,85.70%,0,0,0,0,0,,TRUE,FALSE,FALSE,FALSE,TRUE,FALSE,FALSE,FALSE,FALSE,0,0,0,0,0,0,0,0,0,0,0,0,0,0,0,0,0,1.138270664,0,0,0,0,0,4,1,0,0,355.9700012,46.15000153,1053.880005,200.1600189,1100.26001,3,4,1,0,0,0,0,0,0,0,0,0,0,0,0,0,3,0,0,0,0,0,0,2,0,0,0,0,0,3,2,2,3,1,0,0,0,0,16,7,0,1,2,1,0,4,4,0,0,0,0,3,1,0,0,2,5,2,0,31,13,1,0,0,0.061158195,0,27.97463036,2756.419922,0,https://www.fifa.com/en/tournaments/mens/worldcup/canadamexicousa2026/statistics/player-statistics
464533,Brian GUTIERREZ,B. GUTIÉRREZ,Midfielder,MF,17/06/2003,22,Younger,26,4,226.2,56.5,0,0,6,0,0.00%,60,53,88.30%,5,1.99,3,1.19,0.35,0.00x,TRUE,TRUE,TRUE,TRUE,TRUE,FALSE,TRUE,FALSE,TRUE,0,3,0,0,0,1,1,4,0,0,3,0,3,3,0,5,1,5.153861237,3,1,3,6,0,69,9,2,0,3755.670044,496.3599892,9762.779785,1255.129944,9183.630249,35,48,16,2,0,0,0,0,0,0,0,0,0,0,0,0,17,0,0,0,0,0,0,13,2,1,1,2,0,15,12,12,15,7,0,0,0,5,153,78,12,33,63,29,82,43,125,0,0,0,0,40,29,4,6,32,40,38,0,334,112,2,2,1,2.821799636,0,34.84904099,24453.5708,1,https://www.fifa.com/en/tournaments/mens/worldcup/canadamexicousa2026/statistics/player-statistics
395206,BRUNO FERNANDES,B. FERNANDES,Midfielder,MF,8/09/1994,31,Older,8,5,471.6,94.3,0,1,9,3,0.00%,278,239,86.00%,2,0.38,8,1.53,0.95,0.00x,TRUE,TRUE,TRUE,TRUE,TRUE,FALSE,TRUE,FALSE,TRUE,0,1,0,0,2,0,2,4,0,1,5,2,5,4,1,8,10,6.396095371,5,9,8,22,5,247,20,9,0,6633.500244,940.6999893,20856.25024,2839.579987,18955.07007,128,176,27,9,0,0,0,0,0,0,0,0,0,0,0,0,114,10,8,27,24,9,9,89,20,13,1,3,7,67,52,33,42,56,8,7,4,40,640,242,28,53,135,63,150,101,251,1,0,0,0,102,86,5,13,102,194,115,0,572,219,0,1,3,5.512748837,1,31.99537277,50225.09961,0,https://www.fifa.com/en/tournaments/mens/worldcup/canadamexicousa2026/statistics/player-statistics
430605,BRUNO GUIMARAES,BRUNO G.,Midfielder,MF,16/11/1997,28,Older,8,5,458.7,91.7,0,4,8,2,0.00%,200,161,80.50%,4,0.78,7,1.37,1.02,0.00x,TRUE,TRUE,TRUE,TRUE,TRUE,FALSE,TRUE,FALSE,TRUE,0,1,0,0,0,0,2,5,1,0,5,2,3,3,0,6,4,7.16057663,2,3,8,12,2,159,15,9,0,8919.590332,252.7900009,25567.67969,2285.640045,17718.42041,99,143,37,9,0,0,0,0,0,0,0,0,0,1,0,0,73,6,2,15,12,7,7,44,15,5,2,5,4,43,27,22,31,50,3,2,0,30,459,200,27,56,156,127,258,81,339,0,0,1,0,116,51,5,7,85,129,92,0,739,158,0,4,0,3.309369266,0,28.90843773,54744.11914,0,https://www.fifa.com/en/tournaments/mens/worldcup/canadamexicousa2026/statistics/player-statistics
506279,Caleb YIRENKYI,YIRENKYI,Midfielder,MF,15/01/2006,20,Younger,3,4,307.6,76.9,1,0,2,1,50.00%,70,62,88.60%,7,2.05,3,0.88,0.75,1.33x,TRUE,FALSE,TRUE,TRUE,TRUE,FALSE,TRUE,FALSE,TRUE,0,0,0,0,1,0,0,1,0,0,2,1,1,0,0,2,0,6.840330005,2,0,0,1,0,128,14,0,0,5219.339996,718.3399963,15480.75031,1825.089951,10977.01981,54,65,12,0,0,0,0,0,0,0,0,1,0,0,0,0,17,2,0,3,1,1,1,8,4,1,0,1,1,10,6,5,7,17,0,0,1,8,165,86,6,29,18,17,44,20,64,0,0,0,0,16,20,2,6,55,20,61,0,460,136,1,1,2,1.879986063,1,31.75463867,34220.54187,2,https://www.fifa.com/en/tournaments/mens/worldcup/canadamexicousa2026/statistics/player-statistics
390196,Callum McCOWATT,MCCOWATT,Midfielder,MF,30/04/1999,27,Younger,20,3,174,58,0,0,4,3,0.00%,93,78,83.90%,4,2.07,1,0.52,0.21,0.00x,TRUE,TRUE,TRUE,TRUE,TRUE,FALSE,TRUE,FALSE,TRUE,0,0,1,0,1,0,2,0,0,0,3,2,0,1,1,2,0,7.235505104,1,0,0,2,0,55,11,0,0,3571.369873,592.0599899,8361.379517,1541.299988,6897.459717,52,73,9,0,0,0,0,0,0,0,0,0,0,1,0,0,20,2,0,4,3,2,2,13,3,1,0,0,1,13,9,8,10,16,1,0,0,9,205,78,7,32,55,23,59,51,110,0,0,0,0,50,22,3,8,45,48,53,0,334,110,1,2,1,2.386212409,2,31.68393135,20963.57031,1,https://www.fifa.com/en/tournaments/mens/worldcup/canadamexicousa2026/statistics/player-statistics
430437,Cameron DEVLIN,DEVLIN,Midfielder,MF,7/06/1998,28,Older,14,0,0,,0,0,0,0,,0,0,,0,,0,,0,,FALSE,FALSE,FALSE,FALSE,TRUE,FALSE,FALSE,FALSE,FALSE,0,0,0,0,0,0,0,0,0,0,0,0,0,0,0,0,0,0,0,0,0,0,0,0,0,0,0,0,0,0,0,0,0,0,0,0,0,0,0,0,0,0,0,0,0,0,0,0,0,0,0,0,0,0,0,0,0,0,0,0,0,0,0,0,0,0,0,0,0,0,0,0,0,0,0,0,0,0,0,0,0,0,0,0,0,0,0,0,0,0,0,0,0,0,0,0,0,0,0,0,0,https://www.fifa.com/en/tournaments/mens/worldcup/canadamexicousa2026/statistics/player-statistics
424556,Carl SAINTE,SAINTE,Midfielder,MF,9/08/2002,23,Younger,6,0,0,,0,0,0,0,,0,0,,0,,0,,0,,FALSE,FALSE,FALSE,FALSE,TRUE,FALSE,FALSE,FALSE,FALSE,0,0,0,0,0,0,0,0,0,0,0,0,0,0,0,0,0,0,0,0,0,0,0,0,0,0,0,0,0,0,0,0,0,0,0,0,0,0,0,0,0,0,0,0,0,0,0,0,0,0,0,0,0,0,0,0,0,0,0,0,0,0,0,0,0,0,0,0,0,0,0,0,0,0,0,0,0,0,0,0,0,0,0,0,0,0,0,0,0,0,0,0,0,0,0,0,0,0,0,0,0,https://www.fifa.com/en/tournaments/mens/worldcup/canadamexicousa2026/statistics/player-statistics
463800,Carney CHUKWUEMEKA,CHUKWUEMEKA,Midfielder,MF,20/10/2003,22,Younger,17,3,108.2,36.1,0,0,2,1,0.00%,30,25,83.30%,2,1.66,2,1.66,0.56,0.00x,TRUE,FALSE,FALSE,TRUE,TRUE,FALSE,TRUE,FALSE,FALSE,0,1,0,0,0,0,0,2,0,0,2,1,1,0,0,8,0,4.92669487,4,0,0,0,0,51,4,0,0,1759.690018,343.1700172,4796.970032,762.2299957,3907.749969,25,37,7,0,0,0,0,0,0,0,0,0,0,0,0,0,9,0,0,0,0,0,0,7,0,0,0,0,0,9,7,7,9,9,0,0,0,7,77,39,3,11,17,11,24,15,39,0,0,0,0,12,18,1,2,25,14,27,0,160,58,3,0,1,1.685195729,0,30.74176407,11569.81006,0,https://www.fifa.com/en/tournaments/mens/worldcup/canadamexicousa2026/statistics/player-statistics
308386,CASEMIRO,CASEMIRO,Midfielder,MF,23/02/1992,34,Older,5,5,425.7,85.1,1,0,4,2,25.00%,224,200,89.30%,6,1.27,6,1.27,0.66,1.51x,TRUE,TRUE,TRUE,TRUE,TRUE,FALSE,TRUE,FALSE,TRUE,0,3,0,0,0,0,0,4,0,0,2,2,0,2,0,5,4,6.373406887,4,4,0,4,1,103,26,6,0,5243.079895,375.2700005,21921.99951,1618.100021,15844.05933,98,117,20,6,0,0,0,0,0,0,0,1,0,2,0,0,59,5,1,13,8,6,7,40,8,4,0,1,2,38,28,24,30,25,2,0,2,17,487,177,18,6,37,71,85,29,114,0,0,0,0,62,15,2,8,71,155,79,0,449,116,0,3,1,0.967009984,0,29.27498245,45002.50928,2,https://www.fifa.com/en/tournaments/mens/worldcup/canadamexicousa2026/statistics/player-statistics
441243,Cesar YANIS,YANIS,Midfielder,MF,28/01/1996,30,Older,21,0,0,,0,0,0,0,,0,0,,0,,0,,0,,FALSE,FALSE,FALSE,FALSE,TRUE,FALSE,FALSE,FALSE,FALSE,0,0,0,0,0,0,0,0,0,0,0,0,0,0,0,0,0,0,0,0,0,0,0,0,0,0,0,0,0,0,0,0,0,0,0,0,0,0,0,0,0,0,0,0,0,0,0,0,0,0,0,0,0,0,0,0,0,0,0,0,0,0,0,0,0,0,0,0,0,0,0,0,0,0,0,0,0,0,0,0,0,0,0,0,0,0,0,0,0,0,0,0,0,0,0,0,0,0,0,0,0,https://www.fifa.com/en/tournaments/mens/worldcup/canadamexicousa2026/statistics/player-statistics
448128,Charles PICKEL,PICKEL,Midfielder,MF,15/05/1997,29,Older,18,2,45.4,22.7,0,0,1,0,0.00%,22,19,86.40%,2,3.97,1,1.98,0.1,0.00x,TRUE,FALSE,FALSE,FALSE,TRUE,FALSE,FALSE,FALSE,FALSE,0,0,0,1,0,0,0,0,0,0,1,0,0,0,0,0,2,3.671771049,0,1,0,0,0,25,3,1,0,935.3200073,351.409996,2031.389954,452.3300018,1769.830017,14,16,3,1,0,0,0,0,0,0,0,0,0,0,0,0,6,0,2,2,0,0,0,2,0,0,0,0,0,4,2,2,2,3,0,0,0,1,46,18,2,6,10,8,9,15,24,0,0,0,0,10,4,0,2,9,12,11,0,77,35,2,0,0,1.159504652,0,33.17453003,5540.280273,1,https://www.fifa.com/en/tournaments/mens/worldcup/canadamexicousa2026/statistics/player-statistics
494293,Chemsdine TALBI,TALBI,Midfielder,MF,9/05/2005,21,Younger,7,5,217.8,43.6,0,1,2,0,0.00%,54,47,87.00%,0,0,0,0,0.05,0.00x,TRUE,FALSE,TRUE,TRUE,TRUE,FALSE,TRUE,FALSE,TRUE,0,1,0,0,0,0,0,2,0,0,1,0,1,1,0,9,0,5.752616564,5,0,0,9,1,59,7,0,0,3582.409973,958.5300369,8966.5802,1564.940002,8744.679993,39,60,6,0,0,0,0,0,0,0,0,0,0,0,0,0,12,0,0,0,0,0,0,6,3,1,1,3,0,9,5,5,9,10,0,0,0,5,144,67,5,42,31,11,25,59,84,0,0,0,0,27,25,3,2,32,40,34,0,280,128,4,1,1,4.497646511,1,35.32784271,23817.14001,0,https://www.fifa.com/en/tournaments/mens/worldcup/canadamexicousa2026/statistics/player-statistics
514208,Christ Inao OULAI,INAO,Midfielder,MF,6/04/2006,20,Younger,26,4,240.7,60.2,0,0,2,0,0.00%,125,115,92.00%,3,1.12,5,1.87,0.13,0.00x,TRUE,FALSE,TRUE,TRUE,TRUE,FALSE,TRUE,FALSE,TRUE,0,0,0,0,0,0,0,2,0,0,1,0,2,1,0,15,3,6.058885813,9,3,0,0,0,82,20,2,0,3000.129913,248.5599995,11469.92029,896.3000031,8631.450256,63,83,21,2,0,0,0,0,0,0,0,0,0,0,0,0,39,0,2,4,4,2,2,35,4,4,2,2,2,31,27,23,27,24,0,2,2,21,286,105,6,1,36,39,37,39,76,0,0,0,0,38,22,0,8,50,86,58,0,261,70,2,1,4,0.407266108,0,32.07183456,24246.36108,0,https://www.fifa.com/en/tournaments/mens/worldcup/canadamexicousa2026/statistics/player-statistics
430452,Connor METCALFE,METCALFE,Midfielder,MF,5/11/1999,26,Younger,8,4,354.6,88.6,1,0,5,2,20.00%,80,65,81.30%,1,0.25,0,0,0.11,9.21x,TRUE,TRUE,TRUE,TRUE,TRUE,FALSE,TRUE,FALSE,TRUE,0,1,0,0,0,0,3,2,0,0,1,0,2,4,2,3,1,6.488139629,3,0,3,8,1,180,11,0,0,6013.119812,719.1899872,16542.73022,2184.730072,13065.00024,55,77,28,0,0,0,0,0,0,0,0,0,1,0,0,0,33,3,1,4,2,0,0,23,7,5,3,4,0,22,16,14,18,27,2,0,0,18,199,94,11,34,89,17,80,60,140,0,0,0,0,41,37,2,7,57,33,64,0,513,175,1,1,3,2.180887267,1,32.27242279,38524.77051,0,https://www.fifa.com/en/tournaments/mens/worldcup/canadamexicousa2026/statistics/player-statistics
395581,Cristian MARTINEZ,MARTÍNEZ,Midfielder,MF,6/02/1997,29,Older,6,3,264.8,88.3,0,0,1,0,0.00%,78,57,73.10%,5,1.7,5,1.7,0.24,0.00x,TRUE,FALSE,TRUE,TRUE,TRUE,FALSE,TRUE,FALSE,TRUE,0,0,0,0,0,0,1,0,0,0,1,0,1,0,0,4,1,6.729818821,1,0,4,12,2,105,17,1,0,3716.590088,630.3200073,13410.44995,1690.870117,10105.76025,32,59,11,1,0,0,0,0,0,0,0,0,0,0,0,0,28,4,0,5,1,1,1,9,9,2,2,4,1,14,6,6,9,17,0,0,0,6,188,89,7,28,34,11,30,43,73,1,0,0,0,22,37,4,6,36,48,42,0,319,147,0,1,1,2.231896132,4,31.85808754,29553.99023,0,https://www.fifa.com/en/tournaments/mens/worldcup/canadamexicousa2026/statistics/player-statistics
385994,Cristian ROLDAN,ROLDAN,Midfielder,MF,3/06/1995,31,Older,15,0,0,,0,0,0,0,,0,0,,0,,0,,0,,FALSE,FALSE,FALSE,FALSE,TRUE,FALSE,FALSE,FALSE,FALSE,0,0,0,0,0,0,0,0,0,0,0,0,0,0,0,0,0,0,0,0,0,0,0,0,0,0,0,0,0,0,0,0,0,0,0,0,0,0,0,0,0,0,0,0,0,0,0,0,0,0,0,0,0,0,0,0,0,0,0,0,0,0,0,0,0,0,0,0,0,0,0,0,0,0,0,0,0,0,0,0,0,0,0,0,0,0,0,0,0,0,0,0,0,0,0,0,0,0,0,0,0,https://www.fifa.com/en/tournaments/mens/worldcup/canadamexicousa2026/statistics/player-statistics
448557,Daichi KAMADA,KAMADA,Midfielder,MF,5/08/1996,29,Older,15,4,359.6,89.9,2,0,1,0,200.00%,200,170,85.00%,2,0.5,4,1,0.09,23.09x,TRUE,FALSE,TRUE,TRUE,TRUE,FALSE,TRUE,FALSE,TRUE,0,0,0,0,0,1,0,0,0,0,0,0,1,1,0,3,3,6.487667918,3,3,1,4,2,116,22,5,0,5044.5,333.9699974,17452.76025,1792.469971,14165.50977,70,92,13,5,0,0,0,0,0,0,0,2,0,0,0,0,63,4,5,15,10,6,6,43,6,3,1,1,1,42,30,25,32,20,1,3,1,11,436,161,16,19,92,101,134,78,212,1,0,0,0,89,34,0,3,49,159,52,0,423,128,0,2,1,1.518797766,0,31.44350624,38789.20996,1,https://www.fifa.com/en/tournaments/mens/worldcup/canadamexicousa2026/statistics/player-statistics
430407,Daizen MAEDA,DAIZEN,Midfielder,MF,20/10/1997,28,Older,11,3,271.5,90.5,1,0,2,1,50.00%,30,28,93.30%,2,0.66,1,0.33,0.79,1.27x,TRUE,FALSE,FALSE,TRUE,TRUE,FALSE,TRUE,FALSE,FALSE,0,0,0,0,1,0,0,1,0,0,2,1,1,0,0,7,0,5.362093568,3,0,0,3,0,125,22,0,0,5143.790405,1343.319885,12043.81982,2750.599854,11044.47998,23,37,18,0,0,0,0,0,0,0,0,1,0,1,0,0,6,0,0,0,0,0,0,5,1,1,1,1,0,5,4,4,5,6,0,0,0,5,92,53,7,73,25,4,71,31,102,1,0,0,0,21,31,8,5,28,14,33,0,432,239,0,2,0,4.137845278,0,35.00226974,32326.00977,0,https://www.fifa.com/en/tournaments/mens/worldcup/canadamexicousa2026/statistics/player-statistics
476348,Damian BOBADILLA,BOBADILLA,Midfielder,MF,11/07/2001,24,Younger,16,4,216.9,54.2,0,0,0,0,,32,24,75.00%,1,0.41,1,0.41,0,,TRUE,FALSE,FALSE,TRUE,TRUE,FALSE,TRUE,FALSE,FALSE,0,0,0,0,0,0,0,0,0,0,0,0,0,0,0,0,1,6.037672997,0,1,0,1,1,95,22,0,0,3891.130051,369.7299798,11204.91937,1432.260033,8937.570175,14,20,5,0,0,0,0,0,0,0,0,0,0,0,0,0,8,1,1,3,0,0,1,2,1,0,0,0,0,4,2,2,2,4,0,0,0,1,72,33,1,4,10,12,18,8,26,0,1,0,0,6,4,1,0,13,20,13,0,336,98,2,2,0,0.444803473,0,31.1155529,25835.60986,0,https://www.fifa.com/en/tournaments/mens/worldcup/canadamexicousa2026/statistics/player-statistics
429392,DANILO SANTOS,DANILO S.,Midfielder,MF,29/04/2001,25,Younger,18,4,73.6,18.4,0,0,2,1,0.00%,30,23,76.70%,0,0,0,0,0.19,0.00x,TRUE,FALSE,FALSE,FALSE,TRUE,FALSE,FALSE,FALSE,FALSE,0,0,0,0,1,0,0,1,0,0,2,1,0,0,0,1,0,5.791003799,1,0,0,0,0,22,4,3,0,1361.329956,137.0900002,3854.500046,670.5,2435.359955,12,19,1,3,0,0,0,0,0,0,0,0,0,1,0,0,10,0,0,2,0,0,2,7,2,2,1,1,1,6,5,4,5,7,0,0,1,5,65,30,4,10,10,9,20,9,29,0,0,0,0,10,3,0,2,16,14,18,0,115,43,4,0,0,1.291500717,0,27.91912079,8458.780151,0,https://www.fifa.com/en/tournaments/mens/worldcup/canadamexicousa2026/statistics/player-statistics
466838,Danley JEAN JACQUES,JEAN-JACQUES,Midfielder,MF,20/05/2000,26,Younger,17,3,288.6,96.2,0,0,0,0,,116,102,87.90%,5,1.56,3,0.94,0,,TRUE,FALSE,TRUE,TRUE,TRUE,FALSE,TRUE,FALSE,TRUE,0,0,0,0,0,0,0,0,0,0,0,0,0,0,0,4,3,6.871011098,2,3,0,2,0,78,25,4,0,5811.000122,550.5700073,14311.35986,1868.260071,10608.60962,34,47,11,4,0,0,0,0,0,0,0,0,0,0,0,0,33,0,3,13,13,10,10,30,1,0,0,0,1,19,17,14,15,14,0,3,0,12,243,90,3,2,27,44,36,37,73,0,0,0,0,37,11,0,4,26,87,30,0,470,138,0,1,1,0.362543814,1,33.3210144,33149.7998,1,https://www.fifa.com/en/tournaments/mens/worldcup/canadamexicousa2026/statistics/player-statistics
433097,Declan RICE,RICE,Midfielder,MF,14/01/1999,27,Younger,4,7,622,88.9,1,2,6,3,16.70%,340,312,91.80%,4,0.58,0,0,0.31,3.23x,TRUE,TRUE,TRUE,TRUE,TRUE,FALSE,TRUE,FALSE,TRUE,0,0,1,0,1,0,1,2,0,0,3,1,3,3,2,9,4,5.636600792,9,3,30,40,15,120,18,20,0,8534.810181,1313.759991,29732.96924,3106.179962,24066.89966,150,181,11,20,0,0,0,0,0,0,0,0,1,1,0,0,113,5,3,32,28,24,24,88,12,6,2,5,2,69,54,49,59,49,3,1,1,36,742,310,37,31,88,155,175,99,274,1,0,0,0,112,28,3,10,102,213,112,0,709,233,0,4,2,1.954494495,2,33.05517197,66754.62012,2,https://www.fifa.com/en/tournaments/mens/worldcup/canadamexicousa2026/statistics/player-statistics
441068,Dejan LJUBICIC,LJUBICIC,Midfielder,MF,8/10/1997,28,Older,19,0,0,,0,0,0,0,,0,0,,0,,0,,0,,FALSE,FALSE,FALSE,FALSE,TRUE,FALSE,FALSE,FALSE,FALSE,0,0,0,0,0,0,0,0,0,0,0,0,0,0,0,0,0,0,0,0,0,0,0,0,0,0,0,0,0,0,0,0,0,0,0,0,0,0,0,0,0,0,0,0,0,0,0,0,0,0,0,0,0,0,0,0,0,0,0,0,0,0,0,0,0,0,0,0,0,0,0,0,0,0,0,0,0,0,0,0,0,0,0,0,0,0,0,0,0,0,0,0,0,0,0,0,0,0,0,0,0,https://www.fifa.com/en/tournaments/mens/worldcup/canadamexicousa2026/statistics/player-statistics
463476,Denil CASTILLO,CASTILLO,Midfielder,MF,24/03/2004,22,Younger,18,0,0,,0,0,0,0,,0,0,,0,,0,,0,,FALSE,FALSE,FALSE,FALSE,TRUE,FALSE,FALSE,FALSE,FALSE,0,0,0,0,0,0,0,0,0,0,0,0,0,0,0,0,0,0,0,0,0,0,0,0,0,0,0,0,0,0,0,0,0,0,0,0,0,0,0,0,0,0,0,0,0,0,0,0,0,0,0,0,0,0,0,0,0,0,0,0,0,0,0,0,0,0,0,0,0,0,0,0,0,0,0,0,0,0,0,0,0,0,0,0,0,0,0,0,0,0,0,0,0,0,0,0,0,0,0,0,0,https://www.fifa.com/en/tournaments/mens/worldcup/canadamexicousa2026/statistics/player-statistics
401448,Denis ZAKARIA,ZAKARIA,Midfielder,MF,20/11/1996,29,Older,6,4,392,98,0,0,5,2,0.00%,185,160,86.50%,4,0.92,0,0,0.61,0.00x,TRUE,TRUE,TRUE,TRUE,TRUE,FALSE,TRUE,FALSE,TRUE,0,1,0,0,0,0,1,3,0,0,5,2,1,0,0,12,0,4.04889679,6,0,0,14,2,63,23,4,0,4293.230103,933.9200134,15699.75977,2160.369934,16450.08008,74,108,19,5,0,0,0,0,0,0,0,0,0,1,1,0,52,2,5,16,9,4,9,36,10,7,5,8,0,26,20,15,19,31,2,3,0,23,411,179,17,26,20,11,18,39,57,1,0,0,0,16,56,4,13,55,114,68,0,393,168,0,3,3,0.765962094,30,33.30582047,39537.36133,2,https://www.fifa.com/en/tournaments/mens/worldcup/canadamexicousa2026/statistics/player-statistics
477827,DEROY DUARTE,D. DUARTE,Midfielder,MF,4/07/1999,26,Younger,14,4,300.7,75.2,1,0,3,2,33.30%,101,87,86.10%,4,1.2,1,0.3,0.12,8.29x,TRUE,TRUE,TRUE,TRUE,TRUE,FALSE,TRUE,FALSE,TRUE,0,0,0,0,0,0,2,1,0,0,1,1,1,2,1,0,1,6.259343982,0,1,0,1,1,137,26,0,0,3795.039856,338.6300011,14497.73999,894.5099945,11526.77954,63,79,13,0,0,0,0,0,0,0,0,1,0,0,0,0,27,2,2,9,6,3,5,20,2,1,0,0,0,16,13,10,12,18,1,2,0,11,228,96,8,11,29,16,41,15,56,0,0,0,0,19,14,1,6,45,58,51,0,323,73,2,1,0,0.390894275,1,30.8755188,31052.70044,0,https://www.fifa.com/en/tournaments/mens/worldcup/canadamexicousa2026/statistics/player-statistics
463128,Diego GOMEZ,D. GÓMEZ,Midfielder,MF,27/03/2003,23,Younger,8,4,332.4,83.1,0,0,6,0,0.00%,101,80,79.20%,5,1.35,1,0.27,0.25,0.00x,TRUE,TRUE,TRUE,TRUE,TRUE,FALSE,TRUE,FALSE,TRUE,0,0,2,0,0,0,2,2,0,0,2,0,5,4,0,7,2,6.726737261,4,2,1,2,0,147,37,8,0,6084.869873,735.5899963,14733.00952,2521.550049,13236.88013,50,68,23,8,0,0,0,0,0,0,0,0,0,0,0,0,37,2,3,9,7,3,4,22,4,1,0,1,1,24,14,10,18,22,1,3,0,15,247,116,9,10,43,31,58,26,84,0,0,0,0,28,21,0,18,45,51,63,0,492,179,0,4,2,0.637882546,0,32.6509819,37311.90039,2,https://www.fifa.com/en/tournaments/mens/worldcup/canadamexicousa2026/statistics/player-statistics
497902,Diego MOREIRA,MOREIRA JR,Midfielder,MF,6/08/2004,21,Younger,19,1,76.7,76.7,0,0,0,0,,15,10,66.70%,2,2.35,1,1.17,0,,TRUE,FALSE,FALSE,FALSE,TRUE,FALSE,FALSE,FALSE,FALSE,0,0,0,0,0,0,0,0,0,0,0,0,0,0,0,8,2,1.044471025,5,1,0,4,1,36,2,0,0,1279.659912,358.0599976,3227.069824,709.1200562,2457.560059,10,23,5,0,0,0,0,0,0,0,0,0,0,0,0,0,10,0,1,2,1,1,1,5,3,2,1,2,1,5,2,1,3,8,0,0,1,4,41,20,2,12,21,14,20,27,47,1,0,0,0,10,11,1,0,5,17,5,0,109,55,1,0,1,1.077160954,0,32.48323441,8031.469727,0,https://www.fifa.com/en/tournaments/mens/worldcup/canadamexicousa2026/statistics/player-statistics
411226,Djibril SOW,SOW,Midfielder,MF,6/02/1997,29,Older,15,4,276.7,69.2,0,0,2,1,0.00%,97,83,85.60%,5,1.63,4,1.3,0.23,0.00x,TRUE,FALSE,TRUE,TRUE,TRUE,FALSE,TRUE,FALSE,TRUE,0,0,0,0,1,0,0,1,0,0,1,0,1,1,1,0,1,4.56621782,0,1,0,4,1,54,5,0,0,4731.659912,512.0699997,14174.38,2008.049988,9757.309937,58,71,8,0,0,0,0,0,0,0,0,0,0,0,0,0,27,2,3,8,7,2,3,21,7,4,2,3,2,12,10,5,5,19,2,3,0,14,215,90,7,26,63,23,59,53,112,0,0,0,0,35,19,4,3,47,53,50,0,421,147,2,2,0,2.989195287,4,31.6547184,31183.46924,0,https://www.fifa.com/en/tournaments/mens/worldcup/canadamexicousa2026/statistics/player-statistics
523215,Dominique SIMON,SIMON,Midfielder,MF,29/07/2000,25,Younger,25,2,68.6,34.3,0,0,1,1,0.00%,30,22,73.30%,1,1.31,1,1.31,0.01,0.00x,TRUE,FALSE,FALSE,FALSE,TRUE,FALSE,FALSE,FALSE,FALSE,0,0,0,0,0,0,0,1,0,0,0,0,0,1,1,2,0,4.372158686,0,0,1,1,1,26,6,1,0,1774.830017,83.16999626,3195.539917,509.0999756,2315.659973,7,15,2,1,0,0,0,0,0,0,0,0,0,0,0,0,12,0,2,6,4,3,4,5,2,0,0,2,0,4,1,0,2,6,0,1,0,1,64,29,3,2,24,21,34,13,47,0,0,0,0,15,2,1,1,10,20,11,0,150,36,2,0,0,1.224856675,1,30.48918533,7878.299805,0,https://www.fifa.com/en/tournaments/mens/worldcup/canadamexicousa2026/statistics/player-statistics
371393,Dostonbek Khamdamov,KHAMDAMOV,Midfielder,MF,24/07/1996,29,Older,17,2,120.9,60.5,0,0,2,0,0.00%,34,29,85.30%,1,0.74,0,0,0.08,0.00x,TRUE,FALSE,FALSE,TRUE,TRUE,FALSE,TRUE,FALSE,FALSE,0,0,0,0,0,0,0,2,0,0,1,0,1,1,0,1,0,4.480712414,1,0,2,5,3,74,6,1,0,2105.600037,156.3699799,5966.390381,855.7700195,4541.360107,20,26,9,1,0,0,0,0,0,0,0,0,0,1,0,0,7,1,1,3,1,0,1,3,1,0,0,0,0,3,2,1,1,5,0,1,0,1,92,46,4,17,13,2,22,10,32,1,0,0,0,8,20,1,2,20,19,22,0,184,63,1,1,1,2.84470433,1,32.33107758,13625.49023,0,https://www.fifa.com/en/tournaments/mens/worldcup/canadamexicousa2026/statistics/player-statistics
389886,Dzenis BURNIC,BURNIĆ,Midfielder,MF,22/05/1998,28,Older,17,2,27.6,13.8,0,0,1,0,0.00%,8,7,87.50%,0,0,0,0,0.02,0.00x,TRUE,FALSE,FALSE,FALSE,TRUE,FALSE,FALSE,FALSE,FALSE,0,0,0,0,0,0,1,0,0,0,0,0,0,1,0,0,0,3.345516086,0,0,0,0,0,6,0,0,0,376.4100037,36.34999847,1381.760071,139.4199982,1139.550049,6,7,0,0,0,0,0,0,0,0,0,0,0,0,0,0,4,0,0,1,1,1,1,3,0,0,0,0,0,3,2,2,3,3,0,0,0,3,21,9,1,4,2,1,0,7,7,0,0,0,0,2,2,0,2,5,1,7,0,37,11,2,0,0,0.077535547,1,28.37928772,3073.48999,0,https://www.fifa.com/en/tournaments/mens/worldcup/canadamexicousa2026/statistics/player-statistics
473113,Eberechi EZE,EZE,Midfielder,MF,29/06/1998,27,Younger,21,5,247.7,49.5,0,1,5,0,0.00%,97,89,91.80%,2,0.73,4,1.45,0.28,0.00x,TRUE,TRUE,TRUE,TRUE,TRUE,FALSE,TRUE,FALSE,TRUE,0,2,1,0,0,1,0,3,0,0,2,0,2,3,0,10,1,3.936962605,7,1,1,3,1,59,0,2,0,3797.520096,351.4000111,10762.42963,1423.919991,9239.990417,61,78,6,2,0,0,0,0,0,0,0,0,0,0,0,0,28,3,1,6,6,2,2,26,7,7,3,3,1,15,13,8,10,12,3,1,1,10,222,92,13,22,31,18,57,14,71,1,0,0,0,28,32,2,10,47,56,57,0,325,106,4,1,5,5.681902558,1,32.2701149,25575.25903,0,https://www.fifa.com/en/tournaments/mens/worldcup/canadamexicousa2026/statistics/player-statistics
485069,EDERSON SILVA,EDERSON SILVA,Midfielder,MF,7/07/1999,26,Younger,2,2,38.2,19.1,0,0,2,0,0.00%,5,5,100.00%,1,2.36,0,0,0.34,0.00x,TRUE,FALSE,FALSE,FALSE,TRUE,FALSE,FALSE,FALSE,FALSE,0,1,0,0,1,0,0,1,0,0,1,0,0,1,0,0,0,2.933422279,0,0,0,3,1,20,2,0,0,662.3000183,284.4700012,1738.150085,414.3400116,1409.769958,1,1,1,0,0,0,0,0,0,0,0,0,0,0,0,0,1,0,0,0,0,0,0,0,0,0,0,0,0,1,0,0,1,0,0,0,0,0,23,11,2,7,2,5,7,7,14,0,0,0,0,5,5,0,1,2,9,3,0,63,33,2,0,0,0.901891619,0,32.78990936,4509.029785,0,https://www.fifa.com/en/tournaments/mens/worldcup/canadamexicousa2026/statistics/player-statistics
400416,Edgar Yoel BARCENAS,BÁRCENAS,Midfielder,MF,23/10/1993,32,Older,11,3,272.8,90.9,0,0,2,0,0.00%,109,96,88.10%,3,0.99,3,0.99,0.05,0.00x,TRUE,FALSE,TRUE,TRUE,TRUE,FALSE,TRUE,FALSE,TRUE,0,1,0,0,0,0,1,1,0,0,0,0,1,2,0,8,4,6.753038247,5,4,3,5,2,74,6,7,0,4957.240234,282.5500011,14794,1471.109985,9285.099854,54,68,9,7,0,0,0,0,0,0,0,0,0,0,0,0,36,1,2,8,5,4,5,24,3,2,1,1,1,25,17,16,21,20,1,0,0,14,239,112,8,9,66,45,86,34,120,0,0,0,0,39,13,1,2,47,67,49,0,426,101,0,2,2,0.386507183,0,31.43300247,30790.00098,1,https://www.fifa.com/en/tournaments/mens/worldcup/canadamexicousa2026/statistics/player-statistics
433161,Edo Kayembe,E. KAYEMBE,Midfielder,MF,3/06/1998,28,Older,25,3,177.2,59.1,0,0,2,1,0.00%,41,35,85.40%,5,2.54,3,1.52,0.1,0.00x,TRUE,FALSE,FALSE,TRUE,TRUE,FALSE,TRUE,FALSE,FALSE,0,0,1,0,0,0,0,1,0,0,0,0,1,2,1,4,0,5.33848083,2,0,0,2,0,116,20,0,0,3254.790009,239.7899933,9557.319946,1162.540054,6365.000061,32,44,20,0,0,0,0,0,0,0,0,0,0,0,0,0,11,1,1,2,1,0,0,7,1,0,0,0,0,8,6,5,6,11,0,1,0,7,108,52,3,7,37,20,42,22,64,0,0,0,0,22,18,1,6,31,19,37,0,297,86,1,2,2,0.582853869,0,31.29704666,20579.44043,0,https://www.fifa.com/en/tournaments/mens/worldcup/canadamexicousa2026/statistics/player-statistics
405454,Elijah JUST,JUST,Midfielder,MF,1/05/2000,26,Younger,11,3,291.6,97.2,3,0,7,5,42.90%,99,85,85.90%,3,0.93,2,0.62,0.86,3.48x,TRUE,TRUE,TRUE,TRUE,TRUE,FALSE,TRUE,FALSE,TRUE,0,1,0,0,0,0,3,4,0,0,5,4,1,2,1,15,2,6.877383073,9,1,0,1,0,152,18,2,0,5286.059937,909.7100372,14440.36963,2245.75,10548.41016,65,97,19,2,0,0,0,0,0,0,0,3,0,0,0,0,44,3,4,11,7,2,4,33,5,1,0,2,0,28,25,20,21,31,1,4,0,21,236,109,13,36,101,25,100,62,162,0,0,0,0,44,35,2,2,70,42,72,0,460,178,0,1,4,1.552158386,5,31.59518242,33430.29883,1,https://www.fifa.com/en/tournaments/mens/worldcup/canadamexicousa2026/statistics/player-statistics
441341,Elisha OWUSU,OWUSU,Midfielder,MF,7/11/1997,28,Older,15,3,166.8,55.6,0,0,0,0,,58,50,86.20%,2,1.08,0,0,0,,TRUE,FALSE,TRUE,TRUE,TRUE,FALSE,TRUE,FALSE,TRUE,0,0,0,0,0,0,0,0,0,0,0,0,0,0,0,3,0,5.072413325,3,0,0,4,1,55,10,1,0,3028.179932,213.9500046,8671.609985,1062.97998,5852.349731,32,43,5,2,0,0,0,0,0,0,0,0,0,0,1,0,12,1,1,5,3,3,3,6,1,0,0,0,0,6,3,3,4,6,0,0,0,3,134,62,1,8,9,19,23,13,36,0,0,0,0,14,7,2,9,32,24,41,0,262,74,1,2,2,0.406008881,1,29.17051315,18829.07031,0,https://www.fifa.com/en/tournaments/mens/worldcup/canadamexicousa2026/statistics/player-statistics
481610,Elliot ANDERSON,ANDERSON,Midfielder,MF,6/11/2002,23,Younger,8,8,713.4,89.2,0,1,7,1,0.00%,445,396,89.00%,9,1.14,13,1.64,0.38,0.00x,TRUE,TRUE,TRUE,TRUE,TRUE,FALSE,TRUE,FALSE,TRUE,0,2,0,1,0,0,2,3,0,0,3,0,4,4,1,9,10,6.597301841,8,9,3,6,3,191,60,13,0,11896.21014,784.140007,36039.58948,3870.039948,26107.98969,221,267,34,14,0,0,0,0,0,0,0,0,0,2,1,0,151,7,17,51,41,26,27,114,17,12,1,1,9,83,61,39,50,67,4,11,7,50,975,354,20,21,84,269,271,103,374,0,0,0,0,160,15,2,18,170,280,188,0,1006,282,1,3,1,0.635570236,3,29.87550545,78697.97168,1,https://www.fifa.com/en/tournaments/mens/worldcup/canadamexicousa2026/statistics/player-statistics
411658,Ellyes SKHIRI,SKHIRI,Midfielder,MF,10/05/1995,31,Older,17,3,267.7,89.2,0,0,0,0,,109,99,90.80%,0,0,1,0.34,0,,TRUE,FALSE,TRUE,TRUE,TRUE,FALSE,TRUE,FALSE,TRUE,0,0,0,0,0,0,0,0,0,0,0,0,0,0,0,2,2,6.614003181,1,2,0,0,0,40,10,6,0,3244.520142,237.4799957,14602.13965,824.5299835,10426.13965,37,43,10,7,0,0,0,0,0,1,0,0,0,0,1,0,38,3,0,16,13,13,13,26,3,0,0,0,0,19,13,13,16,19,0,0,0,12,230,100,0,2,18,43,53,10,63,0,1,0,0,22,7,0,4,16,86,20,0,286,59,0,2,0,0.201333271,0,31.19799232,29334.80957,0,https://www.fifa.com/en/tournaments/mens/worldcup/canadamexicousa2026/statistics/player-statistics
430482,EMAM ASHOUR,E. ASHOUR,Midfielder,MF,20/02/1998,28,Older,8,5,395.8,79.2,2,0,10,2,20.00%,207,176,85.00%,2,0.45,13,2.96,1.06,1.89x,TRUE,TRUE,TRUE,TRUE,TRUE,FALSE,TRUE,FALSE,TRUE,0,1,0,0,1,0,3,5,0,0,5,1,6,5,1,18,3,6.478067589,6,3,4,3,0,72,12,2,0,6050.619873,755.2099953,18351.35059,2493.770035,15189.56995,98,142,19,2,0,0,0,0,0,0,0,1,1,1,0,0,54,4,2,13,5,3,7,31,7,4,2,3,0,34,22,20,28,32,2,0,0,18,471,191,27,49,128,64,114,127,241,0,0,0,0,101,50,5,7,78,153,85,0,522,185,0,4,3,3.034841627,3,33.45850372,42840.52197,0,https://www.fifa.com/en/tournaments/mens/worldcup/canadamexicousa2026/statistics/player-statistics
473062,Emiliano MARTINEZ,E. MARTINEZ,Midfielder,MF,17/08/1999,26,Younger,15,0,0,,0,0,0,0,,0,0,,0,,0,,0,,FALSE,FALSE,FALSE,FALSE,TRUE,FALSE,FALSE,FALSE,FALSE,0,0,0,0,0,0,0,0,0,0,0,0,0,0,0,0,0,0,0,0,0,0,0,0,0,0,0,0,0,0,0,0,0,0,0,0,0,0,0,0,0,0,0,0,0,0,0,0,0,0,0,0,0,0,0,0,0,0,0,0,0,0,0,0,0,0,0,0,0,0,0,0,0,0,0,0,0,0,0,0,0,0,0,0,0,0,0,0,0,0,0,0,0,0,0,0,0,0,0,0,0,https://www.fifa.com/en/tournaments/mens/worldcup/canadamexicousa2026/statistics/player-statistics
448252,Enzo FERNANDEZ,E. FERNANDEZ,Midfielder,MF,17/01/2001,25,Younger,24,7,755.2,107.9,2,0,12,4,16.70%,519,480,92.50%,12,1.43,6,0.72,0.9,2.22x,TRUE,TRUE,TRUE,TRUE,TRUE,FALSE,TRUE,FALSE,TRUE,0,3,0,0,1,0,4,6,0,1,4,2,5,8,2,16,8,5.74476558,12,7,0,5,2,204,28,5,0,12078.09033,1410.869995,35612.08008,4210.680023,29517.26074,227,274,46,5,0,0,0,0,0,0,0,1,1,2,0,1,150,9,3,40,38,28,28,132,21,15,4,7,5,89,79,65,72,88,7,3,4,75,1122,339,41,51,128,195,226,148,374,1,0,0,0,193,81,4,13,146,403,159,1,1054,332,0,1,5,3.130332865,1,32.55966187,82828.98047,2,https://www.fifa.com/en/tournaments/mens/worldcup/canadamexicousa2026/statistics/player-statistics
423855,EOM Jisung,JISUNG,Midfielder,MF,9/05/2002,24,Younger,25,2,53.8,26.9,0,0,0,0,,9,9,100.00%,0,0,1,1.67,0,,TRUE,FALSE,FALSE,FALSE,TRUE,FALSE,FALSE,FALSE,FALSE,0,0,0,0,0,0,0,0,0,0,0,0,0,0,0,2,0,4.642442385,2,0,0,3,2,2,0,0,0,1037.789978,239.5100174,2276.170044,500.9199829,2180.599976,7,8,0,0,0,0,0,0,0,0,0,0,0,0,0,0,5,0,0,0,0,0,0,4,2,2,2,2,0,3,2,2,3,3,0,0,0,3,23,14,1,7,6,2,4,11,15,0,0,0,0,5,5,2,1,2,7,3,0,72,36,2,0,2,1.447241098,4,30.90659332,6234.989746,0,https://www.fifa.com/en/tournaments/mens/worldcup/canadamexicousa2026/statistics/player-statistics
419518,Erik LIRA,E. LIRA,Midfielder,MF,8/05/2000,26,Younger,6,4,391.3,97.8,0,1,0,0,,199,182,91.50%,3,0.69,4,0.92,0,,TRUE,FALSE,TRUE,TRUE,TRUE,FALSE,TRUE,FALSE,TRUE,0,0,0,0,0,0,0,0,0,0,0,0,0,0,0,4,5,5.34070158,3,5,0,2,2,81,26,7,0,5873.98999,369.730011,19956.2002,1778.389954,15524.20923,56,68,17,7,0,0,0,0,0,0,0,0,0,0,0,0,58,2,4,18,13,12,12,41,2,0,0,0,0,38,28,27,32,22,0,1,0,10,425,171,25,4,59,76,105,34,139,0,0,0,0,65,11,1,4,42,157,46,0,497,137,0,1,2,0.168820413,1,32.99500656,43502.51953,0,https://www.fifa.com/en/tournaments/mens/worldcup/canadamexicousa2026/statistics/player-statistics
522846,Ermin MAHMIC,MAHMIĆ,Midfielder,MF,14/03/2005,21,Younger,26,3,88.1,29.4,2,0,4,2,50.00%,16,12,75.00%,1,1.02,1,1.02,0.34,5.88x,TRUE,TRUE,FALSE,FALSE,TRUE,FALSE,FALSE,FALSE,FALSE,0,0,0,0,0,0,1,3,0,0,2,2,2,2,0,0,1,5.337127328,0,1,0,1,0,41,3,1,0,1928.690033,337.8399944,4256.839905,678.0100174,3455.709839,5,10,1,1,0,0,0,0,0,0,0,2,0,0,0,0,8,0,0,0,0,0,0,3,0,0,0,0,0,8,3,3,8,4,0,0,0,3,45,20,6,13,16,6,26,9,35,0,0,0,0,5,6,0,1,4,18,5,0,155,57,3,0,0,2.68370378,0,31.33958244,10657.08948,1,https://www.fifa.com/en/tournaments/mens/worldcup/canadamexicousa2026/statistics/player-statistics
389485,Exequiel PALACIOS,PALACIOS,Midfielder,MF,5/10/1998,27,Younger,14,1,100.1,100.1,0,0,0,0,,94,89,94.70%,1,0.9,1,0.9,0,,TRUE,FALSE,TRUE,TRUE,TRUE,FALSE,TRUE,FALSE,TRUE,0,0,0,0,0,0,0,0,0,0,0,0,0,0,0,0,0,0.750880361,0,0,0,0,0,5,1,0,0,1320.73999,184.0900116,4156.310547,534.1400146,3833.72998,47,49,1,0,0,0,0,0,0,0,0,0,0,0,0,0,19,0,0,14,13,13,14,17,0,0,0,0,0,5,4,4,5,13,0,0,0,12,190,55,2,3,4,11,7,11,18,0,0,0,0,10,4,1,2,19,65,21,0,113,37,0,0,0,0.037471551,8,32.45518112,10029.00977,0,https://www.fifa.com/en/tournaments/mens/worldcup/canadamexicousa2026/statistics/player-statistics
448103,Fabian RIEDER,RIEDER,Midfielder,MF,16/02/2002,24,Younger,22,5,332.8,66.6,0,0,7,2,0.00%,87,71,81.60%,3,0.81,6,1.62,1.09,0.00x,TRUE,TRUE,TRUE,TRUE,TRUE,FALSE,TRUE,FALSE,TRUE,0,3,1,0,1,1,2,2,0,0,4,2,3,3,0,8,2,6.0385801,3,2,8,16,0,210,30,5,0,6485.68988,692.5599747,16995.38013,2319.119919,12436.5506,54,80,19,5,0,0,0,0,0,0,0,0,0,0,0,0,32,3,1,4,2,0,0,14,10,4,2,5,2,18,8,6,12,11,2,0,0,6,232,118,15,48,110,14,106,66,172,0,0,0,0,36,56,7,15,67,33,82,0,566,179,2,3,2,5.197326183,1,32.82019424,38929.30078,0,https://www.fifa.com/en/tournaments/mens/worldcup/canadamexicousa2026/statistics/player-statistics
430718,Fabian RUIZ,FABIÁN,Midfielder,MF,3/04/1996,30,Older,8,8,366.8,45.9,1,0,8,2,12.50%,297,266,89.60%,1,0.25,3,0.74,1.33,0.75x,TRUE,TRUE,TRUE,TRUE,TRUE,FALSE,TRUE,FALSE,TRUE,0,1,0,0,2,0,1,4,0,1,4,2,4,4,0,8,3,6.999573827,8,3,0,7,2,82,10,6,0,6359.869965,254.260005,20034.7196,1347.53001,14086.60979,139,168,9,7,0,0,0,0,0,0,0,1,0,1,1,0,100,6,9,24,19,9,9,77,12,7,0,1,5,64,51,37,44,33,3,7,4,24,639,207,23,43,146,128,218,99,317,0,0,0,0,137,41,2,6,93,210,99,0,518,111,4,4,0,3.009831914,3,30.15297318,42082.99088,0,https://www.fifa.com/en/tournaments/mens/worldcup/canadamexicousa2026/statistics/player-statistics
394456,FABINHO,FABINHO,Midfielder,MF,23/10/1993,32,Older,17,3,95.1,31.7,0,0,1,0,0.00%,43,42,97.70%,4,3.78,0,0,0.02,0.00x,TRUE,FALSE,FALSE,TRUE,TRUE,FALSE,TRUE,FALSE,FALSE,0,0,0,1,0,0,0,0,0,0,1,0,1,0,0,0,0,3.793992043,0,0,0,0,0,24,5,0,0,1288.190002,83.92999649,4586.590088,526.1399918,3422.660065,12,14,1,0,0,0,0,0,0,0,0,0,0,1,0,0,6,0,0,3,3,3,3,6,0,0,0,0,0,3,3,3,3,1,0,0,0,1,93,31,4,0,12,22,29,5,34,0,0,0,0,15,1,0,3,8,33,11,0,117,36,3,0,0,0.181402605,0,28.10260201,9907.510254,1,https://www.fifa.com/en/tournaments/mens/worldcup/canadamexicousa2026/statistics/player-statistics
477795,Fares CHAIBI,CHAIBI,Midfielder,MF,28/11/2002,23,Younger,10,4,403.1,100.8,0,0,9,3,0.00%,244,220,90.20%,3,0.67,2,0.45,0.64,0.00x,TRUE,TRUE,TRUE,TRUE,TRUE,FALSE,TRUE,FALSE,TRUE,0,2,2,0,0,0,0,6,0,0,4,1,4,5,2,10,3,6.763851762,7,3,4,7,0,140,16,1,0,6271.350098,775.4499664,21186.70947,2264.250092,15036.44019,112,148,30,1,0,0,0,0,0,0,0,0,0,1,0,0,65,5,7,20,14,8,8,44,10,5,2,4,1,35,25,18,22,36,2,4,1,16,535,195,19,38,84,80,121,81,202,1,0,0,0,85,46,4,10,92,163,102,0,549,177,0,0,3,2.728266418,2,32.68711853,45534.19922,1,https://www.fifa.com/en/tournaments/mens/worldcup/canadamexicousa2026/statistics/player-statistics
402884,Federico VALVERDE,F. VALVERDE,Midfielder,MF,22/07/1998,27,Younger,8,3,272.9,91,0,0,10,2,0.00%,120,98,81.70%,1,0.33,0,0,0.5,0.00x,TRUE,TRUE,TRUE,TRUE,TRUE,FALSE,TRUE,FALSE,TRUE,0,0,1,1,0,2,1,5,0,0,3,0,8,7,2,7,5,5.779733817,6,5,2,8,0,76,8,3,0,2620.700073,525.2099915,11423.41992,1149.940002,10197.33032,58,97,19,3,0,0,0,0,0,0,0,0,0,0,0,0,56,3,2,11,8,5,6,39,12,8,1,2,7,33,23,15,21,42,2,1,5,25,281,114,14,24,33,25,37,45,82,0,0,0,0,26,32,3,0,60,77,60,0,228,99,0,1,2,1.747075677,1,34.86414719,25916.59912,0,https://www.fifa.com/en/tournaments/mens/worldcup/canadamexicousa2026/statistics/player-statistics
492363,Felix NMECHA,NMECHA,Midfielder,MF,10/10/2000,25,Younger,23,4,300,75,1,1,8,3,12.50%,131,120,91.60%,3,0.9,3,0.9,0.49,2.04x,TRUE,TRUE,TRUE,TRUE,TRUE,FALSE,TRUE,FALSE,TRUE,0,1,1,0,0,0,1,5,0,0,3,3,4,5,0,14,1,6.643768668,9,0,0,2,0,74,21,1,0,4995.739868,659.6700287,13835.95947,1878.059998,11955.70959,68,97,9,1,0,0,0,0,0,0,0,1,0,0,0,0,34,0,1,7,6,6,6,29,4,3,2,2,2,23,20,19,20,20,0,0,1,17,313,132,15,38,47,28,73,40,113,0,0,0,0,37,26,3,5,61,94,66,0,442,141,0,3,5,2.01168257,0,34.96677399,33325.14014,0,https://www.fifa.com/en/tournaments/mens/worldcup/canadamexicousa2026/statistics/player-statistics
385248,Florian GRILLITSCH,GRILLITSCH,Midfielder,MF,7/08/1995,30,Older,10,2,102.7,51.4,0,0,0,0,,60,55,91.70%,3,2.63,1,0.88,0,,TRUE,FALSE,TRUE,TRUE,TRUE,FALSE,TRUE,FALSE,TRUE,0,0,0,0,0,0,0,0,0,0,0,0,0,0,0,1,0,3.444975495,1,0,0,1,0,49,11,0,0,1662.170044,134.5599976,5056.099854,527.3600159,4419.210205,23,29,0,1,0,0,0,0,0,0,0,0,0,0,1,0,28,3,2,8,7,3,3,23,5,4,0,0,2,15,12,6,8,11,2,2,2,6,133,37,4,2,10,19,22,9,31,0,0,0,0,12,3,0,2,14,46,16,0,142,41,2,0,0,0.263218656,0,29.94496727,11799.3999,0,https://www.fifa.com/en/tournaments/mens/worldcup/canadamexicousa2026/statistics/player-statistics
430669,Florian WIRTZ,WIRTZ,Midfielder,MF,3/05/2003,23,Younger,17,4,405.9,101.5,0,3,10,1,0.00%,271,223,82.30%,1,0.22,3,0.67,0.97,0.00x,TRUE,TRUE,TRUE,TRUE,TRUE,FALSE,TRUE,FALSE,TRUE,0,5,3,0,1,1,2,3,0,0,5,1,4,5,0,25,2,6.852266788,18,2,5,12,5,123,18,2,0,7143.969849,954.019989,20910.25049,3165.390076,14242.24927,134,182,17,2,0,0,0,0,0,0,0,0,0,0,0,0,82,5,1,10,5,2,4,54,15,10,8,9,1,57,39,36,50,47,2,1,0,33,599,243,34,71,100,47,96,122,218,1,0,0,0,73,117,4,8,91,191,99,0,653,229,0,2,14,3.474814177,14,33.02768707,46415.87988,0,https://www.fifa.com/en/tournaments/mens/worldcup/canadamexicousa2026/statistics/player-statistics
371609,Franck KESSIE,KESSIE,Midfielder,MF,19/12/1996,29,Older,8,4,389.5,97.4,1,0,4,2,25.00%,188,165,87.80%,7,1.62,2,0.46,0.71,1.40x,TRUE,TRUE,TRUE,TRUE,TRUE,FALSE,TRUE,FALSE,TRUE,0,0,0,0,0,0,1,3,0,0,4,2,1,0,0,5,2,6.79677856,4,1,1,4,0,135,13,2,0,6353.570068,821.9299774,19833.25977,2657.069946,14479.11914,88,115,13,2,0,0,0,0,0,0,0,1,0,0,0,0,67,9,2,22,17,10,11,47,13,6,0,3,1,32,24,16,20,35,5,2,1,20,413,167,15,27,59,44,101,29,130,1,0,0,0,35,31,4,13,70,118,83,0,553,184,0,1,2,1.818800643,1,32.13224411,44144.9502,1,https://www.fifa.com/en/tournaments/mens/worldcup/canadamexicousa2026/statistics/player-statistics
483497,Fredrik AURSNES,AURSNES,Midfielder,MF,10/12/1995,30,Older,14,6,355.5,59.2,0,0,2,0,0.00%,178,158,88.80%,5,1.27,3,0.76,0.02,0.00x,TRUE,FALSE,TRUE,TRUE,TRUE,FALSE,TRUE,FALSE,TRUE,0,0,0,0,0,0,2,0,0,0,1,0,1,1,0,4,1,6.865636349,3,1,0,4,1,63,20,2,0,6654.029907,733.1099472,17495.45038,2435.420021,13279.71021,78,98,8,3,0,0,0,0,0,0,0,0,0,0,1,0,66,2,4,21,15,14,15,45,5,1,1,2,1,40,29,28,33,31,0,1,0,21,375,150,13,44,68,65,78,99,177,0,0,0,0,64,24,3,5,50,116,55,0,571,173,3,2,1,1.192518212,16,32.90467072,40597.71948,0,https://www.fifa.com/en/tournaments/mens/worldcup/canadamexicousa2026/statistics/player-statistics
422657,Frenkie DE JONG,F. DE JONG,Midfielder,MF,12/05/1997,29,Older,21,4,360.2,90.1,0,0,1,0,0.00%,243,224,92.20%,6,1.5,6,1.5,0.04,0.00x,TRUE,FALSE,TRUE,TRUE,TRUE,FALSE,TRUE,FALSE,TRUE,0,1,0,0,0,0,1,0,0,0,1,0,0,0,0,7,2,6.502542973,7,2,0,0,0,85,22,4,0,5147.15979,292.7500076,18114.31006,1418.419983,13679.95996,151,167,7,4,0,0,0,0,0,0,0,0,0,0,0,0,64,2,2,17,15,13,13,51,5,4,0,0,3,42,32,28,35,44,2,0,2,37,519,177,12,2,32,109,106,37,143,0,0,0,0,78,8,0,4,65,174,69,0,424,109,0,3,1,0.220721694,4,30.38040924,38652.59912,0,https://www.fifa.com/en/tournaments/mens/worldcup/canadamexicousa2026/statistics/player-statistics
373344,GARRY RODRIGUES,RODRIGUES,Midfielder,MF,27/11/1990,35,Older,11,2,90.2,45.1,0,0,1,0,0.00%,14,11,78.60%,0,0,0,0,0.04,0.00x,TRUE,FALSE,FALSE,TRUE,TRUE,FALSE,TRUE,FALSE,FALSE,0,1,0,0,0,0,0,1,0,0,1,0,0,0,0,3,0,3.53031373,2,0,0,2,1,23,1,0,0,1459.099976,211.7000046,4276.989868,616.3599854,3596.140015,11,17,3,0,0,0,0,0,0,0,0,0,0,0,0,0,6,1,1,2,1,0,0,4,2,2,1,1,0,2,1,0,0,5,1,0,0,3,40,22,3,18,11,0,16,13,29,2,0,0,0,7,13,0,2,9,9,11,0,123,50,1,1,2,2.705503643,1,31.16163063,10160.29028,0,https://www.fifa.com/en/tournaments/mens/worldcup/canadamexicousa2026/statistics/player-statistics
447866,GAVI,GAVI,Midfielder,MF,5/08/2004,21,Younger,9,2,85.8,42.9,0,0,1,0,0.00%,31,29,93.50%,2,2.1,1,1.05,0.01,0.00x,TRUE,FALSE,FALSE,FALSE,TRUE,FALSE,FALSE,FALSE,FALSE,0,1,0,0,0,0,0,1,0,0,1,0,0,0,0,0,1,1.922737718,0,1,0,2,0,33,8,0,0,1353.970123,255.8699951,5510.910095,557.2300034,3029.910156,19,22,4,0,0,0,0,0,0,0,0,0,0,0,0,0,3,0,0,0,0,0,0,2,1,1,1,1,0,2,1,1,2,2,0,0,0,1,78,32,4,27,45,17,61,28,89,0,0,0,0,18,22,1,6,19,16,25,0,122,45,1,1,0,2.712110758,0,29.87909698,10707.89063,0,https://www.fifa.com/en/tournaments/mens/worldcup/canadamexicousa2026/statistics/player-statistics
505112,Gessime YASSINE,YASSINE,Midfielder,MF,22/11/2005,20,Younger,16,3,101.5,33.8,1,0,2,1,50.00%,39,34,87.20%,2,1.77,3,2.66,0.45,2.21x,TRUE,FALSE,FALSE,TRUE,TRUE,FALSE,TRUE,FALSE,FALSE,0,0,0,0,1,0,0,1,0,0,1,1,1,1,0,3,3,3.325674057,2,2,1,1,0,22,6,1,0,1691.410065,173.2400055,4578.379883,642.6399994,4195.659973,25,33,1,1,0,0,0,0,0,0,0,1,0,0,0,0,11,0,2,2,1,0,0,6,2,1,1,2,0,7,4,3,5,6,0,1,0,2,91,42,3,21,15,9,21,24,45,0,0,0,0,12,17,0,1,30,15,31,0,121,43,3,0,2,3.838807344,0,28.60095215,11281.33008,0,https://www.fifa.com/en/tournaments/mens/worldcup/canadamexicousa2026/statistics/player-statistics
500037,Gilberto MORA,G. MORA,Midfielder,MF,14/10/2008,17,Younger,19,4,236.4,59.1,0,0,5,0,0.00%,87,79,90.80%,3,1.14,3,1.14,0.13,0.00x,TRUE,TRUE,TRUE,TRUE,TRUE,FALSE,TRUE,FALSE,TRUE,0,3,0,0,0,0,1,4,0,0,3,0,2,2,0,11,1,5.164795017,4,1,2,5,1,96,9,1,0,4152.009766,304.4099998,10688.03003,1527.020004,9128.780151,62,85,15,1,0,0,0,0,0,0,0,0,0,0,0,0,27,1,2,5,4,2,2,23,5,4,1,2,2,17,15,11,12,21,1,1,2,17,209,89,16,34,83,31,96,52,148,0,0,0,0,48,37,2,6,46,54,52,0,370,125,1,3,2,4.256302476,1,29.54281235,25800.25073,0,https://www.fifa.com/en/tournaments/mens/worldcup/canadamexicousa2026/statistics/player-statistics
368652,Giorgian DE ARRASCAETA,G. DE ARRASCAETA,Midfielder,MF,1/06/1994,32,Older,10,0,0,,0,0,0,0,,0,0,,0,,0,,0,,FALSE,FALSE,FALSE,FALSE,TRUE,FALSE,FALSE,FALSE,FALSE,0,0,0,0,0,0,0,0,0,0,0,0,0,0,0,0,0,0,0,0,0,0,0,0,0,0,0,0,0,0,0,0,0,0,0,0,0,0,0,0,0,0,0,0,0,0,0,0,0,0,0,0,0,0,0,0,0,0,0,0,0,0,0,0,0,0,0,0,0,0,0,0,0,0,0,0,0,0,0,0,0,0,0,0,0,0,0,0,0,0,0,0,0,0,0,0,0,0,0,0,0,https://www.fifa.com/en/tournaments/mens/worldcup/canadamexicousa2026/statistics/player-statistics
395414,Giovani Lo Celso,LO CELSO,Midfielder,MF,9/04/1996,30,Older,11,1,64.8,64.8,1,0,1,1,100.00%,51,47,92.20%,1,1.39,1,1.39,0.15,6.61x,TRUE,FALSE,TRUE,FALSE,TRUE,FALSE,FALSE,FALSE,FALSE,0,0,0,0,0,1,0,0,0,0,0,0,0,1,1,5,0,0.871237993,4,0,1,1,1,23,6,1,0,1343.270142,70.6499939,3532.700195,288.4199829,2290.459961,38,46,8,1,0,0,0,0,0,0,1,0,1,0,0,0,13,0,2,3,3,1,1,12,0,0,0,0,0,10,9,7,8,12,0,2,0,11,108,35,3,4,22,20,31,15,46,1,0,0,0,19,7,0,2,25,25,27,0,123,23,0,1,0,0.763845086,1,28.88970566,7525.5,0,https://www.fifa.com/en/tournaments/mens/worldcup/canadamexicousa2026/statistics/player-statistics
419068,Giovanni REYNA,REYNA,Midfielder,MF,13/11/2002,23,Younger,7,5,155.8,31.2,1,0,2,1,50.00%,94,79,84.00%,1,0.58,2,1.16,0.22,4.61x,TRUE,FALSE,TRUE,TRUE,TRUE,FALSE,TRUE,FALSE,TRUE,0,0,1,0,0,0,1,0,0,0,2,1,1,0,0,4,1,8.057342815,3,1,0,1,0,46,6,6,0,3699.259979,75.88999832,9021.720276,1076.330009,5330.339867,51,64,8,6,0,0,0,0,0,0,0,1,0,0,0,0,39,5,1,7,4,1,1,25,9,7,3,3,1,23,14,10,16,23,3,0,1,16,192,77,5,9,49,24,53,29,82,0,0,0,0,35,31,1,5,54,32,59,0,315,71,4,1,1,1.107194943,5,27.25205994,19203.54065,0,https://www.fifa.com/en/tournaments/mens/worldcup/canadamexicousa2026/statistics/player-statistics
466359,Godfried ROEMERATOE,ROEMERATOE,Midfielder,MF,19/08/1999,26,Younger,6,1,12.1,12.1,0,0,0,0,,3,1,33.30%,0,0,0,0,0,,TRUE,FALSE,FALSE,FALSE,TRUE,FALSE,FALSE,FALSE,FALSE,0,0,0,0,0,0,0,0,0,0,0,0,0,0,0,0,0,2.363575935,0,0,0,0,0,4,0,0,0,193.0700073,0,702.0200195,94.05999756,464.9899597,1,2,0,0,0,0,0,0,0,0,0,0,0,0,0,0,1,0,0,0,0,0,0,0,0,0,0,0,0,1,0,0,1,0,0,0,0,0,7,4,0,0,0,0,0,0,0,0,0,0,0,0,0,0,0,1,2,1,0,19,6,1,0,0,0.003947944,0,24.25645447,1454.140015,0,https://www.fifa.com/en/tournaments/mens/worldcup/canadamexicousa2026/statistics/player-statistics
311558,Granit XHAKA,XHAKA,Midfielder,MF,27/09/1992,33,Older,10,6,673.6,112.3,1,0,9,2,11.10%,470,427,90.90%,4,0.53,12,1.6,1.16,0.86x,TRUE,TRUE,TRUE,TRUE,TRUE,FALSE,TRUE,FALSE,TRUE,0,0,0,0,0,1,1,6,1,0,1,1,7,8,1,14,8,6.506599267,8,8,0,4,0,116,18,25,0,13158.41992,332.6900024,31529.18994,3041.559998,24713.95996,191,227,28,26,0,0,0,0,0,0,0,1,0,0,1,0,221,9,31,79,61,35,39,168,15,7,2,2,4,127,100,72,83,96,3,23,2,70,997,367,37,5,129,196,231,99,330,0,0,1,1,157,35,0,16,94,364,110,0,1062,210,0,0,2,0.401804905,1,28.85687447,72775.81836,2,https://www.fifa.com/en/tournaments/mens/worldcup/canadamexicousa2026/statistics/player-statistics
485804,Gustavo CABALLERO,CABALLERO,Midfielder,MF,21/09/2001,24,Younger,24,2,117.4,58.7,0,0,1,1,0.00%,8,5,62.50%,2,1.53,2,1.53,0.07,0.00x,TRUE,FALSE,FALSE,TRUE,TRUE,FALSE,TRUE,FALSE,FALSE,0,0,0,0,1,0,0,0,0,0,1,1,0,0,0,5,0,2.516415501,2,0,0,0,0,36,8,0,0,1866.409973,382.6100159,5105.319702,764.8399506,4294.220093,6,13,2,0,0,0,0,0,0,0,0,0,0,1,0,0,4,1,0,1,0,0,0,1,1,0,0,0,0,2,1,1,1,4,0,0,0,1,27,16,1,9,3,1,8,5,13,1,0,0,0,4,11,1,3,8,6,11,0,169,57,2,0,1,1.958211422,0,34.68466949,12413.3999,0,https://www.fifa.com/en/tournaments/mens/worldcup/canadamexicousa2026/statistics/player-statistics
448157,Guus TIL,TIL,Midfielder,MF,22/12/1997,28,Older,16,1,36.5,36.5,0,0,0,0,,8,7,87.50%,0,0,0,0,0,,TRUE,FALSE,FALSE,FALSE,TRUE,FALSE,FALSE,FALSE,FALSE,0,0,0,0,0,0,0,0,0,0,0,0,0,0,0,1,0,1.75337553,1,0,0,0,0,20,1,0,0,734.789917,150.7299957,1769.290039,297.4100037,1315.069946,6,7,1,0,0,0,0,0,0,0,0,0,0,0,0,0,2,0,0,0,0,0,0,1,1,0,0,1,0,1,1,1,1,1,0,0,0,1,19,11,1,11,8,1,9,11,20,0,0,0,0,4,6,0,1,4,5,5,0,56,28,1,0,0,0.925931573,0,29.98270226,4267.290039,0,https://www.fifa.com/en/tournaments/mens/worldcup/canadamexicousa2026/statistics/player-statistics
486130,Habib DIARRA,H. DIARRA,Midfielder,MF,3/01/2004,22,Younger,21,3,168.6,56.2,2,0,3,1,66.70%,54,52,96.30%,2,1.07,2,1.07,0.54,3.68x,TRUE,TRUE,TRUE,TRUE,TRUE,FALSE,TRUE,FALSE,TRUE,0,0,0,0,1,0,0,1,0,1,2,1,2,1,0,3,0,4.919467211,1,0,0,1,0,73,14,0,0,2493.699921,528.6500015,7791.629639,1132.400024,6287.97998,26,35,12,0,0,0,0,0,0,0,0,2,0,0,0,0,14,0,0,1,1,1,1,11,2,1,1,2,0,11,9,9,11,10,0,0,0,7,133,53,6,36,19,13,52,16,68,0,0,0,0,18,15,1,4,29,31,33,0,221,92,1,2,0,2.435047835,0,33.33651352,18234.36011,0,https://www.fifa.com/en/tournaments/mens/worldcup/canadamexicousa2026/statistics/player-statistics
369304,Hakan CALHANOGLU,ÇALHANOĞLU,Midfielder,MF,8/02/1994,32,Older,10,2,208.8,104.4,0,0,11,2,0.00%,190,171,90.00%,2,0.86,1,0.43,0.4,0.00x,TRUE,TRUE,TRUE,TRUE,TRUE,FALSE,TRUE,FALSE,TRUE,0,5,0,0,0,1,4,6,0,0,2,0,4,9,2,5,7,4.594814459,5,6,8,10,1,28,5,6,0,4010.5802,190.1600113,11371.46973,931.4499512,7500.379883,85,109,11,6,0,0,0,0,0,0,0,0,0,0,0,0,61,1,3,11,9,7,7,48,5,3,0,0,4,45,36,32,37,34,1,1,2,24,420,156,32,8,27,44,53,26,79,0,0,0,0,36,9,2,2,52,145,54,0,319,72,0,0,0,0.642255694,0,30.13513756,24004.04004,0,https://www.fifa.com/en/tournaments/mens/worldcup/canadamexicousa2026/statistics/player-statistics
429095,HAMDY FATHY,H. FATHY,Midfielder,MF,29/09/1994,31,Older,14,4,260.8,65.2,0,0,0,0,,130,119,91.50%,3,1.04,2,0.69,0,,TRUE,FALSE,TRUE,TRUE,TRUE,FALSE,TRUE,FALSE,TRUE,0,0,0,0,0,0,0,0,0,0,0,0,0,0,0,1,3,4.956322002,0,3,0,1,0,82,18,4,0,3967.129944,381.9499664,11856.46985,1203.980026,9668.449829,39,47,6,4,0,0,0,0,0,0,0,0,0,0,0,0,28,2,2,16,12,10,12,17,3,0,0,1,0,9,5,3,5,12,0,2,0,9,274,92,5,5,10,40,22,33,55,1,0,0,0,27,9,0,1,32,96,33,0,328,96,1,3,0,0.973599449,0,31.42124748,27077.97974,1,https://www.fifa.com/en/tournaments/mens/worldcup/canadamexicousa2026/statistics/player-statistics
433378,Hannibal MEJBRI,HANNIBAL,Midfielder,MF,21/01/2003,23,Younger,10,3,298.7,99.6,0,2,3,1,0.00%,123,94,76.40%,4,1.21,15,4.52,0.06,0.00x,TRUE,TRUE,TRUE,TRUE,TRUE,FALSE,TRUE,FALSE,TRUE,0,0,0,0,0,1,1,1,0,0,0,0,2,3,1,11,7,6.271551609,6,5,4,9,3,125,17,7,0,4090.299927,486.2099762,13658.16064,1360.029999,11626.39014,68,103,19,7,0,0,0,0,0,0,0,0,0,0,0,0,74,7,7,19,10,4,5,46,11,6,2,3,1,44,30,23,29,54,3,3,1,34,289,129,10,25,93,32,73,77,150,0,0,0,0,55,30,3,6,69,70,75,0,368,102,0,0,2,0.978417799,3,31.68494987,31221.08984,0,https://www.fifa.com/en/tournaments/mens/worldcup/canadamexicousa2026/statistics/player-statistics
448343,Hans VANAKEN,VANAKEN,Midfielder,MF,24/08/1992,33,Older,20,6,362.3,60.4,1,2,5,1,20.00%,164,153,93.30%,0,0,6,1.49,0.64,1.56x,TRUE,TRUE,TRUE,TRUE,TRUE,FALSE,TRUE,FALSE,TRUE,0,1,0,0,2,0,1,1,0,1,4,0,3,1,1,3,2,7.104005575,3,2,0,3,0,145,8,4,0,6887.769867,511.9699726,18878.11993,2250.979954,14073.74008,94,110,12,5,0,0,0,0,0,0,0,0,1,0,1,0,32,1,1,9,7,7,7,24,2,1,1,1,0,21,16,16,19,18,0,0,0,12,362,143,22,20,90,46,111,45,156,0,0,0,0,51,46,2,8,69,101,77,0,586,159,3,2,1,4.423398882,0,30.64732552,42602.58008,0,https://www.fifa.com/en/tournaments/mens/worldcup/canadamexicousa2026/statistics/player-statistics
477849,HELIO VARELA,HÉLIO,Midfielder,MF,3/05/2002,24,Younger,26,3,130.2,43.4,1,0,3,1,33.30%,29,27,93.10%,1,0.69,2,1.38,0.26,3.91x,TRUE,TRUE,FALSE,TRUE,TRUE,FALSE,TRUE,FALSE,FALSE,0,0,1,0,0,0,1,1,0,0,0,0,2,3,1,9,0,4.81329,3,0,0,1,0,39,2,0,0,2035.130005,479.2999878,5994.799927,786.1600494,4551.959961,18,31,5,0,0,0,0,0,0,0,0,0,1,0,0,0,5,0,0,1,1,1,1,4,3,3,3,3,0,1,0,0,1,4,0,0,0,3,77,36,7,20,12,2,9,25,34,1,0,0,0,10,24,2,0,17,26,17,0,179,68,3,0,2,2.012486309,1,32.28842926,13847.34985,0,https://www.fifa.com/en/tournaments/mens/worldcup/canadamexicousa2026/statistics/player-statistics
441350,Hicham BOUDAOUI,BOUDAOUI,Midfielder,MF,23/09/1999,26,Younger,14,3,143.2,47.7,0,0,0,0,,86,83,96.50%,4,2.51,1,0.63,0,,TRUE,FALSE,TRUE,TRUE,TRUE,FALSE,TRUE,FALSE,TRUE,0,0,0,0,0,0,0,0,0,0,0,0,0,0,0,2,1,5.548300147,2,1,0,0,0,54,8,0,0,2984.180054,231.1300163,8362.72998,1167.949951,4727.10968,51,53,6,0,0,0,0,0,0,0,0,0,0,0,0,0,27,4,0,7,6,3,3,23,4,3,0,0,0,16,14,11,12,18,3,0,0,17,186,71,6,17,24,30,32,39,71,0,0,0,0,21,5,1,3,26,59,29,0,248,79,1,2,1,0.868442133,0,29.79990005,17473.09961,1,https://www.fifa.com/en/tournaments/mens/worldcup/canadamexicousa2026/statistics/player-statistics
430698,Houssem Aouar,AOUAR,Midfielder,MF,30/06/1998,27,Younger,8,3,191.9,64,0,2,3,1,0.00%,84,79,94.00%,1,0.47,2,0.94,0.24,0.00x,TRUE,TRUE,TRUE,TRUE,TRUE,FALSE,TRUE,FALSE,TRUE,0,0,0,0,1,0,0,2,0,0,1,0,1,2,1,6,0,5.032886386,4,0,0,1,1,61,7,0,0,3017.229919,204.9500008,9432.830444,1067.059982,7414.859985,55,67,8,0,0,0,0,0,0,0,0,0,0,0,0,0,13,0,0,0,0,0,0,13,3,3,3,3,0,10,10,10,10,9,0,0,0,9,185,68,9,43,46,17,62,44,106,0,0,0,0,31,29,4,5,50,41,55,0,253,83,1,2,1,4.637561679,3,31.52810287,21136.93091,0,https://www.fifa.com/en/tournaments/mens/worldcup/canadamexicousa2026/statistics/player-statistics
506775,Hugo SOCHUREK,SOCHŮREK,Midfielder,MF,7/06/2008,18,Younger,25,0,0,,0,0,0,0,,0,0,,0,,0,,0,,FALSE,FALSE,FALSE,FALSE,TRUE,FALSE,FALSE,FALSE,FALSE,0,0,0,0,0,0,0,0,0,0,0,0,0,0,0,0,0,0,0,0,0,0,0,0,0,0,0,0,0,0,0,0,0,0,0,0,0,0,0,0,0,0,0,0,0,0,0,0,0,0,0,0,0,0,0,0,0,0,0,0,0,0,0,0,0,0,0,0,0,0,0,0,0,0,0,0,0,0,0,0,0,0,0,0,0,0,0,0,0,0,0,0,0,0,0,0,0,0,0,0,0,https://www.fifa.com/en/tournaments/mens/worldcup/canadamexicousa2026/statistics/player-statistics
395083,HWANG Heechan,HEECHAN,Midfielder,MF,26/01/1996,30,Older,11,3,123.2,41.1,0,0,1,0,0.00%,47,40,85.10%,1,0.73,2,1.46,0.01,0.00x,TRUE,FALSE,FALSE,TRUE,TRUE,FALSE,TRUE,FALSE,FALSE,0,0,0,0,0,0,0,1,0,0,0,0,1,1,0,7,1,6.27172025,3,1,0,1,0,25,3,0,0,1647.030029,288.7999878,5323.440063,742.789978,4923.569946,31,44,3,0,0,0,0,0,0,0,0,0,0,0,0,0,10,0,0,0,0,0,0,7,3,3,3,3,0,7,4,4,7,6,0,0,0,4,105,44,7,15,28,14,28,29,57,0,0,0,0,27,18,1,1,28,26,29,0,144,62,2,1,2,2.437230349,1,30.05178452,12925.62988,0,https://www.fifa.com/en/tournaments/mens/worldcup/canadamexicousa2026/statistics/player-statistics
395084,HWANG Inbeom,INBEOM,Midfielder,MF,20/09/1996,29,Older,6,3,287,95.7,1,1,4,2,25.00%,218,193,88.50%,1,0.31,1,0.31,0.37,2.74x,TRUE,TRUE,TRUE,TRUE,TRUE,FALSE,TRUE,FALSE,TRUE,0,1,0,0,0,0,1,3,0,0,2,2,1,2,0,3,2,6.781483809,1,2,0,3,2,62,10,6,0,4235.310059,308.8899994,16509.47021,1271.939941,10162.43042,88,114,20,6,0,0,0,0,0,0,0,1,0,0,0,0,57,2,3,15,10,9,10,43,5,4,0,0,3,37,29,25,29,37,1,0,3,24,459,145,14,12,64,101,135,42,177,0,0,0,0,89,11,3,2,66,152,68,0,372,97,0,1,1,0.517106347,2,30.60438728,32488.04004,0,https://www.fifa.com/en/tournaments/mens/worldcup/canadamexicousa2026/statistics/player-statistics
433585,IBRAHIM BAYESH,IBRAHIM,Midfielder,MF,1/05/2000,26,Younger,8,3,259.7,86.6,0,0,1,0,0.00%,48,40,83.30%,3,1.04,5,1.73,0.45,0.00x,TRUE,FALSE,FALSE,TRUE,TRUE,FALSE,TRUE,FALSE,FALSE,0,0,0,0,0,0,1,0,0,0,1,0,1,0,0,14,0,6.373985291,8,0,0,1,0,120,14,0,0,3930.429932,492.3899841,11082.51953,1351.04007,10729.68994,32,47,14,0,0,0,0,0,0,0,0,0,0,0,0,0,17,1,1,4,1,1,2,7,3,1,1,2,0,10,5,5,8,13,0,0,0,4,128,65,3,50,35,5,42,48,90,0,0,0,0,16,24,2,11,31,25,42,0,331,112,0,2,6,1.85236913,1,31.88771629,27586.06982,0,https://www.fifa.com/en/tournaments/mens/worldcup/canadamexicousa2026/statistics/player-statistics
494291,Ibrahim MAZA,MAZA,Midfielder,MF,24/11/2005,20,Younger,22,4,389.4,97.3,0,0,11,3,0.00%,141,111,78.70%,1,0.23,5,1.16,1.06,0.00x,TRUE,TRUE,TRUE,TRUE,TRUE,FALSE,TRUE,FALSE,TRUE,0,3,2,0,0,0,1,7,0,0,7,2,5,4,1,26,1,6.852484584,17,1,0,1,0,153,14,0,0,6088.310059,439.1000137,20872.20996,1874.660004,15187.16016,97,147,25,0,0,0,0,0,0,0,0,0,0,1,0,0,55,6,0,10,5,2,4,32,13,6,2,6,1,32,21,17,25,47,3,0,1,26,342,164,22,39,122,51,153,59,212,0,0,0,0,69,59,4,14,122,45,136,0,524,152,0,1,12,4.392930686,2,32.71076202,44461.43945,0,https://www.fifa.com/en/tournaments/mens/worldcup/canadamexicousa2026/statistics/player-statistics
431209,IBRAHIM SADEH,SA'DEH,Midfielder,MF,27/04/2000,26,Younger,15,0,0,,0,0,0,0,,0,0,,0,,0,,0,,FALSE,FALSE,FALSE,FALSE,TRUE,FALSE,FALSE,FALSE,FALSE,0,0,0,0,0,0,0,0,0,0,0,0,0,0,0,0,0,0,0,0,0,0,0,0,0,0,0,0,0,0,0,0,0,0,0,0,0,0,0,0,0,0,0,0,0,0,0,0,0,0,0,0,0,0,0,0,0,0,0,0,0,0,0,0,0,0,0,0,0,0,0,0,0,0,0,0,0,0,0,0,0,0,0,0,0,0,0,0,0,0,0,0,0,0,0,0,0,0,0,0,0,https://www.fifa.com/en/tournaments/mens/worldcup/canadamexicousa2026/statistics/player-statistics
430831,Ibrahim SANGARE,SANGARE,Midfielder,MF,2/12/1997,28,Older,18,4,305.3,76.3,0,1,1,0,0.00%,190,172,90.50%,2,0.59,4,1.18,0,0.00x,TRUE,FALSE,TRUE,TRUE,TRUE,FALSE,TRUE,FALSE,TRUE,0,0,0,0,0,0,1,0,0,0,0,0,1,1,0,5,1,6.633652806,4,1,0,1,0,114,29,10,0,4351.220032,347.8700142,14753.28906,1483.759949,12745.82037,77,97,23,10,0,0,0,0,0,0,0,0,0,0,0,0,55,2,0,15,10,9,13,42,4,2,1,1,1,36,30,29,33,35,1,0,0,27,391,134,8,2,20,32,38,16,54,0,0,0,0,26,9,0,5,73,107,78,0,387,110,1,1,0,0.487531839,1,31.88450623,33681.96094,0,https://www.fifa.com/en/tournaments/mens/worldcup/canadamexicousa2026/statistics/player-statistics
332314,Idrissa Gana GUEYE,GANA,Midfielder,MF,26/09/1989,36,Older,5,4,411,102.8,0,0,5,1,0.00%,270,243,90.00%,2,0.44,2,0.44,0.12,0.00x,TRUE,TRUE,TRUE,TRUE,TRUE,FALSE,TRUE,FALSE,TRUE,0,1,0,0,0,0,2,2,0,0,0,0,3,5,1,5,5,5.810123563,5,5,0,1,0,91,23,6,0,5201.050049,433.4899864,18430.88086,1988.600006,13768.13037,111,132,24,6,0,0,0,0,0,0,0,0,0,0,0,0,94,4,5,29,23,18,20,74,8,5,0,1,3,57,46,39,45,39,3,2,2,28,578,205,25,6,54,82,103,39,142,0,0,0,0,69,11,2,7,79,190,86,0,449,140,0,2,0,0.327449612,1,29.8543911,39822.15137,0,https://www.fifa.com/en/tournaments/mens/worldcup/canadamexicousa2026/statistics/player-statistics
372342,Ismael DIAZ,ISMAEL,Midfielder,MF,12/05/1997,29,Older,10,2,52.8,26.4,0,0,6,2,0.00%,15,13,86.70%,0,0,0,0,0.39,0.00x,TRUE,TRUE,FALSE,FALSE,TRUE,FALSE,FALSE,FALSE,FALSE,0,0,0,0,1,0,2,3,0,0,4,1,4,2,1,2,0,4.669669151,1,0,0,0,0,20,1,0,0,1054.619934,166.8000031,2483.969971,399.2099915,2054.520081,7,14,3,0,0,0,0,0,0,0,0,0,0,2,0,0,5,0,0,0,0,0,0,5,0,0,0,0,0,5,5,5,5,3,0,0,0,3,48,25,7,8,13,0,13,8,21,2,0,0,0,7,11,1,2,9,14,11,0,83,37,2,0,1,2.110155165,0,31.79250336,6159.119873,0,https://www.fifa.com/en/tournaments/mens/worldcup/canadamexicousa2026/statistics/player-statistics
464484,Ismael GHARBI,GHARBI,Midfielder,MF,10/04/2004,22,Younger,11,3,142.1,47.4,0,0,3,0,0.00%,36,35,97.20%,0,0,2,1.27,0.26,0.00x,TRUE,TRUE,FALSE,TRUE,TRUE,FALSE,TRUE,FALSE,FALSE,0,1,1,0,1,0,0,0,0,0,2,0,2,1,0,5,0,6.440303485,1,0,1,1,0,62,9,4,0,2206.169983,368.6399994,7238.550049,900.4599915,5040.029785,20,27,3,4,0,0,0,0,0,0,0,0,0,0,0,0,3,0,0,0,0,0,0,2,0,0,0,0,0,3,2,2,3,1,0,0,0,1,84,48,5,12,36,12,36,24,60,0,0,0,0,16,14,0,1,20,20,21,0,185,65,2,1,1,0.740883157,3,31.01346207,15753.84875,0,https://www.fifa.com/en/tournaments/mens/worldcup/canadamexicousa2026/statistics/player-statistics
441258,Ismael KONE,KONÉ,Midfielder,MF,16/06/2002,23,Younger,8,2,160.9,80.5,0,0,2,0,0.00%,108,93,86.10%,1,0.56,3,1.68,0.04,0.00x,TRUE,FALSE,TRUE,TRUE,TRUE,FALSE,TRUE,FALSE,TRUE,0,2,0,0,0,0,0,1,0,0,1,0,0,1,0,4,0,2.514708233,3,0,0,2,0,25,5,4,0,2287.369812,172.8999901,7759.31958,750.4200745,6005.02002,41,57,8,4,0,0,0,0,0,0,0,0,0,0,0,0,38,0,5,7,5,2,2,28,0,0,0,0,0,31,23,20,26,20,0,3,0,12,238,89,8,3,24,25,36,16,52,0,0,0,0,18,14,0,3,35,82,38,0,198,44,0,1,2,0.778281555,0,28.48234749,16975.02979,0,https://www.fifa.com/en/tournaments/mens/worldcup/canadamexicousa2026/statistics/player-statistics
448598,Ismael SAIBARI,SAIBARI,Midfielder,MF,28/01/2001,25,Younger,11,5,411.8,82.4,3,0,10,3,30.00%,95,80,84.20%,8,1.75,3,0.66,1.01,2.97x,TRUE,TRUE,TRUE,TRUE,TRUE,FALSE,TRUE,FALSE,TRUE,0,3,0,0,4,0,0,6,0,0,7,2,4,3,1,11,1,5.535517931,6,1,0,7,2,181,17,0,0,7164.600128,1808.179871,18488.46008,3977.629898,13777.98987,74,110,32,0,0,0,0,0,0,0,0,2,1,1,0,0,19,3,0,3,2,0,0,15,8,6,4,5,0,8,7,5,5,16,2,0,0,12,246,109,15,151,117,30,182,116,298,3,0,0,0,65,67,9,13,81,35,94,0,615,315,0,4,4,9.693505049,0,33.66965103,45216.86133,0,https://www.fifa.com/en/tournaments/mens/worldcup/canadamexicousa2026/statistics/player-statistics
484092,Ismail YUKSEK,İSMAİL,Midfielder,MF,26/01/1999,27,Younger,16,2,153.5,76.7,0,0,5,0,0.00%,111,104,93.70%,2,1.17,0,0,0.32,0.00x,TRUE,TRUE,TRUE,TRUE,TRUE,FALSE,TRUE,FALSE,TRUE,0,0,1,1,0,0,1,2,0,0,3,0,5,2,0,5,2,4.432943026,5,2,0,1,0,34,13,1,0,1884.690002,265.6399918,7478.430176,604.5100098,6692.709961,43,57,16,2,0,0,0,0,0,0,0,0,0,1,1,0,27,0,0,12,10,10,12,21,2,1,0,0,2,13,10,9,11,16,0,0,1,12,249,103,19,7,11,30,35,13,48,0,0,0,0,23,4,2,6,27,85,33,0,156,43,0,2,3,0.887057185,1,32.27121353,16925.97998,0,https://www.fifa.com/en/tournaments/mens/worldcup/canadamexicousa2026/statistics/player-statistics
482974,Ivan BASIC,BAŠIĆ,Midfielder,MF,30/04/2002,24,Younger,13,3,200.8,66.9,0,1,4,0,0.00%,104,96,92.30%,2,0.9,3,1.34,0.15,0.00x,TRUE,TRUE,TRUE,TRUE,TRUE,FALSE,TRUE,FALSE,TRUE,0,1,1,0,0,0,1,2,0,0,0,0,3,4,0,3,3,4.872406244,3,3,5,12,7,39,8,8,0,3281.390137,225.6200066,10731.03027,876.9899902,6938.590393,54,67,5,8,0,0,0,0,0,0,0,0,0,0,0,0,35,1,2,8,8,5,5,29,2,1,0,0,1,25,20,17,21,17,1,2,0,14,234,90,14,2,22,53,58,19,77,0,0,0,0,41,7,0,1,36,71,37,0,270,63,1,1,2,0.153029742,0,31.24757195,22053.62085,0,https://www.fifa.com/en/tournaments/mens/worldcup/canadamexicousa2026/statistics/player-statistics
372436,Ivan SUNJIC,ŠUNJIĆ,Midfielder,MF,9/10/1996,29,Older,14,4,221.4,55.3,0,0,1,1,0.00%,102,88,86.30%,7,2.85,0,0,0.09,0.00x,TRUE,FALSE,TRUE,TRUE,TRUE,FALSE,TRUE,FALSE,TRUE,0,0,0,0,0,0,0,1,0,0,0,0,0,1,1,1,1,7.03100419,1,0,0,1,0,78,21,1,0,4505.919891,205.8800001,12092.29016,1527.129921,7774.329834,51,64,20,1,0,0,0,0,0,0,0,0,0,0,0,0,33,1,2,13,10,9,10,22,2,0,0,0,1,18,12,11,14,25,0,1,0,17,221,83,6,0,13,44,41,16,57,0,0,0,0,19,5,0,1,40,64,41,0,401,113,1,3,0,0.160057797,0,31.19464111,26105.55005,0,https://www.fifa.com/en/tournaments/mens/worldcup/canadamexicousa2026/statistics/player-statistics
355775,Jackson IRVINE,IRVINE,Midfielder,MF,7/03/1993,33,Older,22,4,255.1,63.8,0,0,3,1,0.00%,124,103,83.10%,3,1.06,3,1.06,0.21,0.00x,TRUE,TRUE,TRUE,TRUE,TRUE,FALSE,TRUE,FALSE,TRUE,0,0,0,1,1,0,1,0,0,0,3,1,1,0,0,4,2,7.468309164,3,2,0,2,1,80,11,1,0,5882.439941,353.090004,14632.35016,1719.410095,8895.860107,73,95,7,1,0,0,0,0,0,0,0,0,0,1,0,0,38,1,4,13,9,8,8,21,2,0,0,1,0,23,12,11,18,28,0,1,0,13,279,113,10,19,43,38,69,31,100,0,0,0,0,34,25,2,4,63,68,67,0,495,125,2,1,1,1.591385193,0,29.89175797,31483.15063,1,https://www.fifa.com/en/tournaments/mens/worldcup/canadamexicousa2026/statistics/player-statistics
448411,Jacob SHAFFELBURG,SHAFFELBURG,Midfielder,MF,26/11/1999,26,Younger,14,5,126.1,25.2,0,0,3,0,0.00%,41,37,90.20%,2,1.43,1,0.71,0.09,0.00x,TRUE,TRUE,FALSE,TRUE,TRUE,FALSE,TRUE,FALSE,FALSE,0,0,0,0,0,0,3,0,0,0,2,0,3,1,0,4,0,7.629818153,1,0,0,19,3,22,6,0,0,2575.189941,625.2499847,6133.430176,1434.800018,5057.859985,18,41,5,0,0,0,0,0,0,0,0,0,0,0,0,0,23,1,1,2,1,0,0,14,6,3,1,2,3,15,10,7,10,18,0,1,2,10,137,70,13,30,23,9,12,50,62,0,0,0,0,23,25,6,1,24,44,25,0,202,106,5,0,0,3.877224267,3,34.24699402,15826.53015,0,https://www.fifa.com/en/tournaments/mens/worldcup/canadamexicousa2026/statistics/player-statistics
429642,Jamal MUSIALA,MUSIALA,Midfielder,MF,26/02/2003,23,Younger,10,4,305.8,76.5,1,0,6,1,16.70%,104,86,82.70%,5,1.47,11,3.24,0.34,2.92x,TRUE,TRUE,TRUE,TRUE,TRUE,FALSE,TRUE,FALSE,TRUE,0,2,1,0,0,0,1,4,0,0,4,1,2,2,0,24,0,6.605733275,13,0,0,8,0,107,19,0,0,4875.219971,631.4400024,14592.23999,1818.949982,11628.66064,87,131,13,0,0,0,0,0,0,0,0,1,0,0,0,0,29,3,0,3,2,0,0,23,9,6,4,6,0,17,15,13,14,28,2,0,0,22,288,147,15,32,113,35,121,59,180,0,0,0,0,73,65,6,15,116,29,131,0,412,140,1,2,10,5.284891963,2,32.3467598,33546.51025,1,https://www.fifa.com/en/tournaments/mens/worldcup/canadamexicousa2026/statistics/player-statistics
269058,James RODRIGUEZ,JAMES,Midfielder,MF,12/07/1991,34,Older,10,5,338.7,67.7,0,0,6,3,0.00%,237,199,84.00%,0,0,5,1.33,0.24,0.00x,TRUE,TRUE,TRUE,TRUE,TRUE,FALSE,TRUE,FALSE,TRUE,0,2,0,0,1,0,2,3,0,0,2,0,1,4,3,3,9,5.95355711,2,6,11,17,5,146,8,16,0,3923.949951,38.54999924,14375.77954,702.7099762,14622.09009,106,142,7,16,0,0,0,0,0,0,0,0,0,0,0,0,97,7,3,19,14,9,9,69,14,7,1,1,6,64,48,41,48,41,4,1,2,28,509,179,23,24,84,49,75,82,157,0,0,0,0,76,52,3,2,74,168,76,0,357,56,0,5,2,4.271514297,3,26.81362152,33663.08057,0,https://www.fifa.com/en/tournaments/mens/worldcup/canadamexicousa2026/statistics/player-statistics
491218,Jamie LEWELING,LEWELING,Midfielder,MF,26/02/2001,25,Younger,9,1,37.6,37.6,0,0,1,0,0.00%,14,11,78.60%,0,0,0,0,0.08,0.00x,TRUE,FALSE,FALSE,FALSE,TRUE,FALSE,FALSE,FALSE,FALSE,0,0,0,0,0,0,0,1,0,0,0,0,1,1,0,2,0,1.705165148,1,0,0,3,0,15,4,0,0,658.6500244,174.3200073,1611.640015,258.9700012,1572.430054,5,13,2,0,0,0,0,0,0,0,0,0,0,0,0,0,3,0,0,0,0,0,0,1,1,0,0,1,0,2,1,1,2,2,0,0,0,0,36,16,2,7,4,0,2,9,11,0,0,0,0,5,7,2,0,8,10,8,0,55,20,1,0,0,0.664422154,1,31.22451973,4276.010254,0,https://www.fifa.com/en/tournaments/mens/worldcup/canadamexicousa2026/statistics/player-statistics
401894,JAMIRO MONTEIRO,MONTEIRO,Midfielder,MF,23/11/1993,32,Older,10,4,314.9,78.7,0,0,5,1,0.00%,106,87,82.10%,4,1.14,2,0.57,0.19,0.00x,TRUE,TRUE,TRUE,TRUE,TRUE,FALSE,TRUE,FALSE,TRUE,0,2,0,1,1,1,0,2,0,0,2,1,1,3,0,7,0,6.174851298,0,0,4,6,2,110,23,4,0,3714.929993,389.3299942,14740.09961,1479.519989,12157.27051,52,80,12,4,0,0,0,0,0,0,0,0,0,0,0,0,21,0,2,4,2,2,2,8,3,1,1,3,0,14,5,5,12,13,0,0,0,2,259,117,11,12,73,20,69,36,105,0,0,0,0,40,17,0,12,53,60,65,0,339,109,1,3,0,0.803690929,1,30.84049034,32481.14941,0,https://www.fifa.com/en/tournaments/mens/worldcup/canadamexicousa2026/statistics/player-statistics
368545,Jamshid ISKANDEROV,ISKANDEROV,Midfielder,MF,16/10/1993,32,Older,8,1,16.9,16.9,0,0,0,0,,17,11,64.70%,0,0,0,0,0,,TRUE,FALSE,FALSE,FALSE,TRUE,FALSE,FALSE,FALSE,FALSE,0,0,0,0,0,0,0,0,0,0,0,0,0,0,0,0,0,2.549623013,0,0,1,1,0,4,0,0,0,412.9100037,19.77000046,1091.109985,106.7799911,518.3599243,5,9,0,0,0,0,0,0,0,0,0,0,0,0,0,0,9,2,0,2,1,0,0,4,2,1,0,0,0,5,2,1,3,5,1,0,0,3,35,16,0,1,6,5,4,8,12,0,0,0,0,4,5,0,0,6,9,6,0,34,8,1,0,0,0.321819425,3,28.38627434,2148.929932,0,https://www.fifa.com/en/tournaments/mens/worldcup/canadamexicousa2026/statistics/player-statistics
463236,Jayden ADAMS,ADAMS,Midfielder,MF,5/05/2001,25,Younger,23,3,130.4,43.5,0,0,0,0,,44,40,90.90%,0,0,0,0,0,,TRUE,FALSE,FALSE,TRUE,TRUE,FALSE,TRUE,FALSE,FALSE,0,0,0,0,0,0,0,0,0,0,0,0,0,0,0,0,2,5.269137263,0,2,0,0,0,43,2,2,0,2084.620026,114.2899981,6283.030029,719.0500183,5294.720459,26,29,2,2,0,0,0,0,0,0,0,0,0,0,0,0,16,2,0,3,2,1,1,10,2,1,0,0,0,11,7,6,9,9,1,0,0,6,92,42,4,10,19,11,31,9,40,0,0,0,0,11,11,0,0,20,21,20,0,181,57,1,2,0,0.948685884,1,28.57679749,14495.71069,0,https://www.fifa.com/en/tournaments/mens/worldcup/canadamexicousa2026/statistics/player-statistics
335807,Jean Michael SERI,SERI,Midfielder,MF,19/07/1991,34,Older,4,1,19.4,19.4,0,0,0,0,,17,16,94.10%,0,0,0,0,0,,TRUE,FALSE,FALSE,FALSE,TRUE,FALSE,FALSE,FALSE,FALSE,0,0,0,0,0,0,0,0,0,0,0,0,0,0,0,0,0,1.76841712,0,0,2,3,0,5,1,0,0,314.4200134,26.67000008,1194.47998,97.62999725,648.1699829,12,14,0,0,0,0,0,0,0,0,0,0,0,0,0,0,10,2,0,2,1,0,0,7,2,1,0,0,0,6,5,4,4,10,1,0,0,7,42,16,1,0,6,5,8,3,11,0,0,0,0,5,2,0,0,8,10,8,0,28,7,1,0,0,0.026167123,0,27.23104858,2281.369873,0,https://www.fifa.com/en/tournaments/mens/worldcup/canadamexicousa2026/statistics/player-statistics
430697,Jean-Ricner Bellegarde,BELLEGARDE,Midfielder,MF,27/06/1998,27,Younger,10,3,292.5,97.5,0,0,6,0,0.00%,130,112,86.20%,4,1.23,5,1.54,0.29,0.00x,TRUE,TRUE,TRUE,TRUE,TRUE,FALSE,TRUE,FALSE,TRUE,0,3,0,1,0,2,0,3,0,0,1,0,3,5,0,9,4,6.636024952,6,4,5,12,3,89,17,15,0,5145.460083,276.7499924,14815.9502,1332.98996,10798.87012,54,79,13,17,0,0,0,0,0,0,0,0,0,1,2,0,58,4,4,13,10,5,5,38,5,3,0,0,1,40,25,20,31,37,3,2,0,27,299,135,14,8,53,48,82,27,109,0,0,0,0,45,17,0,5,53,83,58,0,431,112,0,1,1,0.368496485,0,34.21611404,32370.02051,1,https://www.fifa.com/en/tournaments/mens/worldcup/canadamexicousa2026/statistics/player-statistics
395550,Jefferson LERMA,J. LERMA,Midfielder,MF,25/10/1994,31,Older,16,5,459.2,91.8,0,0,5,1,0.00%,274,242,88.30%,6,1.18,5,0.98,0.24,0.00x,TRUE,TRUE,TRUE,TRUE,TRUE,FALSE,TRUE,FALSE,TRUE,0,0,0,0,0,0,3,2,0,0,2,0,2,3,1,6,1,6.506304264,6,1,0,2,1,77,8,4,0,8326.989868,467.3699951,22340.43042,2263.570007,16143.29053,100,135,13,4,0,0,0,0,0,0,0,0,0,0,0,0,65,2,4,28,24,22,22,51,2,0,0,0,0,35,27,25,29,36,0,2,0,23,592,211,23,3,44,124,145,26,171,0,0,0,0,71,14,1,10,80,196,90,0,713,170,0,2,1,0.307406262,0,32.49641037,49541.64941,1,https://www.fifa.com/en/tournaments/mens/worldcup/canadamexicousa2026/statistics/player-statistics
419654,Jens Petter HAUGE,HAUGE,Midfielder,MF,12/10/1999,26,Younger,23,1,12.3,12.3,0,0,0,0,,3,2,66.70%,0,0,0,0,0,,TRUE,FALSE,FALSE,FALSE,TRUE,FALSE,FALSE,FALSE,FALSE,0,0,0,0,0,0,0,0,0,0,0,0,0,0,0,0,0,1.388162136,0,0,0,0,0,11,2,0,0,349.5400391,47.29000092,754.0999756,153.1600037,414.5700073,1,2,0,0,0,0,0,0,0,0,0,0,0,0,0,0,2,0,0,0,0,0,0,1,0,0,0,0,0,2,1,1,2,1,0,0,0,0,7,3,0,0,2,1,2,1,3,0,0,0,0,0,0,0,0,0,4,0,0,26,14,1,0,0,0.515191317,0,29.23077393,1718.659912,0,https://www.fifa.com/en/tournaments/mens/worldcup/canadamexicousa2026/statistics/player-statistics
441135,Jesper KARLSTROM,KARLSTRÖM,Midfielder,MF,21/06/1995,30,Older,16,2,147.3,73.7,0,0,1,0,0.00%,37,31,83.80%,3,1.83,0,0,0.05,0.00x,TRUE,FALSE,FALSE,TRUE,TRUE,FALSE,TRUE,FALSE,FALSE,0,0,0,0,0,0,0,1,0,0,1,0,0,0,0,2,0,3.438065171,2,0,0,0,0,38,7,2,0,2284.929993,146.8199959,8501.100342,625.5100098,5288.620361,22,28,7,2,0,0,0,0,0,0,0,0,0,0,0,0,12,1,0,4,3,3,3,8,2,1,1,1,0,6,4,4,5,11,0,0,0,8,79,32,4,2,22,39,41,22,63,0,0,0,0,11,4,0,1,19,17,20,0,199,48,0,2,1,0.119891819,0,31.33850288,16846.97949,0,https://www.fifa.com/en/tournaments/mens/worldcup/canadamexicousa2026/statistics/player-statistics
470760,Jhon ARIAS,J. ARIAS,Midfielder,MF,21/09/1997,28,Older,11,5,405.9,81.2,1,0,9,4,11.10%,240,227,94.60%,5,1.11,2,0.44,0.94,1.07x,TRUE,TRUE,TRUE,TRUE,TRUE,FALSE,TRUE,FALSE,TRUE,0,2,0,0,2,0,0,6,0,1,7,3,2,2,1,21,3,5.934792519,16,3,4,6,1,107,27,8,0,4566.680054,849.1800156,14945.63013,1985.129944,17660.84009,150,184,33,8,0,0,0,0,0,0,0,1,0,0,0,0,57,2,1,13,13,10,10,50,7,5,2,3,2,37,32,28,32,34,2,1,1,29,530,198,27,35,80,52,92,75,167,0,0,0,0,71,54,2,10,105,142,115,0,410,159,0,5,6,2.643861741,2,31.23465538,40007.45947,1,https://www.fifa.com/en/tournaments/mens/worldcup/canadamexicousa2026/statistics/player-statistics
484141,JOAO NEVES,JOÃO NEVES,Midfielder,MF,27/09/2004,21,Younger,15,5,450.6,90.1,1,0,3,1,33.30%,261,247,94.60%,1,0.2,4,0.8,0.25,4.07x,TRUE,TRUE,TRUE,TRUE,TRUE,FALSE,TRUE,FALSE,TRUE,0,0,0,1,1,0,0,0,0,0,3,1,2,0,0,6,3,6.803007507,4,2,1,2,1,192,28,3,0,7227.459656,785.0000305,24476.88013,2787.659912,15859.79089,136,153,19,3,0,0,0,0,0,0,0,1,0,2,0,0,60,5,2,13,9,6,6,46,9,5,2,2,2,38,32,27,29,30,1,2,2,22,558,185,21,52,74,88,158,56,214,0,0,0,0,76,40,2,11,96,167,107,0,638,197,1,1,3,2.706410602,1,30.63674927,51136.79053,0,https://www.fifa.com/en/tournaments/mens/worldcup/canadamexicousa2026/statistics/player-statistics
477855,JOAO PAULO,JOÃO PAULO,Midfielder,MF,26/05/1998,28,Older,8,2,121.2,60.6,0,0,2,0,0.00%,62,52,83.90%,0,0,4,2.97,0.08,0.00x,TRUE,FALSE,TRUE,TRUE,TRUE,FALSE,TRUE,FALSE,TRUE,0,1,0,1,0,0,0,1,0,0,1,0,1,1,0,7,0,3.167488575,4,0,1,5,0,25,4,2,0,1479.51004,330.5500011,4965.609985,708.6199799,4937.400208,31,48,5,2,0,0,0,0,0,0,0,0,0,1,0,0,28,0,4,8,8,4,4,21,6,4,4,4,2,14,9,5,8,19,0,4,0,13,144,76,4,4,20,8,6,26,32,0,0,0,0,11,12,1,5,20,38,25,0,122,58,1,0,1,0.103813041,11,32.11404419,12421.69043,0,https://www.fifa.com/en/tournaments/mens/worldcup/canadamexicousa2026/statistics/player-statistics
439538,Joaquin PIQUEREZ,J. PIQUEREZ,Midfielder,MF,24/08/1998,27,Younger,22,0,0,,0,0,0,0,,0,0,,0,,0,,0,,FALSE,FALSE,FALSE,FALSE,TRUE,FALSE,FALSE,FALSE,FALSE,0,0,0,0,0,0,0,0,0,0,0,0,0,0,0,0,0,0,0,0,0,0,0,0,0,0,0,0,0,0,0,0,0,0,0,0,0,0,0,0,0,0,0,0,0,0,0,0,0,0,0,0,0,0,0,0,0,0,0,0,0,0,0,0,0,0,0,0,0,0,0,0,0,0,0,0,0,0,0,0,0,0,0,0,0,0,0,0,0,0,0,0,0,0,0,0,0,0,0,0,0,https://www.fifa.com/en/tournaments/mens/worldcup/canadamexicousa2026/statistics/player-statistics
390181,Joe BELL,BELL,Midfielder,MF,27/04/1999,27,Younger,6,3,275.5,91.8,0,0,1,0,0.00%,143,120,83.90%,3,0.98,0,0,0.01,0.00x,TRUE,FALSE,TRUE,TRUE,TRUE,FALSE,TRUE,FALSE,TRUE,0,1,0,0,0,0,0,1,0,0,0,0,0,1,0,2,1,7.041548252,2,1,0,0,0,98,22,4,0,5629.089966,388.1899948,14996.93994,1605.830017,9534.230225,58,75,27,4,0,0,0,0,0,0,0,0,0,0,0,0,31,0,2,13,8,8,11,22,0,0,0,0,0,18,14,14,16,18,0,0,0,11,309,125,9,0,49,45,69,25,94,0,0,0,0,47,8,0,5,42,99,47,0,472,112,0,1,2,0.170613248,1,28.71600533,32154.28027,0,https://www.fifa.com/en/tournaments/mens/worldcup/canadamexicousa2026/statistics/player-statistics
502727,Johan MANZAMBI,MANZAMBI,Midfielder,MF,14/10/2005,20,Younger,9,4,220.8,55.2,3,2,6,3,50.00%,54,43,79.60%,3,1.22,3,1.22,0.63,4.73x,TRUE,TRUE,TRUE,TRUE,TRUE,FALSE,TRUE,FALSE,TRUE,0,2,0,0,0,0,2,3,0,1,4,3,1,2,0,16,0,4.40016826,10,0,0,7,3,102,13,1,0,3847.970001,554.5300026,10123.64026,1388.369934,8466.000244,46,75,14,1,0,0,0,0,0,0,0,3,0,0,0,0,16,1,0,1,0,0,0,8,7,4,4,5,1,8,4,4,6,15,0,0,0,7,153,74,10,37,66,12,82,33,115,1,0,0,0,36,36,5,10,47,26,57,0,345,113,2,2,5,2.925550222,1,33.90464401,24380.51025,0,https://www.fifa.com/en/tournaments/mens/worldcup/canadamexicousa2026/statistics/player-statistics
401334,John McGinn,MCGINN,Midfielder,MF,18/10/1994,31,Older,7,3,277.7,92.6,1,0,3,1,33.30%,55,47,85.50%,2,0.65,11,3.57,0.56,1.78x,TRUE,TRUE,TRUE,TRUE,TRUE,FALSE,TRUE,FALSE,TRUE,0,0,0,0,1,0,0,1,0,1,3,1,2,0,0,11,1,6.15387694,5,0,4,9,5,89,3,0,0,3707.949951,320.1299915,11095.54004,1280.26001,12073.22974,34,54,5,0,0,0,0,0,0,0,0,1,0,0,0,0,31,4,3,8,5,1,1,22,7,4,2,3,0,16,13,9,9,18,2,2,0,12,161,85,9,11,39,2,25,27,52,0,0,0,0,17,35,2,13,28,42,41,0,331,98,0,3,1,2.152789474,0,30.89144516,28477.11035,0,https://www.fifa.com/en/tournaments/mens/worldcup/canadamexicousa2026/statistics/player-statistics
370986,Jonathan OSORIO,OSORIO,Midfielder,MF,12/06/1992,33,Older,21,2,18,9,0,0,1,0,0.00%,9,6,66.70%,0,0,1,5,0.04,0.00x,TRUE,FALSE,FALSE,FALSE,TRUE,FALSE,FALSE,FALSE,FALSE,0,1,0,0,0,0,0,1,0,0,1,0,0,0,0,1,0,2.815109253,1,0,0,0,0,3,1,0,0,395.7700043,80.04000854,784.9700317,129.340004,646.4099884,4,8,1,0,0,0,0,0,0,0,0,0,0,0,0,0,3,0,1,1,1,0,0,3,0,0,0,0,0,2,2,1,1,2,0,1,0,2,22,12,2,1,1,2,2,2,4,0,0,0,0,3,1,0,0,7,4,7,0,29,11,2,0,0,0.436775807,0,30.7115593,2036.530029,0,https://www.fifa.com/en/tournaments/mens/worldcup/canadamexicousa2026/statistics/player-statistics
356189,Jordan HENDERSON,HENDERSON,Midfielder,MF,17/06/1990,35,Older,14,1,12.2,12.2,0,0,0,0,,13,12,92.30%,0,0,1,7.37,0,,TRUE,FALSE,FALSE,FALSE,TRUE,FALSE,FALSE,FALSE,FALSE,0,0,0,0,0,0,0,0,0,0,0,0,0,0,0,0,0,1.094141483,0,0,1,1,0,4,0,0,0,579.3599854,13.44000053,693.2800293,108.2300034,396.3699951,4,5,0,1,0,0,0,0,0,0,0,0,0,0,1,0,3,0,0,0,0,0,0,3,0,0,0,0,0,3,3,3,3,1,0,0,0,1,27,9,1,1,4,17,20,2,22,0,0,0,0,10,0,1,1,4,8,5,0,35,6,1,0,0,0.086790465,0,28.29876709,1790.679932,1,https://www.fifa.com/en/tournaments/mens/worldcup/canadamexicousa2026/statistics/player-statistics
419005,Jordy ALCIVAR,ALCIVAR,Midfielder,MF,5/08/1999,26,Younger,5,1,49.4,49.4,0,0,1,0,0.00%,33,31,93.90%,1,1.82,0,0,0.04,0.00x,TRUE,FALSE,FALSE,FALSE,TRUE,FALSE,FALSE,FALSE,FALSE,0,0,0,0,0,0,0,1,0,0,1,0,1,0,0,0,0,1.536556125,0,0,0,1,0,12,7,0,0,660.460022,151.4299927,2129.719971,296.7399902,1827.089844,20,23,1,0,0,0,0,0,0,0,0,0,0,0,0,0,9,1,0,2,2,1,1,8,1,1,0,0,0,6,5,4,5,9,1,0,0,8,77,30,2,4,3,10,10,7,17,0,0,0,0,7,1,0,3,16,18,19,0,63,23,0,1,0,0.376675248,0,30.32645035,5065.439941,1,https://www.fifa.com/en/tournaments/mens/worldcup/canadamexicousa2026/statistics/player-statistics
425580,Jorge CARRASCAL,CARRASCAL,Midfielder,MF,25/05/1998,28,Older,8,0,0,,0,0,0,0,,0,0,,0,,0,,0,,FALSE,FALSE,FALSE,FALSE,TRUE,FALSE,FALSE,FALSE,FALSE,0,0,0,0,0,0,0,0,0,0,0,0,0,0,0,0,0,0,0,0,0,0,0,0,0,0,0,0,0,0,0,0,0,0,0,0,0,0,0,0,0,0,0,0,0,0,0,0,0,0,0,0,0,0,0,0,0,0,0,0,0,0,0,0,0,0,0,0,0,0,0,0,0,0,0,0,0,0,0,0,0,0,0,0,0,0,0,0,0,0,0,0,0,0,0,0,0,0,0,0,0,https://www.fifa.com/en/tournaments/mens/worldcup/canadamexicousa2026/statistics/player-statistics
411176,Jose Luis RODRIGUEZ,J.L. RODRÍGUEZ,Midfielder,MF,19/06/1998,27,Younger,7,3,251,83.7,0,0,3,1,0.00%,48,35,72.90%,4,1.43,2,0.72,0.24,0.00x,TRUE,TRUE,FALSE,TRUE,TRUE,FALSE,TRUE,FALSE,FALSE,0,0,0,0,0,0,1,2,0,0,1,1,2,2,0,12,2,6.195457458,6,1,3,16,2,88,12,2,0,3566.219971,698.6300354,10228.18945,1324.699951,10082.03955,27,58,20,2,0,0,0,0,0,0,0,0,0,0,0,0,13,0,1,2,2,1,1,9,3,1,1,3,0,8,6,5,7,7,0,1,0,5,154,86,5,31,39,6,34,42,76,0,0,0,0,22,43,9,9,36,33,45,0,305,109,0,2,2,2.326850355,0,32.31595993,25899.78027,0,https://www.fifa.com/en/tournaments/mens/worldcup/canadamexicousa2026/statistics/player-statistics
477856,JOVANE CABRAL,JOVANE,Midfielder,MF,14/06/1998,27,Younger,7,2,148.2,74.1,0,0,2,0,0.00%,34,27,79.40%,1,0.61,2,1.21,0.05,0.00x,TRUE,FALSE,FALSE,TRUE,TRUE,FALSE,TRUE,FALSE,FALSE,0,0,0,0,0,0,1,0,0,0,0,0,2,2,0,4,0,2.916255713,4,0,0,1,0,86,7,0,0,1938.760071,170.9600067,4971.76001,802.4500122,6443.72998,19,28,14,0,0,0,0,0,0,0,0,0,0,0,0,0,11,1,0,1,1,0,0,8,2,1,0,1,0,8,6,5,7,9,1,0,0,7,84,45,3,21,32,4,29,28,57,0,0,0,0,16,21,0,5,19,19,24,0,190,61,0,2,3,0.831674293,2,28.93398094,14327.66113,0,https://www.fifa.com/en/tournaments/mens/worldcup/canadamexicousa2026/statistics/player-statistics
419134,Juan Manuel SANABRIA,J.M. SANABRIA,Midfielder,MF,29/03/2000,26,Younger,25,3,237.2,79.1,0,0,3,0,0.00%,103,89,86.40%,1,0.38,0,0,0.09,0.00x,TRUE,TRUE,TRUE,TRUE,TRUE,FALSE,TRUE,FALSE,TRUE,0,0,0,0,0,0,2,1,0,0,2,0,2,1,0,1,0,6.35026741,0,0,0,12,0,51,12,0,0,3729.300049,640.8299561,9752.219971,1709.430054,9262.669678,48,70,9,0,0,0,0,0,0,0,0,0,0,0,0,0,33,2,3,7,6,2,2,25,4,3,2,2,0,22,16,12,17,17,1,3,0,12,230,109,11,64,29,9,28,74,102,1,0,0,0,27,30,7,3,50,42,53,0,320,129,1,1,0,0.980337135,24,32.57079697,25094.44971,1,https://www.fifa.com/en/tournaments/mens/worldcup/canadamexicousa2026/statistics/player-statistics
489849,Juan PORTILLA,PORTILLA,Midfielder,MF,12/09/1998,27,Younger,15,0,0,,0,0,0,0,,0,0,,0,,0,,0,,FALSE,FALSE,FALSE,FALSE,TRUE,FALSE,FALSE,FALSE,FALSE,0,0,0,0,0,0,0,0,0,0,0,0,0,0,0,0,0,0,0,0,0,0,0,0,0,0,0,0,0,0,0,0,0,0,0,0,0,0,0,0,0,0,0,0,0,0,0,0,0,0,0,0,0,0,0,0,0,0,0,0,0,0,0,0,0,0,0,0,0,0,0,0,0,0,0,0,0,0,0,0,0,0,0,0,0,0,0,0,0,0,0,0,0,0,0,0,0,0,0,0,0,https://www.fifa.com/en/tournaments/mens/worldcup/canadamexicousa2026/statistics/player-statistics
356704,Juan QUINTERO,QUINTERO,Midfielder,MF,18/01/1993,33,Older,20,4,146.6,36.6,0,1,4,0,0.00%,89,74,83.10%,0,0,1,0.61,0.13,0.00x,TRUE,TRUE,TRUE,TRUE,TRUE,FALSE,TRUE,FALSE,TRUE,0,0,0,0,0,2,0,2,0,0,0,0,4,4,0,1,8,5.253473091,1,7,6,12,4,45,0,7,0,2037.980042,133.2600079,6411.389893,673.960022,6533.660217,56,68,3,7,0,0,0,0,0,0,0,0,0,0,0,0,67,10,3,15,11,2,2,51,11,7,0,1,0,41,33,24,28,42,7,2,0,36,202,69,16,10,28,12,27,23,50,0,0,0,0,31,22,1,0,35,59,35,0,185,45,4,0,1,2.024461478,0,31.04896164,15790.25,0,https://www.fifa.com/en/tournaments/mens/worldcup/canadamexicousa2026/statistics/player-statistics
448202,Jude BELLINGHAM,BELLINGHAM,Midfielder,MF,29/06/2003,22,Younger,10,8,698.7,87.3,7,1,19,13,36.80%,231,191,82.70%,9,1.16,17,2.19,3.92,1.79x,TRUE,TRUE,TRUE,TRUE,TRUE,FALSE,TRUE,FALSE,TRUE,0,2,3,2,4,0,3,6,0,1,16,12,3,3,1,31,6,6.37141186,21,6,0,9,1,234,31,4,0,11589.82019,1803.80999,24808.97998,5170.980042,29881.16052,135,210,22,4,0,0,0,0,0,0,0,7,0,4,0,0,89,12,0,13,7,1,1,56,21,10,3,7,2,55,39,32,41,68,6,0,1,37,580,260,35,130,258,97,367,118,485,1,0,0,0,141,93,12,24,159,116,183,0,947,403,1,4,14,8.081122905,0,32.38360596,73254.74829,1,https://www.fifa.com/en/tournaments/mens/worldcup/canadamexicousa2026/statistics/player-statistics
466317,Juninho BACUNA,J. BACUNA,Midfielder,MF,7/08/1997,28,Older,7,3,280,93.3,0,0,5,1,0.00%,75,60,80.00%,6,1.93,3,0.96,0.33,0.00x,TRUE,TRUE,TRUE,TRUE,TRUE,FALSE,TRUE,FALSE,TRUE,0,0,0,0,0,0,0,4,0,0,2,0,3,3,1,20,1,6.170010567,9,1,2,5,1,148,21,2,0,3861.909668,804.9200134,10980.17017,1727.480042,11370.46997,55,87,16,2,0,0,0,0,0,0,0,0,0,1,0,0,31,1,2,8,6,5,5,19,4,1,1,3,0,19,12,11,16,25,0,1,0,16,201,101,13,13,27,5,25,20,45,0,0,0,0,17,36,4,5,66,37,71,0,305,142,0,1,7,1.297601834,1,32.07666779,28744.94922,2,https://www.fifa.com/en/tournaments/mens/worldcup/canadamexicousa2026/statistics/player-statistics
395321,Junya ITO,ITO,Midfielder,MF,9/03/1993,33,Older,14,4,242.7,60.7,1,0,3,1,33.30%,85,65,76.50%,2,0.74,5,1.85,0.67,1.49x,TRUE,TRUE,TRUE,TRUE,TRUE,FALSE,TRUE,FALSE,TRUE,0,2,1,0,0,0,0,2,0,0,2,1,0,1,0,15,1,5.87670362,7,1,11,17,6,77,5,2,0,2879.119904,611.4700241,10399.97937,1333.480026,9197.880127,41,74,6,2,0,0,0,0,0,0,0,1,0,0,0,0,33,3,0,5,1,0,2,17,10,6,5,6,1,18,10,9,14,22,1,0,0,11,215,104,10,36,86,21,80,63,143,0,0,0,0,48,45,4,1,53,52,54,0,233,108,2,1,3,2.891476244,3,33.30015945,24421.92993,0,https://www.fifa.com/en/tournaments/mens/worldcup/canadamexicousa2026/statistics/player-statistics
478364,Justin KLUIVERT,KLUIVERT,Midfielder,MF,5/05/1999,27,Younger,7,2,32.8,16.4,0,0,0,0,,7,7,100.00%,0,0,2,5.49,0,,TRUE,FALSE,FALSE,FALSE,TRUE,FALSE,FALSE,FALSE,FALSE,0,0,0,0,0,0,0,0,0,0,0,0,0,0,0,0,0,3.513981938,0,0,0,1,0,12,0,0,0,660.2599945,87.16000366,1764.460083,235.0500031,1121.579987,3,4,2,0,0,0,0,0,0,0,0,0,0,0,0,0,0,0,0,0,0,0,0,0,0,0,0,0,0,0,0,0,0,0,0,0,0,0,18,8,1,13,14,2,15,14,29,0,0,0,0,7,3,2,0,5,5,5,0,60,20,2,0,0,1.599514127,0,30.05250168,3868.509766,0,https://www.fifa.com/en/tournaments/mens/worldcup/canadamexicousa2026/statistics/player-statistics
336170,Kaan Ayhan,KAAN,Midfielder,MF,10/11/1994,31,Older,22,1,11.4,11.4,1,0,1,1,100.00%,3,1,33.30%,0,0,0,0,0.68,1.48x,TRUE,FALSE,FALSE,FALSE,TRUE,FALSE,FALSE,FALSE,FALSE,0,0,0,0,0,0,1,0,0,0,1,1,0,0,0,0,0,2.181028843,0,0,0,0,0,1,1,0,0,177.0800018,76.95999908,468.3699951,97.86000061,418.7600708,1,3,0,0,0,0,0,0,0,0,0,1,0,0,0,0,0,0,0,0,0,0,0,0,0,0,0,0,0,0,0,0,0,0,0,0,0,0,9,5,1,1,0,2,2,1,3,0,0,0,0,1,2,0,0,1,3,1,0,13,7,1,0,0,1.777274966,0,30.63420105,1239.030029,0,https://www.fifa.com/en/tournaments/mens/worldcup/canadamexicousa2026/statistics/player-statistics
479294,Kaishu SANO,SANO,Midfielder,MF,30/12/2000,25,Younger,24,3,303.8,101.3,1,1,1,1,100.00%,131,124,94.70%,4,1.19,1,0.3,0.09,11.52x,TRUE,FALSE,TRUE,TRUE,TRUE,FALSE,TRUE,FALSE,TRUE,0,0,1,0,0,0,0,0,0,0,0,0,0,1,1,5,1,5.108804345,5,1,0,1,1,108,14,3,0,4827.77002,455.1400146,16064.58008,1513.250031,11640.9397,46,55,10,3,0,0,0,0,0,0,0,0,1,0,0,0,24,0,0,8,7,7,8,22,1,1,1,1,0,15,14,14,15,12,0,0,0,10,287,102,10,6,39,79,93,31,124,0,0,0,0,29,6,2,3,39,95,42,0,411,114,0,0,2,0.194372077,0,31.09988785,34501.67871,1,https://www.fifa.com/en/tournaments/mens/worldcup/canadamexicousa2026/statistics/player-statistics
354861,KARIM BOUDIAF,KARIM,Midfielder,MF,16/09/1990,35,Older,12,2,114.5,57.3,0,0,1,0,0.00%,69,65,94.20%,0,0,2,1.57,0.02,0.00x,TRUE,FALSE,TRUE,TRUE,TRUE,FALSE,TRUE,FALSE,TRUE,0,0,0,0,0,0,0,1,0,0,0,0,1,1,0,0,0,4.590454419,0,0,0,0,0,29,3,1,0,2441.539917,98.75999832,5720.750122,443.5800018,4424.860352,40,44,2,1,0,0,0,0,0,0,0,0,0,0,0,0,30,4,1,10,8,5,5,23,4,2,0,0,0,16,13,10,11,16,2,1,0,10,143,46,4,7,34,17,31,27,58,0,0,0,0,22,5,0,0,19,51,19,0,205,30,1,1,0,0.350009784,0,28.05965805,13129.49023,0,https://www.fifa.com/en/tournaments/mens/worldcup/canadamexicousa2026/statistics/player-statistics
405522,Keito Nakamura,NAKAMURA,Midfielder,MF,28/07/2000,25,Younger,13,4,330.3,82.6,1,1,5,2,20.00%,117,100,85.50%,3,0.82,1,0.27,0.17,5.98x,TRUE,TRUE,TRUE,TRUE,TRUE,FALSE,TRUE,FALSE,TRUE,0,1,0,1,1,0,0,3,0,0,2,1,2,3,1,10,0,6.716113925,6,0,0,9,3,80,11,0,0,5967.809814,612.7399826,15321.57007,2205.409943,12838.48975,69,99,9,0,0,0,0,0,0,0,0,0,1,0,0,0,35,3,0,7,6,3,4,29,10,8,4,6,1,18,15,11,14,18,3,0,1,13,272,119,15,52,85,18,32,123,155,1,0,0,0,57,56,4,5,67,60,72,0,497,180,0,3,5,1.191054672,8,33.14606476,36946.01953,0,https://www.fifa.com/en/tournaments/mens/worldcup/canadamexicousa2026/statistics/player-statistics
395286,Ken SEMA,SEMA,Midfielder,MF,30/09/1993,32,Older,13,1,22.8,22.8,0,0,1,0,0.00%,3,3,100.00%,0,0,1,3.95,0.06,0.00x,TRUE,FALSE,FALSE,FALSE,TRUE,FALSE,FALSE,FALSE,FALSE,0,1,0,0,0,0,1,0,0,0,1,0,0,0,0,1,0,1.51811564,1,0,0,0,0,5,2,0,0,306.5800171,16.78000069,989.1200562,97.79998779,884.2299805,3,4,2,0,0,0,0,0,0,0,0,0,0,0,0,0,0,0,0,0,0,0,0,0,0,0,0,0,0,0,0,0,0,0,0,0,0,0,10,5,1,2,2,1,2,3,5,0,0,0,0,1,1,0,0,4,2,4,0,22,7,1,0,1,0.249422833,0,27.73491287,2294.51001,0,https://www.fifa.com/en/tournaments/mens/worldcup/canadamexicousa2026/statistics/player-statistics
463495,Kendry PAEZ,KENDRY,Midfielder,MF,4/05/2007,19,Younger,10,1,20.6,20.6,0,0,0,0,,10,9,90.00%,1,4.38,0,0,0,,TRUE,FALSE,FALSE,FALSE,TRUE,FALSE,FALSE,FALSE,FALSE,0,0,0,0,0,0,0,0,0,0,0,0,0,0,0,1,0,1.688071251,0,0,0,0,0,7,3,0,0,420.8899841,70.54000092,822.5599976,150,855.6100464,2,4,2,0,0,0,0,0,0,0,0,0,0,0,0,0,5,0,0,1,0,0,1,3,0,0,0,0,0,4,3,3,4,3,0,0,0,1,22,12,1,1,1,6,1,7,8,0,0,0,0,4,1,0,1,3,7,4,0,33,15,1,0,0,0.449174553,0,29.60970497,2319.600098,1,https://www.fifa.com/en/tournaments/mens/worldcup/canadamexicousa2026/statistics/player-statistics
484051,Kenny McLEAN,MCLEAN,Midfielder,MF,8/01/1992,34,Older,23,3,144.3,48.1,0,0,1,0,0.00%,63,56,88.90%,1,0.62,1,0.62,0.01,0.00x,TRUE,FALSE,TRUE,TRUE,TRUE,FALSE,TRUE,FALSE,TRUE,0,1,0,0,0,0,0,1,0,0,0,0,0,1,0,7,0,7.301589489,6,0,0,2,1,31,6,0,0,2210.320068,124.7299891,7720.330322,898.7099838,5484.399902,30,42,4,0,0,0,0,0,0,0,0,0,0,0,0,0,23,1,1,5,4,3,3,21,2,2,1,1,0,16,15,14,14,10,1,0,0,10,137,52,5,2,24,30,42,14,56,0,0,0,0,24,4,1,1,20,46,21,0,188,56,2,0,1,0.277415086,0,29.21505547,16438.49072,1,https://www.fifa.com/en/tournaments/mens/worldcup/canadamexicousa2026/statistics/player-statistics
470759,Kevin CASTANO,K. CASTAÑO,Midfielder,MF,29/09/2000,25,Younger,5,2,28.2,14.1,0,0,0,0,,14,14,100.00%,0,0,0,0,0,,TRUE,FALSE,FALSE,FALSE,TRUE,FALSE,FALSE,FALSE,FALSE,0,0,0,0,0,0,0,0,0,0,0,0,0,0,0,0,0,2.758117485,0,0,0,0,0,9,0,0,0,524.3300018,20.43999958,1348.030029,241.9199982,1032.619995,6,6,1,0,0,0,0,0,0,0,0,0,0,0,0,0,1,0,0,1,1,1,1,1,0,0,0,0,0,0,0,0,0,1,0,0,0,1,32,9,1,1,2,8,7,4,11,0,0,0,0,5,2,0,0,3,11,3,0,48,15,2,0,0,0.124015331,0,27.23403168,3167.339966,0,https://www.fifa.com/en/tournaments/mens/worldcup/canadamexicousa2026/statistics/player-statistics
358120,Kevin DE BRUYNE,DE BRUYNE,Midfielder,MF,28/06/1991,34,Older,7,5,412.9,82.6,1,0,20,5,5.00%,185,153,82.70%,2,0.44,4,0.87,1.39,0.72x,TRUE,TRUE,TRUE,TRUE,TRUE,FALSE,TRUE,FALSE,TRUE,0,4,0,0,1,1,5,13,0,0,9,3,10,11,2,13,2,5.668224494,8,2,14,21,5,145,13,6,0,7110.209839,856.0499573,19476.03076,2645.759949,16524.84985,78,129,14,6,0,0,0,0,0,0,0,0,1,0,0,0,105,13,1,20,11,6,6,61,21,10,2,3,5,64,40,31,45,48,4,1,4,23,446,201,37,76,96,51,126,97,223,0,0,0,0,77,61,6,8,78,129,86,0,573,204,0,5,5,4.237792909,3,32.188694,46612.90088,1,https://www.fifa.com/en/tournaments/mens/worldcup/canadamexicousa2026/statistics/player-statistics
466365,Kevin FELIDA,FELIDA,Midfielder,MF,11/11/1999,26,Younger,22,0,0,,0,0,0,0,,0,0,,0,,0,,0,,FALSE,FALSE,FALSE,FALSE,TRUE,FALSE,FALSE,FALSE,FALSE,0,0,0,0,0,0,0,0,0,0,0,0,0,0,0,0,0,0,0,0,0,0,0,0,0,0,0,0,0,0,0,0,0,0,0,0,0,0,0,0,0,0,0,0,0,0,0,0,0,0,0,0,0,0,0,0,0,0,0,0,0,0,0,0,0,0,0,0,0,0,0,0,0,0,0,0,0,0,0,0,0,0,0,0,0,0,0,0,0,0,0,0,0,0,0,0,0,0,0,0,0,https://www.fifa.com/en/tournaments/mens/worldcup/canadamexicousa2026/statistics/player-statistics
477852,KEVIN PINA,KEVIN L.,Midfielder,MF,27/01/1997,29,Older,6,4,389.9,97.5,1,0,5,1,20.00%,156,134,85.90%,5,1.15,3,0.69,0.09,11.33x,TRUE,TRUE,TRUE,TRUE,TRUE,FALSE,TRUE,FALSE,TRUE,0,0,0,0,0,2,1,2,0,0,0,0,4,5,1,6,3,6.071072698,4,2,0,1,0,93,23,9,0,4678.019836,376.3099823,19407.63037,1465.500015,13649.01929,75,97,22,10,0,0,0,0,0,0,1,0,1,0,1,0,51,1,7,23,16,12,15,36,1,0,0,0,0,27,20,16,19,29,0,4,0,18,359,167,8,1,26,44,53,18,71,0,0,0,0,37,5,0,3,63,103,66,0,388,116,0,2,3,0.215703795,0,30.12061691,39576.47949,1,https://www.fifa.com/en/tournaments/mens/worldcup/canadamexicousa2026/statistics/player-statistics
506069,KEVIN YAKOB,K. YAKOB,Midfielder,MF,10/10/2000,25,Younger,19,1,29.5,29.5,0,0,1,0,0.00%,12,9,75.00%,1,3.05,0,0,0.07,0.00x,TRUE,FALSE,FALSE,FALSE,TRUE,FALSE,FALSE,FALSE,FALSE,0,1,1,0,0,0,0,0,0,0,1,0,0,0,0,2,0,2.451364676,1,0,0,0,0,18,2,1,0,551.4000244,29.28999901,1706.369995,190.1000214,1131.890015,6,10,1,1,0,0,0,0,0,0,0,0,0,0,0,0,5,1,0,1,0,0,0,2,1,0,0,0,0,3,2,2,2,0,0,0,0,0,28,14,1,2,3,1,6,0,6,0,0,0,0,2,4,0,1,4,8,5,0,47,15,1,0,1,0.074815877,0,27.77195168,3609.050049,0,https://www.fifa.com/en/tournaments/mens/worldcup/canadamexicousa2026/statistics/player-statistics
512039,Khalil AYARI,AYARI,Midfielder,MF,2/02/2005,21,Younger,14,0,0,,0,0,0,0,,0,0,,0,,0,,0,,FALSE,FALSE,FALSE,FALSE,TRUE,FALSE,FALSE,FALSE,FALSE,0,0,0,0,0,0,0,0,0,0,0,0,0,0,0,0,0,0,0,0,0,0,0,0,0,0,0,0,0,0,0,0,0,0,0,0,0,0,0,0,0,0,0,0,0,0,0,0,0,0,0,0,0,0,0,0,0,0,0,0,0,0,0,0,0,0,0,0,0,0,0,0,0,0,0,0,0,0,0,0,0,0,0,0,0,0,0,0,0,0,0,0,0,0,0,0,0,0,0,0,0,https://www.fifa.com/en/tournaments/mens/worldcup/canadamexicousa2026/statistics/player-statistics
430385,KIM Jingyu,JINGYU,Midfielder,MF,24/02/1997,29,Older,24,2,64.1,32,0,0,1,0,0.00%,56,54,96.40%,0,0,1,1.4,0.01,0.00x,TRUE,FALSE,TRUE,FALSE,TRUE,FALSE,FALSE,FALSE,FALSE,0,1,0,0,0,0,0,1,0,0,0,0,0,1,0,0,0,5.210791429,0,0,0,1,0,16,3,0,0,1165.26004,67.59000206,3508.220398,362.6100006,2700.159973,26,29,3,0,0,0,0,0,0,0,0,0,0,0,0,0,28,1,2,6,5,3,3,25,2,2,0,0,1,20,18,15,16,11,1,1,1,9,122,40,3,1,6,7,11,3,14,0,0,0,0,7,5,0,2,17,43,19,0,99,26,2,0,0,0.740711361,0,29.56527328,7803.839966,0,https://www.fifa.com/en/tournaments/mens/worldcup/canadamexicousa2026/statistics/player-statistics
482621,Kobbie MAINOO,MAINOO,Midfielder,MF,19/04/2005,21,Younger,16,0,0,,0,0,0,0,,0,0,,0,,0,,0,,FALSE,FALSE,FALSE,FALSE,TRUE,FALSE,FALSE,FALSE,FALSE,0,0,0,0,0,0,0,0,0,0,0,0,0,0,0,0,0,0,0,0,0,0,0,0,0,0,0,0,0,0,0,0,0,0,0,0,0,0,0,0,0,0,0,0,0,0,0,0,0,0,0,0,0,0,0,0,0,0,0,0,0,0,0,0,0,0,0,0,0,0,0,0,0,0,0,0,0,0,0,0,0,0,0,0,0,0,0,0,0,0,0,0,0,0,0,0,0,0,0,0,0,https://www.fifa.com/en/tournaments/mens/worldcup/canadamexicousa2026/statistics/player-statistics
385259,Konrad LAIMER,LAIMER,Midfielder,MF,27/05/1997,29,Older,20,4,412.3,103.1,0,1,1,0,0.00%,150,130,86.70%,6,1.31,3,0.65,0.01,0.00x,TRUE,FALSE,TRUE,TRUE,TRUE,FALSE,TRUE,FALSE,TRUE,0,0,0,0,0,0,1,0,0,0,0,0,1,1,0,7,0,6.208138943,4,0,0,7,1,149,32,2,0,5054.389893,1103.809998,18271.25977,2380.249969,15835.02051,99,127,19,3,0,0,0,0,0,0,0,0,0,0,1,0,51,5,3,14,8,4,6,35,8,5,3,3,0,29,22,18,21,41,2,2,0,27,336,158,9,57,78,32,76,91,167,3,0,0,0,52,42,10,13,100,38,113,0,442,194,0,0,3,2.259610094,19,34.06987,42644.73145,1,https://www.fifa.com/en/tournaments/mens/worldcup/canadamexicousa2026/statistics/player-statistics
419681,Kristian Thorstvedt,THORSTVEDT,Midfielder,MF,13/03/1999,27,Younger,18,2,75.2,37.6,0,0,3,1,0.00%,24,19,79.20%,2,2.39,1,1.2,0.17,0.00x,TRUE,TRUE,FALSE,FALSE,TRUE,FALSE,FALSE,FALSE,FALSE,0,0,0,0,0,0,2,1,0,0,2,0,2,1,1,3,0,2.517078718,2,0,0,0,0,38,5,1,0,1635.419983,53.26000023,3827.60022,712.1200104,3223.48999,18,27,0,1,0,0,0,0,0,0,0,0,0,0,0,0,7,0,0,2,1,1,2,5,1,0,0,1,0,4,4,4,4,6,0,0,0,4,62,29,3,16,22,8,31,15,46,0,0,0,0,10,12,1,3,22,7,25,0,137,44,1,1,2,1.195364535,0,27.85399246,9451.889893,0,https://www.fifa.com/en/tournaments/mens/worldcup/canadamexicousa2026/statistics/player-statistics
507253,Kwasi SIBO,SIBO,Midfielder,MF,24/06/1998,27,Younger,8,4,282.5,70.6,0,0,0,0,,93,88,94.60%,7,2.23,1,0.32,0,,TRUE,FALSE,TRUE,TRUE,TRUE,FALSE,TRUE,FALSE,TRUE,0,0,0,0,0,0,0,0,0,0,0,0,0,0,0,2,2,6.627812982,2,2,0,0,0,114,15,1,0,5053.000031,251.6199961,14970.40918,1379.72998,9468.059631,35,39,5,1,0,0,0,0,0,0,0,0,0,0,0,0,17,0,0,2,1,1,2,15,1,1,0,0,1,14,13,12,13,6,0,0,1,5,204,87,2,2,12,32,42,4,46,0,0,0,0,16,7,0,1,27,68,28,0,447,96,1,2,1,0.288255202,0,30.03141594,31122.8186,0,https://www.fifa.com/en/tournaments/mens/worldcup/canadamexicousa2026/statistics/player-statistics
484817,Lachlan BAYLISS,BAYLISS,Midfielder,MF,24/07/2002,23,Younger,25,0,0,,0,0,0,0,,0,0,,0,,0,,0,,FALSE,FALSE,FALSE,FALSE,TRUE,FALSE,FALSE,FALSE,FALSE,0,0,0,0,0,0,0,0,0,0,0,0,0,0,0,0,0,0,0,0,0,0,0,0,0,0,0,0,0,0,0,0,0,0,0,0,0,0,0,0,0,0,0,0,0,0,0,0,0,0,0,0,0,0,0,0,0,0,0,0,0,0,0,0,0,0,0,0,0,0,0,0,0,0,0,0,0,0,0,0,0,0,0,0,0,0,0,0,0,0,0,0,0,0,0,0,0,0,0,0,0,https://www.fifa.com/en/tournaments/mens/worldcup/canadamexicousa2026/statistics/player-statistics
464842,Lamine CAMARA,LAMINE,Midfielder,MF,1/01/2004,22,Younger,8,4,287.5,71.9,0,1,3,0,0.00%,131,117,89.30%,5,1.57,3,0.94,0.14,0.00x,TRUE,TRUE,TRUE,TRUE,TRUE,FALSE,TRUE,FALSE,TRUE,0,0,0,0,0,0,1,2,0,0,0,0,3,3,0,7,1,6.555678129,5,1,5,8,4,124,20,2,0,5155.619873,769.8499832,14361.05005,2215.700043,8985.48999,89,108,11,2,0,0,0,0,0,0,0,0,0,0,0,0,21,1,0,2,2,1,1,16,4,2,1,3,0,15,12,11,14,17,1,0,0,13,307,119,10,32,63,46,101,40,141,0,0,0,0,55,25,2,7,91,50,98,0,453,176,1,3,2,1.242735952,0,32.62630463,31487.71045,1,https://www.fifa.com/en/tournaments/mens/worldcup/canadamexicousa2026/statistics/player-statistics
480966,LAROS DUARTE,L. DUARTE,Midfielder,MF,28/02/1997,29,Older,15,4,187.7,46.9,0,0,3,3,0.00%,41,33,80.50%,0,0,2,0.96,0.7,0.00x,TRUE,TRUE,FALSE,TRUE,TRUE,FALSE,TRUE,FALSE,FALSE,0,0,0,0,0,1,0,2,0,0,2,2,0,1,1,10,0,6.951534748,7,0,1,2,2,97,4,1,0,2696.499969,201.5700083,11099.70947,782.5899658,6749.849792,34,47,13,1,0,0,0,0,0,0,0,0,0,0,0,0,13,0,0,2,2,2,2,10,2,1,1,2,0,9,7,7,9,11,0,0,0,8,106,50,8,7,65,10,62,20,82,0,0,0,0,22,16,3,1,33,19,34,0,252,66,2,2,6,1.517766714,0,31.84116936,21530.2207,0,https://www.fifa.com/en/tournaments/mens/worldcup/canadamexicousa2026/statistics/player-statistics
466340,Leandro BACUNA,L. BACUNA,Midfielder,MF,21/08/1991,34,Older,10,3,300.3,100.1,0,0,6,1,0.00%,125,108,86.40%,3,0.9,3,0.9,0.33,0.00x,TRUE,TRUE,TRUE,TRUE,TRUE,FALSE,TRUE,FALSE,TRUE,0,0,1,0,0,0,1,2,0,0,3,0,4,3,1,11,1,5.883925756,6,1,1,4,0,110,17,12,0,3399.989868,454.6899872,12948.12012,1235.459991,11417.55005,69,88,18,12,0,0,0,0,0,0,0,0,0,2,0,0,44,2,3,18,14,13,13,27,4,1,0,0,2,22,12,10,15,18,0,1,1,16,291,123,11,5,33,24,41,21,62,0,0,0,0,28,24,0,6,54,74,60,0,315,88,0,0,4,0.208271679,1,31.8494339,29455.81055,1,https://www.fifa.com/en/tournaments/mens/worldcup/canadamexicousa2026/statistics/player-statistics
332847,Leandro PAREDES,PAREDES,Midfielder,MF,29/06/1994,31,Older,5,7,557.6,79.7,0,0,4,1,0.00%,565,532,94.20%,9,1.45,3,0.48,0.07,0.00x,TRUE,TRUE,TRUE,TRUE,TRUE,FALSE,TRUE,FALSE,TRUE,0,0,1,0,0,0,0,3,0,0,0,0,3,4,1,17,7,5.311807632,16,7,1,2,1,63,19,14,0,6485.859924,479.3299904,23201.64984,1917.349945,22183.95056,187,217,18,18,0,0,0,0,0,0,0,0,0,0,4,0,151,6,10,54,46,36,38,128,8,3,0,1,1,89,79,68,72,54,2,8,1,42,1154,303,23,2,40,194,157,79,236,0,0,0,0,158,9,0,4,54,497,58,0,566,148,3,2,3,0.294121088,4,30.15008163,54268.14014,2,https://www.fifa.com/en/tournaments/mens/worldcup/canadamexicousa2026/statistics/player-statistics
429600,LEE Donggyeong,DONGGYEONG,Midfielder,MF,20/09/1997,28,Older,26,0,0,,0,0,0,0,,0,0,,0,,0,,0,,FALSE,FALSE,FALSE,FALSE,TRUE,FALSE,FALSE,FALSE,FALSE,0,0,0,0,0,0,0,0,0,0,0,0,0,0,0,0,0,0,0,0,0,0,0,0,0,0,0,0,0,0,0,0,0,0,0,0,0,0,0,0,0,0,0,0,0,0,0,0,0,0,0,0,0,0,0,0,0,0,0,0,0,0,0,0,0,0,0,0,0,0,0,0,0,0,0,0,0,0,0,0,0,0,0,0,0,0,0,0,0,0,0,0,0,0,0,0,0,0,0,0,0,https://www.fifa.com/en/tournaments/mens/worldcup/canadamexicousa2026/statistics/player-statistics
492315,LEE Gihyuk,GIHYUK,Midfielder,MF,7/07/2000,25,Younger,3,3,300,100,0,0,0,0,,236,217,91.90%,2,0.6,2,0.6,0,,TRUE,FALSE,TRUE,TRUE,TRUE,FALSE,TRUE,FALSE,TRUE,0,0,0,0,0,0,0,0,0,0,0,0,0,0,0,4,4,6.177628835,4,4,0,4,0,19,4,5,0,4424.140137,514.4300079,13246.78979,1510.650055,11202.46973,87,105,6,6,0,0,0,0,0,2,0,0,0,0,1,0,74,3,13,37,27,20,21,47,3,0,0,0,0,34,20,13,18,49,0,7,0,28,500,150,12,0,7,63,21,49,70,0,0,0,0,33,2,0,5,66,165,71,0,388,125,0,0,1,0.134895917,0,32.76362991,30898.48145,1,https://www.fifa.com/en/tournaments/mens/worldcup/canadamexicousa2026/statistics/player-statistics
390525,LEE Jaesung,JAESUNG,Midfielder,MF,10/08/1992,33,Older,10,2,125.8,62.9,0,0,2,1,0.00%,59,46,78.00%,1,0.72,4,2.86,0.14,0.00x,TRUE,FALSE,TRUE,TRUE,TRUE,FALSE,TRUE,FALSE,TRUE,0,0,0,0,1,0,0,0,0,1,2,1,1,0,0,0,1,4.62882026,0,0,0,1,0,46,6,0,0,2327.650024,285.4800034,5971.679932,1058.179993,4899.709961,34,47,10,0,0,0,0,0,0,0,0,0,0,1,0,0,10,1,0,1,1,0,0,7,2,2,1,1,0,7,4,3,6,8,1,0,0,7,137,54,8,18,38,10,43,23,66,1,0,0,0,30,28,4,4,36,30,40,0,205,85,0,2,0,2.800436974,0,29.36606979,14542.69971,0,https://www.fifa.com/en/tournaments/mens/worldcup/canadamexicousa2026/statistics/player-statistics
418490,LEE Kangin,KANGIN,Midfielder,MF,19/02/2001,25,Younger,19,3,300,100,0,1,4,1,0.00%,159,140,88.10%,1,0.3,7,2.1,0.15,0.00x,TRUE,TRUE,TRUE,TRUE,TRUE,FALSE,TRUE,FALSE,TRUE,0,1,0,0,1,0,0,3,0,0,1,0,2,3,1,15,7,5.684541225,9,6,9,20,5,81,4,3,0,3064.109924,128.0300007,12236.97021,884.7500305,12119.66943,123,154,11,3,0,0,0,0,0,0,0,0,0,0,0,0,68,6,7,16,13,2,3,51,12,9,2,2,4,40,29,16,23,45,5,6,2,35,376,139,18,12,71,78,62,99,161,0,0,0,0,83,42,0,7,101,77,108,0,264,69,0,0,9,1.724985063,4,28.77765083,28433.5293,1,https://www.fifa.com/en/tournaments/mens/worldcup/canadamexicousa2026/statistics/player-statistics
379953,Leon GORETZKA,GORETZKA,Midfielder,MF,6/02/1995,31,Older,8,3,122.2,40.7,0,0,2,0,0.00%,30,23,76.70%,0,0,0,0,0.19,0.00x,TRUE,FALSE,FALSE,TRUE,TRUE,FALSE,TRUE,FALSE,FALSE,0,1,0,1,0,0,1,0,0,0,2,0,0,0,0,3,1,5.060625792,2,0,0,1,0,20,2,0,0,1766.689972,440.7499847,4456.789795,613.4700089,5217.259888,13,25,3,0,0,0,0,0,0,0,0,0,0,1,0,0,10,1,1,2,1,0,0,8,1,1,0,0,0,7,6,5,5,9,1,0,0,7,80,39,4,12,9,6,19,8,27,0,0,0,0,9,11,2,5,14,19,19,0,140,49,3,0,0,4.337605119,0,33.67796707,12494.96033,0,https://www.fifa.com/en/tournaments/mens/worldcup/canadamexicousa2026/statistics/player-statistics
404353,Leroy SANE,SANÉ,Midfielder,MF,11/01/1996,30,Older,19,4,360.8,90.2,1,0,6,2,16.70%,189,161,85.20%,3,0.75,2,0.5,1.57,0.64x,TRUE,TRUE,TRUE,TRUE,TRUE,FALSE,TRUE,FALSE,TRUE,0,1,2,0,0,1,0,3,0,0,5,2,3,1,0,24,0,6.380283713,12,0,1,11,2,84,15,1,0,6099.059814,1733.839966,13004.98096,2896.370056,14325.77979,113,167,10,1,0,0,0,0,0,0,0,1,0,0,0,0,41,2,0,5,4,3,3,22,9,4,2,6,1,27,14,12,24,28,1,0,1,10,439,176,16,55,73,20,36,112,148,1,0,0,0,63,94,2,8,114,99,122,0,477,221,0,2,7,4.060631514,2,34.41828537,38060.03027,0,https://www.fifa.com/en/tournaments/mens/worldcup/canadamexicousa2026/statistics/player-statistics
442434,Lewis FERGUSON,FERGUSON,Midfielder,MF,24/08/1999,26,Younger,19,3,306.8,102.3,0,0,2,1,0.00%,201,185,92.00%,5,1.47,10,2.93,0.09,0.00x,TRUE,FALSE,TRUE,TRUE,TRUE,FALSE,TRUE,FALSE,TRUE,0,0,0,0,0,1,1,0,0,0,0,0,0,2,1,4,1,7.158519745,3,1,8,9,1,87,28,12,0,5486.780029,644.6500092,19282.66016,1595.060028,9565.859619,56,69,15,12,0,0,0,0,0,0,0,0,0,0,0,0,63,2,2,26,23,22,22,48,3,1,1,1,0,34,24,23,30,22,0,1,0,16,427,148,9,1,73,136,146,64,210,0,0,0,0,100,1,0,1,43,152,44,0,451,119,0,0,0,0.112993099,0,31.1257534,36575.00977,0,https://www.fifa.com/en/tournaments/mens/worldcup/canadamexicousa2026/statistics/player-statistics
441259,Liam MILLAR,MILLAR,Midfielder,MF,27/09/1999,26,Younger,11,3,176.4,58.8,0,0,1,0,0.00%,67,50,74.60%,3,1.53,1,0.51,0.04,0.00x,TRUE,FALSE,TRUE,TRUE,TRUE,FALSE,TRUE,FALSE,TRUE,0,0,0,0,0,0,0,1,0,0,1,0,1,0,0,15,0,3.933876514,5,0,0,10,2,44,12,0,0,2812.589966,762.030014,7513.27002,1306.179947,6782.539673,40,65,3,0,0,0,0,0,0,0,0,0,0,1,0,0,27,1,1,3,1,1,1,14,8,4,3,6,1,16,9,8,13,15,0,0,1,10,166,80,7,36,35,4,19,56,75,0,0,0,0,31,33,4,1,25,56,26,0,243,114,1,2,4,1.894523203,7,33.80455399,19176.61035,1,https://www.fifa.com/en/tournaments/mens/worldcup/canadamexicousa2026/statistics/player-statistics
494989,Livano COMENENCIA,COMENENCIA,Midfielder,MF,3/02/2004,22,Younger,8,3,253,84.3,1,0,5,2,20.00%,62,50,80.60%,4,1.42,1,0.36,0.31,3.25x,TRUE,TRUE,TRUE,TRUE,TRUE,FALSE,TRUE,FALSE,TRUE,0,1,1,0,0,0,2,2,0,0,2,2,1,3,0,8,0,6.884485881,5,0,0,1,1,102,19,1,0,3932,546.7400055,12905.77026,1594.47998,9829.070068,41,62,13,1,0,0,0,0,0,0,0,1,0,0,0,0,23,3,0,7,3,2,4,14,4,2,1,1,0,12,9,8,9,23,1,0,0,14,160,82,12,6,42,21,50,19,69,0,0,0,0,19,11,1,3,41,35,44,0,342,117,0,2,2,0.43141064,0,32.02996445,28808.06055,1,https://www.fifa.com/en/tournaments/mens/worldcup/canadamexicousa2026/statistics/player-statistics
489689,Lucas BERGVALL,BERGVALL,Midfielder,MF,2/02/2006,20,Younger,7,4,207.3,51.8,0,1,2,0,0.00%,88,80,90.90%,7,3.04,4,1.74,0.68,0.00x,TRUE,FALSE,TRUE,TRUE,TRUE,FALSE,TRUE,FALSE,TRUE,0,0,0,1,0,0,0,1,0,0,2,0,2,0,0,4,0,6.927306414,4,0,0,2,0,60,13,1,0,3370.799988,486.1000061,10503.25977,1103.329987,8399.439697,46,54,10,1,0,0,0,0,0,0,0,0,0,1,0,0,31,1,1,9,8,6,7,27,2,2,1,1,0,20,17,15,18,15,1,1,0,13,193,80,7,7,16,29,43,9,52,0,0,0,0,28,14,3,5,35,52,40,0,283,89,3,1,2,0.673269445,6,32.58461761,23862.9292,1,https://www.fifa.com/en/tournaments/mens/worldcup/canadamexicousa2026/statistics/player-statistics
411726,LUCAS PAQUETA,L. PAQUETÁ,Midfielder,MF,27/08/1997,28,Older,20,4,255.2,63.8,0,1,5,1,0.00%,190,162,85.30%,3,1.06,6,2.12,0.24,0.00x,TRUE,TRUE,TRUE,TRUE,TRUE,FALSE,TRUE,FALSE,TRUE,0,2,0,0,1,0,1,3,0,0,2,1,2,3,0,5,1,5.16508007,2,1,1,5,0,104,17,4,0,3837.040161,386.3600006,11154.70984,1582.39003,10600.85986,76,106,9,4,0,0,0,0,0,0,0,0,0,1,0,0,74,6,3,16,13,7,7,54,8,5,0,0,2,50,36,29,39,43,4,2,1,26,412,150,20,22,89,81,110,82,192,0,0,0,0,84,20,1,9,69,124,78,0,335,123,0,4,2,1.676436976,3,30.86320114,27561.36084,0,https://www.fifa.com/en/tournaments/mens/worldcup/canadamexicousa2026/statistics/player-statistics
448051,Luis CHAVEZ,L. CHÁVEZ,Midfielder,MF,15/01/1996,30,Older,24,1,31.6,31.6,0,0,0,0,,28,28,100.00%,1,2.85,0,0,0,,TRUE,FALSE,FALSE,FALSE,TRUE,FALSE,FALSE,FALSE,FALSE,0,0,0,0,0,0,0,0,0,0,0,0,0,0,0,1,0,1.091926003,1,0,0,1,0,4,3,0,0,459.1700134,46.84000015,1078.719971,249.0700226,1042.939941,10,11,1,0,0,0,0,0,0,0,0,0,0,0,0,0,9,0,0,0,0,0,0,9,1,1,0,0,1,8,8,7,7,3,0,0,1,3,61,14,1,0,6,10,2,14,16,0,0,0,0,12,4,0,0,4,27,4,0,42,16,1,0,0,0.146485597,0,27.14523125,2876.73999,0,https://www.fifa.com/en/tournaments/mens/worldcup/canadamexicousa2026/statistics/player-statistics
430763,Luis ROMO,L. ROMO,Midfielder,MF,5/06/1995,31,Older,7,4,284.7,71.2,1,1,3,1,33.30%,106,93,87.70%,1,0.32,3,0.95,0.1,10.05x,TRUE,TRUE,TRUE,TRUE,TRUE,FALSE,TRUE,FALSE,TRUE,0,0,0,0,0,0,1,2,0,0,1,1,2,2,0,0,0,5.526000977,0,0,0,2,1,71,12,2,0,5732.09021,568.5099945,13684.99023,1896.269989,10933.15015,49,59,14,2,0,0,0,0,0,0,0,1,0,0,0,0,41,3,3,13,9,6,7,27,5,2,1,1,1,23,16,13,16,17,1,2,0,12,242,104,14,41,70,42,119,34,153,0,0,0,0,53,21,2,9,53,58,62,0,483,143,0,4,0,2.263055593,0,32.16675949,32815.00977,0,https://www.fifa.com/en/tournaments/mens/worldcup/canadamexicousa2026/statistics/player-statistics
241559,Luka MODRIC,MODRIĆ,Midfielder,MF,9/09/1985,40,Older,10,4,360.5,90.1,0,1,1,0,0.00%,248,225,90.70%,4,1,3,0.75,0.05,0.00x,TRUE,FALSE,TRUE,TRUE,TRUE,FALSE,TRUE,FALSE,TRUE,0,0,0,0,1,0,0,0,0,0,1,0,1,0,0,5,2,6.083644509,4,2,7,9,4,48,12,21,0,4675.049988,560.6200142,15752.31958,1676.960052,13876.60986,107,127,16,23,0,0,0,0,0,0,0,0,0,1,2,0,89,6,6,23,18,10,11,68,9,4,1,1,2,57,46,37,43,48,2,6,1,36,509,180,16,14,47,80,114,27,141,0,0,0,0,74,13,1,3,47,180,50,0,401,122,0,2,2,0.498241853,0,32.09465408,36541.55957,1,https://www.fifa.com/en/tournaments/mens/worldcup/canadamexicousa2026/statistics/player-statistics
448160,Luka SUCIC,SUČIĆ,Midfielder,MF,8/09/2002,23,Younger,21,1,23.6,23.6,0,0,1,0,0.00%,3,1,33.30%,0,0,0,0,0.04,0.00x,TRUE,FALSE,FALSE,FALSE,TRUE,FALSE,FALSE,FALSE,FALSE,0,0,0,0,0,1,0,0,0,0,0,0,1,1,0,0,0,1.762755036,0,0,0,0,0,7,0,1,0,419.3199768,101.1900024,1200.189941,221.3999939,832.6500244,1,1,1,1,0,0,0,0,0,0,0,0,0,0,0,0,1,0,0,0,0,0,0,0,1,0,0,1,0,0,0,0,0,0,0,0,0,0,10,5,1,3,1,1,4,1,5,0,0,0,0,0,1,1,1,2,1,3,0,31,17,1,0,0,0.504186988,0,29.82806206,2774.75,0,https://www.fifa.com/en/tournaments/mens/worldcup/canadamexicousa2026/statistics/player-statistics
486081,Lukas CERV,ČERV,Midfielder,MF,10/04/2001,25,Younger,12,2,172.2,86.1,0,0,3,2,0.00%,42,36,85.70%,3,1.57,3,1.57,0.06,0.00x,TRUE,TRUE,FALSE,TRUE,TRUE,FALSE,TRUE,FALSE,FALSE,0,0,0,0,0,0,3,0,0,0,1,1,0,2,1,5,1,4.243162473,3,1,0,1,0,27,11,0,0,2561.119995,89.80999947,8678.509766,767.1199951,6129.689941,20,27,6,0,0,0,0,0,0,0,0,0,0,0,0,0,19,2,3,6,2,1,1,9,2,0,0,0,0,11,7,6,6,9,0,1,0,7,97,45,4,2,28,37,54,13,67,0,0,0,0,23,4,0,0,18,31,18,0,204,53,0,2,1,0.193507195,0,28.67286491,18226.25,0,https://www.fifa.com/en/tournaments/mens/worldcup/canadamexicousa2026/statistics/player-statistics
484011,Lukas PROVOD,PROVOD,Midfielder,MF,23/10/1996,29,Older,17,3,137.6,45.9,0,0,1,0,0.00%,48,37,77.10%,2,1.31,1,0.65,0.05,0.00x,TRUE,FALSE,FALSE,TRUE,TRUE,FALSE,TRUE,FALSE,FALSE,0,0,0,0,0,0,1,0,0,0,0,0,1,1,0,4,0,6.943658193,2,0,0,2,1,49,5,0,0,2914.480042,412.1100006,6749.260132,1102.620026,4832.750244,20,30,9,0,0,0,0,0,0,0,0,0,0,0,0,0,16,1,2,4,4,1,1,14,3,3,2,2,0,9,7,4,6,8,1,2,0,7,109,47,3,31,15,4,24,26,50,1,0,0,0,15,24,2,4,16,34,20,0,228,88,2,1,1,1.812299728,2,33.30233002,16011.21997,0,https://www.fifa.com/en/tournaments/mens/worldcup/canadamexicousa2026/statistics/player-statistics
485666,Maghnes AKLIOUCHE,AKLIOUCHE,Midfielder,MF,25/02/2002,24,Younger,25,1,10,10,0,0,0,0,,7,5,71.40%,0,0,0,0,0,,TRUE,FALSE,FALSE,FALSE,TRUE,FALSE,FALSE,FALSE,FALSE,0,0,0,0,0,0,0,0,0,0,0,0,0,0,0,0,0,1.03513062,0,0,0,2,0,8,2,0,0,283.9200134,14.25000095,678.539978,70.20000458,322.8399963,0,4,0,0,0,0,0,0,0,0,0,0,0,0,0,0,3,0,0,0,0,0,0,0,0,0,0,0,0,3,0,0,3,3,0,0,0,0,20,7,0,3,5,3,7,4,11,0,0,0,0,3,2,0,1,3,5,4,0,24,5,1,0,0,1.192239642,0,26.64223862,1369.75,0,https://www.fifa.com/en/tournaments/mens/worldcup/canadamexicousa2026/statistics/player-statistics
483183,MAHMOUD SABER,M. SABER,Midfielder,MF,30/07/2001,24,Younger,21,2,51.3,25.7,1,0,3,1,33.30%,34,30,88.20%,2,3.51,1,1.75,0.16,6.15x,TRUE,TRUE,FALSE,FALSE,TRUE,FALSE,FALSE,FALSE,FALSE,0,0,0,0,0,0,2,1,0,0,1,1,2,2,0,1,0,2.73565836,1,0,0,1,1,10,1,0,0,1397.619995,65.76999474,3063.410072,390.260004,1672.580074,17,21,3,0,0,0,0,0,0,0,0,1,0,0,0,0,10,1,0,2,1,1,1,6,1,0,0,0,0,7,5,5,6,6,0,0,0,3,80,28,6,2,14,34,26,24,50,0,0,0,0,20,3,0,1,9,30,10,0,123,30,1,1,1,0.141892695,0,29.50697327,6589.640274,1,https://www.fifa.com/en/tournaments/mens/worldcup/canadamexicousa2026/statistics/player-statistics
448214,Malik TILLMAN,TILLMAN,Midfielder,MF,28/05/2002,24,Younger,17,5,416,83.2,2,1,8,4,25.00%,163,129,79.10%,3,0.65,14,3.03,0.73,2.75x,TRUE,TRUE,TRUE,TRUE,TRUE,FALSE,TRUE,FALSE,TRUE,0,1,0,0,1,2,3,2,0,0,5,2,2,3,2,22,2,6.447693825,11,2,10,15,4,115,25,10,0,7223.46994,919.299984,18429.50946,2640.619865,15178.74957,92,140,15,10,0,0,0,0,0,0,2,0,2,0,0,0,77,10,3,15,8,2,2,47,18,9,3,6,2,44,30,22,29,51,4,2,2,32,418,213,18,28,73,35,93,43,136,0,0,0,0,32,68,7,21,97,84,118,0,607,215,1,1,7,2.220139533,10,32.88147736,44391.64941,1,https://www.fifa.com/en/tournaments/mens/worldcup/canadamexicousa2026/statistics/player-statistics
485677,Manu KONE,KONE,Midfielder,MF,17/05/2001,25,Younger,6,5,426.2,85.2,0,0,6,2,0.00%,263,242,92.00%,6,1.27,7,1.48,0.19,0.00x,TRUE,TRUE,TRUE,TRUE,TRUE,FALSE,TRUE,FALSE,TRUE,0,1,0,0,0,0,2,4,0,0,1,1,3,5,1,14,2,4.025782943,9,1,0,1,0,91,23,1,0,7491.290161,357.9799957,19970.88989,1599.859955,15917.03015,103,134,24,1,0,0,0,0,0,0,0,0,0,0,0,0,58,2,4,16,13,9,10,50,3,3,0,0,1,39,34,29,32,22,2,2,1,17,586,225,26,3,24,63,63,27,90,0,0,0,0,42,12,1,10,86,191,96,0,590,110,1,1,2,0.928901285,0,30.27900314,45337.05078,1,https://www.fifa.com/en/tournaments/mens/worldcup/canadamexicousa2026/statistics/player-statistics
441623,Manuel UGARTE,M. UGARTE,Midfielder,MF,11/04/2001,25,Younger,5,3,197.5,65.8,0,0,3,1,0.00%,136,118,86.80%,1,0.46,0,0,0.09,0.00x,TRUE,TRUE,TRUE,TRUE,TRUE,FALSE,TRUE,FALSE,TRUE,0,0,0,0,0,0,2,1,0,0,0,0,2,3,1,3,1,6.398842176,3,0,0,0,0,40,17,1,0,2571.06012,211.0699997,9541.660156,941.9199524,7841.680054,66,83,3,1,0,0,0,0,0,0,0,0,0,0,0,0,43,2,5,10,6,3,3,28,4,2,1,1,1,29,20,16,21,25,0,3,1,15,296,102,13,1,20,72,73,20,93,0,0,0,0,45,4,0,4,57,81,61,0,239,72,0,3,0,0.379011518,0,31.81855202,21107.39014,0,https://www.fifa.com/en/tournaments/mens/worldcup/canadamexicousa2026/statistics/player-statistics
461788,MARAWAN ATTIA,M. ATTIA,Midfielder,MF,1/08/1998,27,Younger,19,5,495.5,99.1,0,1,4,1,0.00%,357,313,87.70%,8,1.45,1,0.18,0.05,0.00x,TRUE,TRUE,TRUE,TRUE,TRUE,FALSE,TRUE,FALSE,TRUE,0,3,0,0,0,0,2,2,0,0,1,0,0,3,1,4,8,6.8525177,3,8,0,8,3,182,29,11,0,9897.700195,1065.310005,24071.99976,3215.930176,18329.3302,139,184,18,12,0,0,0,0,0,0,0,0,0,0,1,0,159,10,7,52,34,29,35,103,15,7,0,0,5,92,62,52,70,99,2,3,5,54,749,253,27,8,79,158,140,105,245,0,0,0,0,120,22,0,1,118,244,119,0,829,260,1,1,0,0.297244551,4,33.03301239,56580.27002,2,https://www.fifa.com/en/tournaments/mens/worldcup/canadamexicousa2026/statistics/player-statistics
358241,Marcel SABITZER,SABITZER,Midfielder,MF,17/03/1994,32,Older,9,4,412.3,103.1,1,0,5,2,20.00%,126,94,74.60%,2,0.44,3,0.65,0.46,2.19x,TRUE,TRUE,TRUE,TRUE,TRUE,FALSE,TRUE,FALSE,TRUE,0,1,0,0,0,1,1,3,0,0,1,0,2,4,2,6,1,6.026861906,4,1,9,30,10,137,10,5,0,5868.320068,1128.960022,14751.72974,2703.829956,16911.11987,70,106,26,5,0,0,0,0,0,0,0,0,1,0,0,0,70,7,4,13,5,1,2,40,16,11,5,6,3,41,24,18,27,37,4,0,2,23,324,156,15,47,66,8,48,73,121,1,0,0,0,51,80,7,8,68,74,76,0,488,233,0,0,3,2.692492306,3,33.62023926,41363.95898,1,https://www.fifa.com/en/tournaments/mens/worldcup/canadamexicousa2026/statistics/player-statistics
380005,Mario PASALIC,PAŠALIĆ,Midfielder,MF,9/02/1995,31,Older,15,4,158.9,39.7,0,0,4,1,0.00%,50,45,90.00%,2,1.13,0,0,0.36,0.00x,TRUE,TRUE,TRUE,TRUE,TRUE,FALSE,TRUE,FALSE,TRUE,0,1,0,0,1,0,0,3,0,0,1,0,2,3,1,1,0,6.432070374,0,0,0,0,0,23,8,1,0,2381.500061,332.380013,6305.669861,1163.340004,6134.350189,26,35,7,1,0,0,0,0,0,0,0,0,0,1,0,0,11,0,1,3,3,2,2,11,1,1,0,0,1,7,7,5,5,4,0,1,1,4,119,51,6,3,17,11,23,8,31,1,0,0,0,10,9,0,4,18,33,22,0,218,78,3,1,0,1.992899179,0,31.88802338,16317.23987,0,https://www.fifa.com/en/tournaments/mens/worldcup/canadamexicousa2026/statistics/player-statistics
423595,Marko STAMENIC,STAMENIC,Midfielder,MF,19/02/2002,24,Younger,8,3,302.9,101,0,0,3,0,0.00%,171,156,91.20%,4,1.19,0,0,0.09,0.00x,TRUE,TRUE,TRUE,TRUE,TRUE,FALSE,TRUE,FALSE,TRUE,0,1,1,0,0,0,1,1,0,0,1,0,1,2,0,5,1,6.520412604,5,1,0,2,1,67,18,0,0,4931.360107,653.1100006,14093.83984,1905.949951,11314.03052,67,84,10,0,0,0,0,0,0,0,0,0,0,0,0,0,64,7,2,26,22,16,17,47,9,4,0,1,1,29,21,15,19,27,4,2,0,19,364,117,8,6,26,66,66,32,98,0,0,0,0,58,9,0,6,47,126,53,0,415,133,0,1,2,0.295434371,3,32.28368378,32898.28809,1,https://www.fifa.com/en/tournaments/mens/worldcup/canadamexicousa2026/statistics/player-statistics
402044,Marten DE ROON,DE ROON,Midfielder,MF,29/03/1991,35,Older,3,1,11.8,11.8,0,0,0,0,,1,1,100.00%,0,0,0,0,0,,TRUE,FALSE,FALSE,FALSE,TRUE,FALSE,FALSE,FALSE,FALSE,0,0,0,0,0,0,0,0,0,0,0,0,0,0,0,0,0,1.746928811,0,0,0,0,0,1,0,0,0,201.9799957,0,717.7199097,59.00999832,395.9299927,0,0,0,0,0,0,0,0,0,0,0,0,0,0,0,0,0,0,0,0,0,0,0,0,0,0,0,0,0,0,0,0,0,0,0,0,0,0,2,1,0,0,0,1,1,0,1,0,0,0,0,0,0,0,0,0,1,0,0,23,4,1,0,0,0.030574882,0,24.03386307,1374.639893,0,https://www.fifa.com/en/tournaments/mens/worldcup/canadamexicousa2026/statistics/player-statistics
482774,Martin BATURINA,BATURINA,Midfielder,MF,16/02/2003,23,Younger,16,4,344.3,86.1,1,0,3,1,33.30%,93,80,86.00%,1,0.26,14,3.66,0.1,10.18x,TRUE,TRUE,TRUE,TRUE,TRUE,FALSE,TRUE,FALSE,TRUE,0,1,0,0,0,0,0,3,0,0,0,0,1,3,1,16,1,6.583574057,10,1,2,10,2,119,8,1,0,5665.070068,693.7899475,16578.85986,2335.950073,12532,63,90,17,1,0,0,0,0,0,0,0,0,1,0,0,0,28,3,1,4,0,0,0,12,8,4,3,4,1,16,8,7,11,18,0,0,1,8,240,113,10,40,62,17,59,60,119,0,0,0,0,43,53,3,9,65,57,74,0,489,175,0,3,8,2.942629278,2,33.58800507,37805.6709,0,https://www.fifa.com/en/tournaments/mens/worldcup/canadamexicousa2026/statistics/player-statistics
400716,Martin ODEGAARD,ØDEGAARD,Midfielder,MF,17/12/1998,27,Younger,10,5,537.9,107.6,0,4,9,3,0.00%,367,322,87.70%,3,0.5,4,0.67,0.72,0.00x,TRUE,TRUE,TRUE,TRUE,TRUE,FALSE,TRUE,FALSE,TRUE,0,2,0,0,1,0,2,6,0,0,5,2,4,4,1,17,0,5.863435745,14,0,12,16,3,195,18,8,0,10525.9502,1432.72998,26557.89014,3757.26001,20655.10083,179,233,18,8,0,0,0,0,0,0,0,0,0,0,0,0,107,7,6,28,22,14,15,78,18,10,4,6,5,61,46,35,43,65,3,5,3,48,789,265,28,29,173,127,212,117,329,0,0,0,0,161,99,5,6,126,251,132,0,878,302,0,1,3,2.014684677,4,32.47473145,62928.92969,0,https://www.fifa.com/en/tournaments/mens/worldcup/canadamexicousa2026/statistics/player-statistics
430754,Martin ZUBIMENDI,ZUBIMENDI,Midfielder,MF,2/02/1999,27,Younger,18,1,29.6,29.6,0,0,0,0,,24,22,91.70%,0,0,0,0,0,,TRUE,FALSE,FALSE,FALSE,TRUE,FALSE,FALSE,FALSE,FALSE,0,0,0,0,0,0,0,0,0,0,0,0,0,0,0,0,0,0.899053872,0,0,0,0,0,1,0,0,0,410.9799805,16.70000076,1989.540161,117.5300064,1035.820068,8,10,0,0,0,0,0,0,0,0,0,0,0,0,0,0,6,0,0,1,1,1,1,4,0,0,0,0,0,5,3,3,5,4,0,0,0,2,49,18,4,0,1,6,5,2,7,0,0,0,0,5,2,0,0,4,20,4,0,36,7,1,0,0,0.159854576,0,26.35915565,3570.570313,0,https://www.fifa.com/en/tournaments/mens/worldcup/canadamexicousa2026/statistics/player-statistics
339987,Mateo KOVACIC,KOVAČIĆ,Midfielder,MF,6/05/1994,32,Older,8,4,293.7,73.4,0,1,5,4,0.00%,208,198,95.20%,3,0.92,3,0.92,0.46,0.00x,TRUE,TRUE,TRUE,TRUE,TRUE,FALSE,TRUE,FALSE,TRUE,0,1,2,0,0,0,1,2,0,0,1,1,0,4,3,9,2,6.726018786,8,2,0,0,0,95,16,7,0,4401.75,519.7400017,15169.16064,1445.549973,10966.87988,105,126,7,7,0,0,0,0,0,0,0,0,0,0,0,0,47,2,0,18,16,15,16,41,3,2,1,1,0,26,23,22,24,30,1,0,0,24,442,143,12,4,27,57,60,28,88,0,0,0,0,48,15,1,4,82,130,86,0,354,108,1,3,2,0.287783571,1,32.16201401,32503.07959,0,https://www.fifa.com/en/tournaments/mens/worldcup/canadamexicousa2026/statistics/player-statistics
441148,MATHEUS NUNES,MATHEUS N.,Midfielder,MF,27/08/1998,27,Younger,6,1,4.1,4.1,0,0,0,0,,1,1,100.00%,0,0,0,0,0,,TRUE,FALSE,FALSE,FALSE,TRUE,FALSE,FALSE,FALSE,FALSE,0,0,0,0,0,0,0,0,0,0,0,0,0,0,0,0,0,1.389725494,0,0,0,0,0,0,0,0,0,81.06999969,0,174.7900085,22.25999832,154.6300049,1,1,0,0,0,0,0,0,0,0,0,0,0,0,0,0,0,0,0,0,0,0,0,0,0,0,0,0,0,0,0,0,0,0,0,0,0,0,2,1,1,0,1,0,1,0,1,0,0,0,0,0,0,0,0,0,1,0,0,6,2,1,0,0,0.368125916,0,23.32625198,432.75,0,https://www.fifa.com/en/tournaments/mens/worldcup/canadamexicousa2026/statistics/player-statistics
448390,Mathieu CHOINIERE,CHOINIÈRE,Midfielder,MF,7/02/1999,27,Younger,6,1,61.7,61.7,0,0,0,0,,29,23,79.30%,1,1.46,1,1.46,0,,TRUE,FALSE,FALSE,FALSE,TRUE,FALSE,FALSE,FALSE,FALSE,0,0,0,0,0,0,0,0,0,0,0,0,0,0,0,0,1,1.477724934,0,1,1,4,2,19,2,4,0,1376.880005,95.82000732,3535.119629,575.8300171,2013.76001,9,14,2,4,0,0,0,0,0,0,0,0,0,0,0,0,15,1,0,4,1,1,3,10,2,1,0,0,1,9,8,7,7,8,0,0,1,3,63,28,2,0,7,12,12,7,19,0,0,0,0,13,5,0,0,10,19,10,0,132,43,0,1,0,0.026058791,0,27.09070587,7597.409668,0,https://www.fifa.com/en/tournaments/mens/worldcup/canadamexicousa2026/statistics/player-statistics
424422,Matias GALARZA,GALARZA,Midfielder,MF,11/02/2002,24,Younger,23,4,439.9,110,1,1,2,1,50.00%,113,82,72.60%,10,2.05,9,1.84,0.07,13.75x,TRUE,FALSE,TRUE,TRUE,TRUE,FALSE,TRUE,FALSE,TRUE,0,1,0,0,0,0,0,2,0,0,0,0,0,2,1,8,0,5.321657181,3,0,0,4,1,197,61,2,0,6678.069946,1236.120026,20374.58984,3410.649841,16797.1499,56,91,42,2,0,0,0,0,0,0,0,0,1,0,0,0,37,3,3,9,4,2,3,18,6,2,1,2,1,22,12,9,15,29,0,2,1,15,280,146,6,24,47,16,35,52,87,0,0,0,0,24,35,3,12,68,55,80,0,560,237,0,2,2,0.936238408,4,31.05018425,48496.58008,2,https://www.fifa.com/en/tournaments/mens/worldcup/canadamexicousa2026/statistics/player-statistics
433795,Mattias SVANBERG,SVANBERG,Midfielder,MF,5/01/1999,27,Younger,19,2,25.9,12.9,1,0,3,2,33.30%,7,7,100.00%,0,0,1,3.48,0.23,4.26x,TRUE,TRUE,FALSE,FALSE,TRUE,FALSE,FALSE,FALSE,FALSE,0,0,0,0,0,0,1,2,0,0,2,2,1,1,0,0,0,3.673797607,0,0,0,0,0,5,1,0,0,587.8199768,28.24999905,1375.859985,243.5500031,921.6299744,3,6,0,0,0,0,0,0,0,0,0,1,0,0,0,0,1,0,0,0,0,0,0,1,0,0,0,0,0,1,1,1,1,1,0,0,0,1,23,11,4,0,5,3,8,0,8,0,0,0,0,2,3,0,0,5,6,5,0,49,15,2,0,0,0.884503216,0,26.42413902,3157.109985,0,https://www.fifa.com/en/tournaments/mens/worldcup/canadamexicousa2026/statistics/player-statistics
495046,MAURICIO,MAURICIO,Midfielder,MF,22/06/2001,24,Younger,11,4,208.4,52.1,1,0,4,3,25.00%,69,54,78.30%,3,1.3,3,1.3,0.32,3.12x,TRUE,TRUE,TRUE,TRUE,TRUE,FALSE,TRUE,FALSE,TRUE,0,0,1,0,0,0,0,3,0,0,2,2,1,2,1,3,1,5.189029026,3,1,5,12,2,75,4,4,0,3930.130188,411.6499977,9095.40979,1408.51001,7445.51001,37,62,10,4,0,0,0,0,0,0,0,1,0,0,0,0,24,3,1,5,1,1,1,8,4,1,1,1,0,15,6,6,11,18,0,0,0,4,173,78,9,16,34,22,43,29,72,0,0,0,0,21,21,2,6,42,31,48,0,321,110,4,0,1,2.803206503,1,32.12030792,22291.21069,0,https://www.fifa.com/en/tournaments/mens/worldcup/canadamexicousa2026/statistics/player-statistics
419100,Maxi ARAUJO,M. ARAUJO,Midfielder,MF,15/02/2000,26,Younger,20,3,278.2,92.7,2,1,4,3,50.00%,57,50,87.70%,2,0.65,7,2.26,1.09,1.83x,TRUE,TRUE,TRUE,TRUE,TRUE,FALSE,TRUE,FALSE,TRUE,0,1,0,0,1,0,1,1,0,1,3,2,1,1,1,14,0,5.962893963,8,0,10,18,8,79,11,6,0,3534.309998,753.2100372,10864.02002,1641.849976,10849.44019,45,63,10,6,0,0,0,0,0,0,0,2,0,2,0,0,26,2,2,4,3,0,0,19,7,6,4,4,1,15,10,7,10,15,2,1,0,13,174,98,16,74,51,10,72,63,135,6,0,0,0,31,45,7,9,46,32,55,0,308,129,0,2,7,4.820060015,0,32.41666031,27642.83008,0,https://www.fifa.com/en/tournaments/mens/worldcup/canadamexicousa2026/statistics/player-statistics
390535,Mehdi TORABI,M. TORABI,Midfielder,MF,10/09/1994,31,Older,16,1,29.6,29.6,0,0,0,0,,20,17,85.00%,0,0,0,0,0,,TRUE,FALSE,FALSE,FALSE,TRUE,FALSE,FALSE,FALSE,FALSE,0,0,0,0,0,0,0,0,0,0,0,0,0,0,0,0,0,2.341948986,0,0,0,2,0,13,1,0,0,698.9799805,13.72999954,1237.800049,256.5899963,1254.560059,13,18,1,0,0,0,0,0,0,0,0,0,0,0,0,0,7,0,0,0,0,0,0,4,1,1,1,1,0,6,3,3,6,7,0,0,0,4,45,14,1,5,6,4,6,9,15,0,0,0,0,7,6,1,1,10,11,11,0,65,18,1,0,0,0.331072688,0,27.6313591,3461.660156,0,https://www.fifa.com/en/tournaments/mens/worldcup/canadamexicousa2026/statistics/player-statistics
433668,Michal SADILEK,SADÍLEK,Midfielder,MF,31/05/1999,27,Younger,18,3,204,68,1,0,7,3,14.30%,84,69,82.10%,0,0,3,1.32,0.7,1.42x,TRUE,TRUE,TRUE,TRUE,TRUE,FALSE,TRUE,FALSE,TRUE,0,1,0,0,0,0,2,4,0,0,5,2,2,2,1,0,2,7.161083221,0,2,5,11,2,75,4,11,0,4412.239746,477.7399826,11258.48022,1527.450104,6536.639771,28,43,10,11,0,0,0,0,0,0,0,1,0,1,0,0,35,3,2,9,6,4,4,21,4,2,0,0,1,22,13,10,16,18,1,1,1,11,201,94,12,15,26,26,35,32,67,0,0,0,0,23,16,2,3,33,50,36,0,385,125,1,1,0,0.640160792,0,29.79463005,24212.54956,0,https://www.fifa.com/en/tournaments/mens/worldcup/canadamexicousa2026/statistics/player-statistics
433147,Michel AEBISCHER,AEBISCHER,Midfielder,MF,6/01/1997,29,Older,20,4,176.9,44.2,0,0,2,1,0.00%,76,66,86.80%,3,1.53,2,1.02,0.34,0.00x,TRUE,FALSE,TRUE,TRUE,TRUE,FALSE,TRUE,FALSE,TRUE,0,0,0,0,0,0,0,2,0,0,2,1,1,0,0,3,0,4.860491435,3,0,5,6,0,52,6,2,0,3445.260025,481.1200142,7796.380127,1582.610001,7742.180359,31,43,8,2,0,0,0,0,0,0,0,0,0,1,0,0,19,0,0,2,2,2,2,13,3,1,0,1,2,14,10,9,12,9,0,0,1,5,173,71,13,24,52,23,59,40,99,0,0,0,0,21,27,2,3,27,52,30,0,321,117,2,2,2,2.368376844,2,31.26561928,21047.55054,0,https://www.fifa.com/en/tournaments/mens/worldcup/canadamexicousa2026/statistics/player-statistics
369761,Miguel ALMIRON,ALMIRÓN,Midfielder,MF,10/02/1994,32,Older,10,4,306.1,76.5,0,0,4,0,0.00%,67,49,73.10%,2,0.59,7,2.06,0.11,0.00x,TRUE,TRUE,TRUE,TRUE,TRUE,FALSE,TRUE,FALSE,TRUE,0,1,1,0,0,0,3,0,0,0,1,0,2,3,0,18,0,6.509346843,10,0,2,4,0,123,21,4,1,4376.620056,751.25,14747.02051,1560.370026,11742.22058,47,78,17,4,0,0,0,0,0,0,0,0,0,0,0,0,24,2,1,5,2,2,2,11,6,4,4,4,0,13,5,5,10,20,0,0,0,10,183,101,11,13,53,16,32,50,82,0,0,0,0,32,26,2,10,44,40,54,1,357,129,0,3,6,0.901531883,0,33.2630806,33177.47949,1,https://www.fifa.com/en/tournaments/mens/worldcup/canadamexicousa2026/statistics/player-statistics
430733,Mikel MERINO,MERINO,Midfielder,MF,22/06/1996,29,Older,6,8,262,32.8,2,0,5,3,40.00%,101,89,88.10%,6,2.06,8,2.75,1.57,1.27x,TRUE,TRUE,TRUE,TRUE,TRUE,FALSE,TRUE,FALSE,TRUE,0,1,0,0,1,0,0,3,0,1,5,3,1,0,0,3,2,7.662824929,2,2,0,1,0,107,10,1,0,6723.059845,219.2899954,14135.34003,1933.170029,9146.909912,59,76,24,1,0,0,0,0,0,0,0,2,0,1,0,0,30,3,1,7,6,3,3,27,4,3,1,1,0,19,18,15,15,13,2,1,0,10,227,97,15,54,78,18,102,48,150,0,0,0,0,33,38,5,5,53,60,58,0,568,142,7,1,2,13.3505542,1,30.46206284,32157.77063,0,https://www.fifa.com/en/tournaments/mens/worldcup/canadamexicousa2026/statistics/player-statistics
479781,Mohamed HADJ MAHMOUD,HADJ MAHMOUD,Midfielder,MF,24/04/2000,26,Younger,15,2,52.8,26.4,0,0,0,0,,13,12,92.30%,2,3.41,0,0,0,,TRUE,FALSE,FALSE,FALSE,TRUE,FALSE,FALSE,FALSE,FALSE,0,0,0,0,0,0,0,0,0,0,0,0,0,0,0,0,1,4.458495299,0,1,0,0,0,25,6,1,0,829.3300171,219.5499954,2429.720032,424.5800018,2017.379822,7,8,1,1,0,0,0,0,0,0,0,0,0,0,0,0,4,0,0,2,2,2,2,4,0,0,0,0,0,2,2,2,2,2,0,0,0,2,24,11,0,2,9,7,11,7,18,0,0,0,0,5,1,0,2,5,4,7,0,67,36,2,0,0,0.562034503,2,30.99703407,5920.559814,0,https://www.fifa.com/en/tournaments/mens/worldcup/canadamexicousa2026/statistics/player-statistics
407993,MOHAMED KANNO,KANNO,Midfielder,MF,22/09/1994,31,Older,23,3,256.5,85.5,0,0,3,2,0.00%,104,97,93.30%,5,1.75,0,0,0.16,0.00x,TRUE,TRUE,TRUE,TRUE,TRUE,FALSE,TRUE,FALSE,TRUE,0,1,0,1,0,0,1,1,0,0,2,2,0,1,0,3,3,5.971347173,1,3,0,1,0,84,14,0,0,3269.799988,430.4400024,9473.410156,1120.76004,11202.05981,56,68,10,1,0,0,0,0,0,0,0,0,0,2,1,0,36,3,1,8,7,4,4,30,6,4,1,2,1,22,19,15,17,23,2,1,1,18,244,94,6,4,15,14,29,4,33,0,0,0,0,18,27,1,7,49,65,56,0,287,88,1,0,1,0.9525019,1,31.82990837,25496.46973,1,https://www.fifa.com/en/tournaments/mens/worldcup/canadamexicousa2026/statistics/player-statistics
520068,MOHAMMAD ABUGHOUSH,ABU GHOUSH,Midfielder,MF,13/07/2005,20,Younger,18,0,0,,0,0,0,0,,0,0,,0,,0,,0,,FALSE,FALSE,FALSE,FALSE,TRUE,FALSE,FALSE,FALSE,FALSE,0,0,0,0,0,0,0,0,0,0,0,0,0,0,0,0,0,0,0,0,0,0,0,0,0,0,0,0,0,0,0,0,0,0,0,0,0,0,0,0,0,0,0,0,0,0,0,0,0,0,0,0,0,0,0,0,0,0,0,0,0,0,0,0,0,0,0,0,0,0,0,0,0,0,0,0,0,0,0,0,0,0,0,0,0,0,0,0,0,0,0,0,0,0,0,0,0,0,0,0,0,https://www.fifa.com/en/tournaments/mens/worldcup/canadamexicousa2026/statistics/player-statistics
45191,MOHAMMAD ALDAOUD,ALDAOUD,Midfielder,MF,12/04/1992,34,Older,25,1,15.7,15.7,0,0,0,0,,5,2,40.00%,0,0,0,0,0,,TRUE,FALSE,FALSE,FALSE,TRUE,FALSE,FALSE,FALSE,FALSE,0,0,0,0,0,0,0,0,0,0,0,0,0,0,0,1,0,2.144487063,1,0,0,0,0,1,0,0,0,356.8999939,8.539999962,674.8600464,100.5999985,479.3399963,2,5,0,0,0,0,0,0,0,0,0,0,0,0,0,0,2,0,0,0,0,0,0,0,1,0,0,1,0,1,0,0,1,2,0,0,0,0,9,4,0,3,2,2,0,7,7,0,0,0,0,1,1,0,0,4,0,4,0,28,7,1,0,1,0.152899668,1,25.88689613,1620.23999,0,https://www.fifa.com/en/tournaments/mens/worldcup/canadamexicousa2026/statistics/player-statistics
482670,Mohammad GHORBANI,MOHAMMAD,Midfielder,MF,7/10/2001,24,Younger,21,1,104.6,104.6,0,0,2,0,0.00%,19,16,84.20%,2,1.72,1,0.86,0.18,0.00x,TRUE,FALSE,FALSE,TRUE,TRUE,FALSE,TRUE,FALSE,FALSE,0,1,0,0,0,0,1,0,0,0,1,0,0,1,0,1,0,2.38716809,0,0,0,0,0,23,3,0,0,2110.419922,102.5400009,5705.970215,763.9100342,3799.02002,13,18,5,0,0,0,0,0,0,0,0,0,0,0,0,0,8,0,2,3,1,1,1,3,0,0,0,0,0,5,2,2,3,6,0,0,0,3,53,27,2,1,2,6,7,2,9,0,0,0,0,3,4,0,5,9,10,14,0,191,53,0,0,0,0.143285513,0,28.07240486,12481.86035,0,https://www.fifa.com/en/tournaments/mens/worldcup/canadamexicousa2026/statistics/player-statistics
448497,Mohammad MOHEBBI,M. MOHEBBI,Midfielder,MF,20/12/1998,27,Younger,8,3,271.5,90.5,1,0,2,1,50.00%,69,49,71.00%,1,0.33,1,0.33,0.24,4.15x,TRUE,FALSE,TRUE,TRUE,TRUE,FALSE,TRUE,FALSE,TRUE,0,1,0,0,1,0,0,1,0,0,2,1,0,0,0,3,1,6.831817309,1,0,0,1,0,133,15,0,0,6036.859741,862.8500366,10345.81006,2424.789978,11105.50024,43,65,8,0,0,0,0,0,0,0,0,1,0,1,0,0,16,0,2,2,0,0,0,6,3,1,1,3,0,11,5,5,9,12,0,0,0,5,159,77,5,41,41,13,36,59,95,0,0,0,0,27,43,3,11,50,20,61,0,470,170,0,2,0,2.393956274,1,32.2670784,30775.80859,0,https://www.fifa.com/en/tournaments/mens/worldcup/canadamexicousa2026/statistics/player-statistics
433469,MOHANAD LASHIN,M. LASHIN,Midfielder,MF,29/05/1996,30,Older,17,4,409.7,102.4,0,0,2,0,0.00%,191,169,88.50%,5,1.1,3,0.66,0.12,0.00x,TRUE,FALSE,TRUE,TRUE,TRUE,FALSE,TRUE,FALSE,TRUE,0,0,0,1,0,0,1,0,0,0,1,0,2,1,0,4,6,6.484738469,3,6,0,2,0,156,42,2,0,6351.119995,686.1300125,18726.06982,2124.629883,16400.94971,77,100,23,3,0,0,0,0,0,0,0,0,0,1,1,0,74,6,10,30,22,13,14,47,7,2,0,0,1,37,23,14,20,43,2,7,0,22,406,151,11,2,25,92,61,58,119,0,0,0,0,70,11,1,4,60,134,64,0,538,161,0,1,2,0.331261702,0,31.55500984,44288.90039,2,https://www.fifa.com/en/tournaments/mens/worldcup/canadamexicousa2026/statistics/player-statistics
479389,MOHANNAD ABUTAHA,ABU TAHA,Midfielder,MF,2/02/2003,23,Younger,20,3,296.2,98.7,0,0,1,0,0.00%,87,59,67.80%,2,0.61,2,0.61,0.04,0.00x,TRUE,FALSE,TRUE,TRUE,TRUE,FALSE,TRUE,FALSE,TRUE,0,1,0,0,0,0,1,0,0,0,0,0,0,1,0,9,2,6.464989821,7,0,2,6,3,98,21,0,0,4683.460083,520.3600159,13269.79102,2200.009949,11187.78003,46,76,21,0,0,0,0,0,0,0,0,0,0,0,0,0,37,2,2,16,9,8,12,17,6,3,1,2,2,15,5,3,9,24,1,0,1,10,213,106,6,25,36,15,19,57,76,0,0,0,0,25,25,2,7,57,36,64,0,423,170,0,1,6,0.402029552,6,31.80205727,31861.40137,1,https://www.fifa.com/en/tournaments/mens/worldcup/canadamexicousa2026/statistics/player-statistics
428885,Moises CAICEDO,M. CAICEDO,Midfielder,MF,2/11/2001,24,Younger,23,4,407.5,101.9,0,0,4,1,0.00%,295,264,89.50%,5,1.1,4,0.88,0.19,0.00x,TRUE,TRUE,TRUE,TRUE,TRUE,FALSE,TRUE,FALSE,TRUE,0,0,0,1,0,0,1,2,0,0,1,0,3,3,1,4,3,6.232806683,1,3,8,16,7,83,28,13,0,6032.77002,554.8499908,18144.71973,1910.129852,15710.93042,112,130,16,13,0,0,0,0,0,0,0,0,0,1,0,0,105,9,9,30,22,11,12,74,13,7,0,1,3,62,45,32,41,27,5,6,2,20,640,236,24,7,58,83,110,38,148,0,0,0,0,73,24,0,5,59,238,64,0,505,134,0,0,0,0.395999141,1,34.48587799,42353.40137,1,https://www.fifa.com/en/tournaments/mens/worldcup/canadamexicousa2026/statistics/player-statistics
492716,Morgan ROGERS,ROGERS,Midfielder,MF,26/07/2002,23,Younger,17,7,411.7,58.8,0,1,3,1,0.00%,121,102,84.30%,5,1.09,5,1.09,0.13,0.00x,TRUE,TRUE,TRUE,TRUE,TRUE,FALSE,TRUE,FALSE,TRUE,0,2,0,0,0,0,1,1,0,1,1,0,0,2,1,13,3,6.394670308,9,3,0,6,1,162,24,1,0,7387.040009,1162.790028,19488.08014,2887.989967,16120.48016,75,107,20,1,0,0,0,0,0,0,0,0,0,0,0,0,35,3,0,5,3,2,2,27,13,10,7,8,2,17,14,11,12,26,1,0,2,19,284,131,18,72,81,34,138,49,187,2,0,0,0,53,59,6,18,62,65,80,0,608,227,4,0,5,6.5935909,0,33.63362122,47046.37805,0,https://www.fifa.com/en/tournaments/mens/worldcup/canadamexicousa2026/statistics/player-statistics
433067,Morten Thorsby,THORSBY,Midfielder,MF,5/05/1996,30,Older,2,1,50.1,50.1,0,0,0,0,,18,17,94.40%,1,1.8,0,0,0,,TRUE,FALSE,FALSE,FALSE,TRUE,FALSE,FALSE,FALSE,FALSE,0,0,0,0,0,0,0,0,0,0,0,0,0,0,0,0,0,1.227020343,0,0,0,0,0,33,3,0,0,1148.239868,146.0200043,2715.439941,389.0799866,1753.790039,16,17,0,0,0,0,0,0,0,0,0,0,0,0,0,0,2,0,0,1,1,1,1,2,0,0,0,0,0,1,1,1,1,2,0,0,0,2,39,14,0,9,16,8,23,10,33,0,0,0,0,6,5,0,1,17,2,18,0,107,30,1,0,0,0.994879425,0,29.79688072,6152.569824,0,https://www.fifa.com/en/tournaments/mens/worldcup/canadamexicousa2026/statistics/player-statistics
483161,MOSTAFA ZICO,ZICO,Midfielder,MF,27/04/1997,29,Older,11,5,398.3,79.7,2,1,8,3,25.00%,83,57,68.70%,6,1.36,5,1.13,1.1,1.82x,TRUE,TRUE,TRUE,TRUE,TRUE,FALSE,TRUE,FALSE,TRUE,0,3,0,0,5,0,0,3,0,0,7,3,2,1,0,4,1,7.405750275,1,1,0,2,1,192,31,2,0,8625.230103,953.7599869,22693.02002,2933.730042,13948.72974,30,59,15,2,0,0,0,0,0,0,0,2,0,2,0,0,30,4,0,7,4,2,3,17,7,3,1,2,1,16,10,8,11,19,2,0,0,7,215,112,17,83,68,15,99,67,166,2,0,0,0,34,61,6,20,36,52,56,0,726,225,0,5,0,10.08707011,2,32.44748306,49154.46973,0,https://www.fifa.com/en/tournaments/mens/worldcup/canadamexicousa2026/statistics/player-statistics
436537,MUSAB ALJUWAYR,MUSAB,Midfielder,MF,20/06/2003,22,Younger,7,3,167.3,55.8,0,0,0,0,,79,64,81.00%,1,0.54,1,0.54,0,,TRUE,FALSE,TRUE,TRUE,TRUE,FALSE,TRUE,FALSE,TRUE,0,0,0,0,0,0,0,0,0,0,0,0,0,0,0,4,0,7.548085372,2,0,7,7,3,107,8,2,0,3881.98999,202.2400055,9285.319824,1230.089966,6367.799805,43,57,5,2,0,0,0,0,0,0,0,0,0,0,0,0,28,2,1,6,0,0,3,12,7,3,2,3,2,15,9,8,10,15,0,0,1,7,173,73,5,20,54,5,43,36,79,2,0,0,0,24,28,1,2,47,34,49,0,326,85,1,2,1,2.146325588,3,30.26421165,20967.44043,0,https://www.fifa.com/en/tournaments/mens/worldcup/canadamexicousa2026/statistics/player-statistics
379939,Nabil Bentaleb,BENTALEB,Midfielder,MF,24/11/1994,31,Older,19,4,313.6,78.4,0,0,1,0,0.00%,280,255,91.10%,2,0.57,3,0.86,0.02,0.00x,TRUE,FALSE,TRUE,TRUE,TRUE,FALSE,TRUE,FALSE,TRUE,0,1,0,0,0,0,0,1,0,0,0,0,0,1,0,5,1,6.59290576,4,0,0,1,0,42,12,8,0,4398.760071,360.7799988,14774.94092,1664.599976,12426.78955,91,107,16,10,0,0,0,0,0,0,0,0,0,0,2,0,83,2,9,37,30,25,26,63,3,2,1,1,0,43,31,26,32,35,1,4,0,27,589,178,18,1,25,66,73,19,92,0,0,0,0,38,7,0,4,52,225,56,0,405,115,1,2,0,0.289427957,0,31.00060463,33625.87158,0,https://www.fifa.com/en/tournaments/mens/worldcup/canadamexicousa2026/statistics/player-statistics
433466,NABIL DONGA,DONGA,Midfielder,MF,6/04/1996,30,Older,18,0,0,,0,0,0,0,,0,0,,0,,0,,0,,FALSE,FALSE,FALSE,FALSE,TRUE,FALSE,FALSE,FALSE,FALSE,0,0,0,0,0,0,0,0,0,0,0,0,0,0,0,0,0,0,0,0,0,0,0,0,0,0,0,0,0,0,0,0,0,0,0,0,0,0,0,0,0,0,0,0,0,0,0,0,0,0,0,0,0,0,0,0,0,0,0,0,0,0,0,0,0,0,0,0,0,0,0,0,0,0,0,0,0,0,0,0,0,0,0,0,0,0,0,0,0,0,0,0,0,0,0,0,0,0,0,0,0,https://www.fifa.com/en/tournaments/mens/worldcup/canadamexicousa2026/statistics/player-statistics
395471,Nadiem Amiri,AMIRI,Midfielder,MF,27/10/1996,29,Older,20,2,50.1,25.1,0,1,2,1,0.00%,20,17,85.00%,0,0,0,0,0.26,0.00x,TRUE,FALSE,FALSE,FALSE,TRUE,FALSE,FALSE,FALSE,FALSE,0,0,0,0,0,1,0,1,0,0,1,1,1,1,0,0,1,3.077653885,0,1,0,2,1,11,0,1,0,911.0800018,179.0999947,2256.040039,397.239975,1695.220001,6,10,1,1,0,0,0,0,0,0,0,0,0,0,0,0,8,1,0,2,1,1,1,5,2,1,1,1,0,4,3,3,3,1,0,0,0,1,48,22,5,2,8,7,9,8,17,0,0,0,0,8,4,0,0,5,18,5,0,80,26,2,0,0,0.805974424,0,29.55004311,5438.67981,0,https://www.fifa.com/en/tournaments/mens/worldcup/canadamexicousa2026/statistics/player-statistics
403319,NASSER ALDAWSARI,NASSER,Midfielder,MF,19/12/1998,27,Younger,6,3,230.9,77,0,0,1,0,0.00%,107,92,86.00%,7,2.73,2,0.78,0.01,0.00x,TRUE,FALSE,TRUE,TRUE,TRUE,FALSE,TRUE,FALSE,TRUE,0,1,0,0,0,0,0,1,0,0,0,0,0,1,0,12,1,7.143174489,12,0,0,1,0,106,19,1,0,6304.779968,470.0800209,11574.08032,2038.289917,7651.069946,66,86,8,1,0,0,0,0,0,0,0,0,0,0,0,0,27,1,1,7,6,5,5,19,2,1,1,1,0,18,12,11,16,20,0,1,0,13,240,102,4,3,31,56,56,34,90,0,0,0,0,39,12,0,8,52,58,60,0,499,150,1,1,5,0.142738642,0,31.37587166,28038.30127,1,https://www.fifa.com/en/tournaments/mens/worldcup/canadamexicousa2026/statistics/player-statistics
423941,Nathan SALIBA,SALIBA,Midfielder,MF,7/02/2004,22,Younger,25,3,206.6,68.9,1,2,3,1,33.30%,93,79,84.90%,5,2.18,2,0.87,0.3,3.36x,TRUE,TRUE,TRUE,TRUE,TRUE,FALSE,TRUE,FALSE,TRUE,0,0,0,0,1,1,0,1,0,0,1,0,0,2,1,6,1,4.12383976,5,1,0,4,1,43,12,1,0,4698.750122,368.6299839,9828.370117,1716.769897,7035.019775,49,68,11,1,0,0,0,0,0,0,1,0,1,1,0,0,42,2,2,7,4,2,3,33,4,3,1,1,1,31,26,23,26,30,1,1,1,23,206,90,12,4,13,34,32,19,51,0,0,0,0,23,8,2,4,36,56,40,0,386,122,1,1,1,1.15349973,0,32.31552887,23647.5415,1,https://www.fifa.com/en/tournaments/mens/worldcup/canadamexicousa2026/statistics/player-statistics
424119,Nathanael MBUKU,MBUKU,Midfielder,MF,16/03/2002,24,Younger,7,3,163.2,54.4,0,0,3,2,0.00%,45,35,77.80%,4,2.21,8,4.41,0.13,0.00x,TRUE,TRUE,FALSE,TRUE,TRUE,FALSE,TRUE,FALSE,FALSE,0,0,0,0,0,0,1,2,0,0,0,0,1,3,2,12,0,5.330179214,6,0,5,14,3,67,8,3,0,2773.000031,349.6900139,8952.55011,1080.080032,5683.170135,34,61,6,3,0,0,0,0,0,0,0,0,0,0,0,0,21,0,0,0,0,0,0,15,6,5,4,4,2,15,10,9,13,17,0,0,1,13,134,71,8,12,26,7,11,34,45,0,0,0,0,16,27,0,1,35,33,36,0,243,74,1,2,4,1.74317193,0,32.36287308,18838.48975,1,https://www.fifa.com/en/tournaments/mens/worldcup/canadamexicousa2026/statistics/player-statistics
485740,Neil EL AYNAOUI,EL AYNAOUI,Midfielder,MF,2/07/2001,24,Younger,24,6,634.7,105.8,0,0,7,2,0.00%,433,405,93.50%,15,2.13,7,0.99,0.6,0.00x,TRUE,TRUE,TRUE,TRUE,TRUE,FALSE,TRUE,FALSE,TRUE,0,0,0,2,0,0,2,1,0,0,5,2,3,2,0,8,3,6.688276847,2,2,1,0,0,132,48,15,0,10702.84961,1781.169998,31778.50049,3630.890015,22581.28955,165,196,51,15,0,0,0,0,0,0,0,0,0,4,0,0,82,2,6,27,23,18,19,63,3,0,0,1,0,52,40,35,44,50,0,5,0,36,918,282,19,37,99,198,250,84,334,0,0,0,0,128,25,1,7,147,294,154,0,836,276,0,1,1,1.598079756,1,34.11550522,70474.7002,0,https://www.fifa.com/en/tournaments/mens/worldcup/canadamexicousa2026/statistics/player-statistics
494458,Ngalayel MUKAU,MUKAU,Midfielder,MF,3/11/2004,21,Younger,6,4,220.6,55.2,0,0,1,0,0.00%,69,60,87.00%,3,1.22,4,1.63,0.06,0.00x,TRUE,FALSE,TRUE,TRUE,TRUE,FALSE,TRUE,FALSE,TRUE,0,0,0,0,0,0,0,1,0,0,0,0,1,1,0,4,0,7.248765826,1,0,0,0,0,125,9,0,0,4371.109985,376.9600067,12820.96008,1290.889992,7759.510071,46,59,10,0,0,0,0,0,0,0,0,0,0,0,0,0,14,0,1,4,4,3,3,13,1,1,1,1,0,9,8,7,8,11,0,1,0,10,164,75,9,11,35,16,39,23,62,1,0,0,0,13,19,0,5,36,39,41,0,383,105,1,3,1,0.399488881,1,34.35184479,26619.43042,0,https://www.fifa.com/en/tournaments/mens/worldcup/canadamexicousa2026/statistics/player-statistics
398681,Ngolo KANTE,KANTE,Midfielder,MF,29/03/1991,35,Older,13,0,0,,0,0,0,0,,0,0,,0,,0,,0,,FALSE,FALSE,FALSE,FALSE,TRUE,FALSE,FALSE,FALSE,FALSE,0,0,0,0,0,0,0,0,0,0,0,0,0,0,0,0,0,0,0,0,0,0,0,0,0,0,0,0,0,0,0,0,0,0,0,0,0,0,0,0,0,0,0,0,0,0,0,0,0,0,0,0,0,0,0,0,0,0,0,0,0,0,0,0,0,0,0,0,0,0,0,0,0,0,0,0,0,0,0,0,0,0,0,0,0,0,0,0,0,0,0,0,0,0,0,0,0,0,0,0,0,https://www.fifa.com/en/tournaments/mens/worldcup/canadamexicousa2026/statistics/player-statistics
430631,Nico GONZALEZ,N. GONZALEZ,Midfielder,MF,6/04/1998,28,Older,15,7,324.8,46.4,0,1,7,1,0.00%,109,90,82.60%,4,1.11,3,0.83,0.48,0.00x,TRUE,TRUE,TRUE,TRUE,TRUE,FALSE,TRUE,FALSE,TRUE,0,1,2,3,1,0,1,0,0,0,7,1,4,0,0,18,0,5.322291315,9,0,0,9,4,77,7,0,0,4224.52002,989.5200119,13136.09998,1808.679993,12732.7998,53,89,12,0,0,0,0,0,0,0,0,0,0,4,0,0,23,3,0,5,1,0,2,10,8,5,4,4,1,10,4,3,6,21,1,0,0,9,275,131,22,80,18,4,57,45,102,2,0,0,0,29,64,23,14,49,75,63,0,322,153,6,1,5,6.682017773,8,33.51842499,32891.62085,0,https://www.fifa.com/en/tournaments/mens/worldcup/canadamexicousa2026/statistics/player-statistics
402898,Nicolas DE LA CRUZ,N. DE LA CRUZ,Midfielder,MF,1/06/1997,29,Older,7,3,115.7,38.6,0,0,4,2,0.00%,55,45,81.80%,2,1.56,3,2.33,0.11,0.00x,TRUE,TRUE,TRUE,TRUE,TRUE,FALSE,TRUE,FALSE,TRUE,0,1,0,0,0,0,0,4,0,0,1,1,1,3,1,2,4,6.326540788,2,4,4,4,2,36,6,4,0,2004.310089,283.5899982,4896.010376,934.7700043,3995.929993,33,44,7,4,0,0,0,0,0,0,0,0,0,0,0,0,28,6,0,7,4,1,1,17,7,3,0,1,0,14,10,7,8,11,3,0,0,9,130,65,10,15,33,21,47,22,69,0,0,0,0,22,13,1,1,32,28,33,0,174,65,3,0,0,2.169980645,0,29.89456367,12114.61011,1,https://www.fifa.com/en/tournaments/mens/worldcup/canadamexicousa2026/statistics/player-statistics
495349,Nicolas RASKIN,RASKIN,Midfielder,MF,23/02/2001,25,Younger,23,6,396.3,66.1,0,2,2,1,0.00%,230,197,85.70%,12,2.73,3,0.68,0.13,0.00x,TRUE,FALSE,TRUE,TRUE,TRUE,FALSE,TRUE,FALSE,TRUE,0,0,0,1,1,0,0,0,0,0,2,1,1,0,0,3,1,6.949507952,2,1,0,8,3,98,21,8,0,5918.809982,489.2900009,22569.08069,1863.380035,14031.7695,68,99,19,10,0,0,0,0,0,0,0,0,0,1,2,0,97,5,10,32,21,15,17,61,8,0,0,0,3,57,40,34,39,60,0,6,0,31,498,191,16,11,50,105,115,51,166,0,0,0,0,97,14,2,3,66,164,69,0,508,128,3,2,0,1.292299747,3,31.85480309,44872.33057,0,https://www.fifa.com/en/tournaments/mens/worldcup/canadamexicousa2026/statistics/player-statistics
441088,Nicolas SEIWALD,SEIWALD,Midfielder,MF,4/05/2001,25,Younger,6,4,361.3,90.3,0,0,3,0,0.00%,153,141,92.20%,1,0.25,1,0.25,0.05,0.00x,TRUE,TRUE,TRUE,TRUE,TRUE,FALSE,TRUE,FALSE,TRUE,0,2,0,0,1,0,1,1,0,0,2,0,1,1,0,3,1,6.646908045,3,1,0,3,1,64,19,1,0,5521.7099,676.25,19052.88965,1732.159973,12657.14063,66,80,16,1,0,0,0,0,0,0,0,0,0,0,0,0,37,1,2,14,13,11,11,32,2,2,1,1,0,21,17,15,18,23,1,1,0,20,339,121,9,14,45,79,96,42,138,0,0,0,0,60,10,1,4,53,107,57,0,491,132,0,1,0,0.379807204,0,32.68146515,39640.15039,0,https://www.fifa.com/en/tournaments/mens/worldcup/canadamexicousa2026/statistics/player-statistics
389753,Nikola Moro,MORO,Midfielder,MF,12/03/1998,28,Older,7,0,0,,0,0,0,0,,0,0,,0,,0,,0,,FALSE,FALSE,FALSE,FALSE,TRUE,FALSE,FALSE,FALSE,FALSE,0,0,0,0,0,0,0,0,0,0,0,0,0,0,0,0,0,0,0,0,0,0,0,0,0,0,0,0,0,0,0,0,0,0,0,0,0,0,0,0,0,0,0,0,0,0,0,0,0,0,0,0,0,0,0,0,0,0,0,0,0,0,0,0,0,0,0,0,0,0,0,0,0,0,0,0,0,0,0,0,0,0,0,0,0,0,0,0,0,0,0,0,0,0,0,0,0,0,0,0,0,https://www.fifa.com/en/tournaments/mens/worldcup/canadamexicousa2026/statistics/player-statistics
409191,Nikola VLASIC,VLAŠIĆ,Midfielder,MF,4/10/1997,28,Older,13,3,204.1,68,1,0,3,1,33.30%,40,33,82.50%,5,2.2,0,0,0.2,5.07x,TRUE,TRUE,FALSE,TRUE,TRUE,FALSE,TRUE,FALSE,FALSE,0,0,0,1,0,0,1,1,0,0,2,1,2,1,0,2,0,5.149752855,2,0,0,3,2,82,9,0,0,2961.20993,538.0400085,8909.070129,1350.590042,8252.500488,35,46,14,0,0,0,0,0,0,0,0,1,0,1,0,0,12,1,0,1,0,0,0,6,3,2,2,2,0,8,4,4,7,12,0,0,0,6,105,48,8,30,28,9,38,29,67,2,0,0,0,20,22,1,5,40,8,45,0,263,96,1,2,2,2.83493638,0,32.60878754,22011.41016,0,https://www.fifa.com/en/tournaments/mens/worldcup/canadamexicousa2026/statistics/player-statistics
433534,NIZAR ALRASHDAN,NIZAR,Midfielder,MF,23/03/1999,27,Younger,21,3,290,96.7,1,0,2,1,50.00%,80,62,77.50%,5,1.55,4,1.24,0.23,4.31x,TRUE,FALSE,TRUE,TRUE,TRUE,FALSE,TRUE,FALSE,TRUE,0,0,0,0,0,0,1,0,0,0,2,1,1,0,0,10,2,6.621109168,8,2,0,0,0,149,17,3,0,4577.780273,383.8000031,16087.12012,1346.310028,9549.140137,40,61,15,3,0,0,0,0,0,0,0,1,0,1,0,0,33,5,1,9,6,3,3,19,7,3,1,2,0,17,10,7,11,21,2,1,0,12,204,103,7,7,41,15,36,27,63,0,0,0,0,17,12,0,6,36,54,42,0,407,103,0,1,5,0.295637831,1,31.0644455,31944.14941,0,https://www.fifa.com/en/tournaments/mens/worldcup/canadamexicousa2026/statistics/player-statistics
486147,Noah SADIKI,SADIKI,Midfielder,MF,17/12/2004,21,Younger,14,4,297.1,74.3,0,0,0,0,,116,103,88.80%,2,0.61,3,0.91,0,,TRUE,FALSE,TRUE,TRUE,TRUE,FALSE,TRUE,FALSE,TRUE,0,0,0,0,0,0,0,0,0,0,0,0,0,0,0,10,0,6.862760901,9,0,0,1,1,135,17,3,0,4948.090027,563.7700043,15876.90015,1830.759995,10711.92969,54,69,12,3,0,0,0,0,0,0,0,0,0,0,0,0,35,2,1,8,6,4,5,28,3,1,0,1,0,24,21,19,21,22,1,1,0,18,242,111,12,9,96,43,109,39,148,0,0,0,0,60,20,0,5,42,70,47,0,420,141,2,0,3,1.061125547,1,31.56558418,33931.44971,2,https://www.fifa.com/en/tournaments/mens/worldcup/canadamexicousa2026/statistics/player-statistics
431230,NOOR ALRAWABDEH,ALRAWABDEH,Midfielder,MF,24/02/1997,29,Older,8,3,309.4,103.1,0,1,1,0,0.00%,111,84,75.70%,1,0.29,0,0,0.03,0.00x,TRUE,FALSE,TRUE,TRUE,TRUE,FALSE,TRUE,FALSE,TRUE,0,0,0,0,0,0,1,0,0,0,0,0,1,1,0,8,5,7.460911592,5,4,0,0,0,182,22,4,0,7282.189819,360.4300003,18840.9292,1905.639893,10032.81055,63,92,20,4,0,0,0,0,0,0,0,0,0,0,0,0,62,8,6,24,12,7,10,31,10,4,1,1,1,28,15,9,13,45,2,3,1,20,253,118,6,4,35,46,63,22,85,0,0,0,0,32,10,0,8,61,49,69,0,635,142,0,0,4,0.092497781,0,32.34135437,38422,0,https://www.fifa.com/en/tournaments/mens/worldcup/canadamexicousa2026/statistics/player-statistics
401893,NUNO DA COSTA,DA COSTA,Midfielder,MF,10/02/1991,35,Older,21,4,180.5,45.1,0,0,1,0,0.00%,23,18,78.30%,0,0,3,1.5,0.07,0.00x,TRUE,FALSE,FALSE,TRUE,TRUE,FALSE,TRUE,FALSE,FALSE,0,0,1,0,0,0,0,0,0,0,1,0,0,0,0,6,0,5.988373756,2,0,0,1,0,61,3,0,0,2083.660004,320.5100174,7901.210083,1017.919968,6782.670532,13,21,6,0,0,0,0,0,0,0,0,0,0,0,0,0,9,1,0,1,0,0,0,4,5,2,2,4,0,3,2,2,2,7,0,0,0,2,71,44,4,32,16,1,32,17,49,0,0,0,0,13,31,4,11,22,9,33,0,185,86,3,1,2,8.362612903,0,31.30268097,18105.97021,0,https://www.fifa.com/en/tournaments/mens/worldcup/canadamexicousa2026/statistics/player-statistics
461177,Obed VARGAS,O. VARGAS,Midfielder,MF,5/08/2005,20,Younger,18,3,85.9,28.6,0,0,1,1,0.00%,22,20,90.90%,1,1.05,0,0,0.02,0.00x,TRUE,FALSE,FALSE,FALSE,TRUE,FALSE,FALSE,FALSE,FALSE,0,0,0,0,0,0,1,0,0,0,0,0,0,1,1,5,0,4.217154789,4,0,0,0,0,20,2,0,0,2166.449951,171.239994,4171.48999,706.0999908,2829.519958,17,23,3,0,0,0,0,0,0,0,0,0,0,0,0,0,7,0,0,1,1,1,1,5,3,1,1,3,0,3,3,3,3,7,0,0,0,5,53,23,3,1,14,9,20,4,24,0,0,0,0,7,9,0,2,15,10,17,0,181,47,3,0,2,0.715407982,0,31.54968834,10044.7998,0,https://www.fifa.com/en/tournaments/mens/worldcup/canadamexicousa2026/statistics/player-statistics
371345,Odiljon XAMROBEKOV,XAMROBEKOV,Midfielder,MF,13/02/1996,30,Older,9,2,90.9,45.5,0,0,1,0,0.00%,43,38,88.40%,1,0.99,1,0.99,0.16,0.00x,TRUE,FALSE,FALSE,TRUE,TRUE,FALSE,TRUE,FALSE,FALSE,0,1,0,0,0,0,0,1,0,0,1,0,0,0,0,0,0,4.549127261,0,0,0,0,0,39,6,1,0,1957.960022,120.6399994,4712.920166,546.5899963,2985.920044,22,27,7,1,0,0,0,0,0,0,0,0,0,0,0,0,16,1,1,4,3,2,2,12,1,0,0,0,0,11,9,8,9,11,0,1,0,8,93,41,2,2,14,13,25,4,29,0,0,0,0,12,10,0,2,20,25,22,0,161,39,1,1,0,0.408681035,1,29.50127983,10324.02979,1,https://www.fifa.com/en/tournaments/mens/worldcup/canadamexicousa2026/statistics/player-statistics
372090,Orbelin PINEDA,ORBELÍN,Midfielder,MF,24/03/1996,30,Older,17,2,45.8,22.9,0,0,1,0,0.00%,5,5,100.00%,0,0,2,3.93,0.09,0.00x,TRUE,FALSE,FALSE,FALSE,TRUE,FALSE,FALSE,FALSE,FALSE,0,0,0,0,0,0,0,1,0,0,1,0,1,0,0,2,0,3.004682255,2,0,0,0,0,33,1,0,0,992.4200134,208.6500015,2505.249756,365.1300049,1683.2901,5,7,3,0,0,0,0,0,0,0,0,0,0,0,0,0,2,0,0,0,0,0,0,1,1,0,0,1,0,1,1,1,1,2,0,0,0,1,20,14,1,7,9,3,14,5,19,0,0,0,0,3,6,0,0,11,2,11,0,87,32,2,0,1,2.140442967,0,31.35272408,5754.739746,0,https://www.fifa.com/en/tournaments/mens/worldcup/canadamexicousa2026/statistics/player-statistics
433118,Orkun KOKCU,ORKUN KÖKÇÜ,Midfielder,MF,29/12/2000,25,Younger,6,3,172.9,57.6,0,1,3,0,0.00%,85,60,70.60%,2,1.04,4,2.08,0.56,0.00x,TRUE,TRUE,TRUE,TRUE,TRUE,FALSE,TRUE,FALSE,TRUE,0,0,0,0,1,0,0,2,0,0,2,0,2,1,0,5,0,6.597462336,3,0,2,6,0,37,9,4,0,2586.939911,317.5300026,8746.799683,850.8400574,6717.910004,32,59,7,4,0,0,0,0,0,0,0,0,0,0,0,0,38,1,3,7,3,1,3,21,4,1,1,2,1,27,17,15,22,19,0,2,0,8,204,87,13,20,48,37,73,32,105,0,0,0,0,33,23,2,4,37,57,41,0,207,67,1,2,2,1.495392442,1,31.27317619,19220.02014,0,https://www.fifa.com/en/tournaments/mens/worldcup/canadamexicousa2026/statistics/player-statistics
477470,Oscar BOBB,BOBB,Midfielder,MF,12/07/2003,22,Younger,22,6,279.7,46.6,0,0,4,3,0.00%,111,102,91.90%,1,0.32,4,1.29,0.62,0.00x,TRUE,TRUE,TRUE,TRUE,TRUE,FALSE,TRUE,FALSE,TRUE,0,0,1,0,0,0,2,1,0,0,4,3,1,0,0,11,0,6.426273664,6,0,0,2,0,113,17,1,0,3872.059998,537.5000134,12448.26978,1651.220032,10698.89966,63,79,12,1,0,0,0,0,0,0,0,0,0,0,0,0,21,2,0,2,0,0,0,11,5,1,1,2,1,14,10,10,11,9,0,0,0,7,264,109,14,31,89,10,54,76,130,0,0,0,0,46,73,5,12,52,70,64,0,334,136,5,1,6,5.163312167,4,34.15095139,29207.94958,0,https://www.fifa.com/en/tournaments/mens/worldcup/canadamexicousa2026/statistics/player-statistics
479080,Oston URUNOV,URUNOV,Midfielder,MF,19/12/2000,25,Younger,11,2,75.8,37.9,0,0,0,0,,10,8,80.00%,0,0,0,0,0,,TRUE,FALSE,FALSE,FALSE,TRUE,FALSE,FALSE,FALSE,FALSE,0,0,0,0,0,0,0,0,0,0,0,0,0,0,0,2,0,4.52318128,1,0,0,0,0,41,1,0,0,1259.720001,135.1100006,3280.440063,415.7700043,3363.399902,8,10,4,0,0,0,0,0,0,0,0,0,0,0,0,0,4,1,0,1,1,0,0,3,2,1,0,1,0,1,1,0,0,1,1,0,0,0,27,18,0,16,7,2,15,10,25,0,0,0,0,4,9,0,0,8,8,8,0,92,35,1,1,1,2.361792326,0,30.43844604,8454.439941,0,https://www.fifa.com/en/tournaments/mens/worldcup/canadamexicousa2026/statistics/player-statistics
371348,Otabek Shukurov,SHUKUROV,Midfielder,MF,22/06/1996,29,Older,7,3,268.5,89.5,0,0,2,0,0.00%,117,103,88.00%,2,0.67,5,1.68,0.08,0.00x,TRUE,FALSE,TRUE,TRUE,TRUE,FALSE,TRUE,FALSE,TRUE,0,0,0,0,0,0,1,1,0,0,0,0,2,2,0,8,3,6.716860453,5,3,0,1,0,96,12,2,0,4476,221.9399948,14356.90991,997.9700012,9835.349854,65,82,5,2,0,0,0,0,0,0,0,0,0,0,0,0,52,1,6,18,16,11,11,38,3,1,0,1,1,31,21,15,23,33,0,5,1,23,252,102,6,2,59,54,80,35,115,0,0,0,0,43,8,0,1,55,68,56,0,378,85,0,2,2,0.214911975,2,30.74657822,29888.16992,0,https://www.fifa.com/en/tournaments/mens/worldcup/canadamexicousa2026/statistics/player-statistics
402817,PAIK Seungho,SEUNGHO,Midfielder,MF,17/03/1997,29,Older,8,3,216.5,72.2,0,0,0,0,,152,135,88.80%,1,0.42,2,0.83,0,,TRUE,FALSE,TRUE,TRUE,TRUE,FALSE,TRUE,FALSE,TRUE,0,0,0,0,0,0,0,0,0,0,0,0,0,0,0,1,1,6.664417108,1,1,0,1,0,31,5,1,0,3062.669922,100.1599998,11694.48022,785.3700104,8266.929688,70,88,2,1,0,0,0,0,0,0,0,0,0,0,0,0,46,6,1,14,9,5,7,32,7,3,0,1,0,25,20,16,18,28,3,1,0,14,317,97,9,4,43,87,92,42,134,0,0,0,0,71,10,1,3,64,90,67,0,269,63,0,3,0,0.388888128,0,29.26723671,23909.61035,1,https://www.fifa.com/en/tournaments/mens/worldcup/canadamexicousa2026/statistics/player-statistics
431788,Pape GUEYE,GUEYE,Midfielder,MF,24/01/1999,27,Younger,26,4,257.2,64.3,2,1,8,3,25.00%,161,138,85.70%,4,1.4,2,0.7,0.37,5.40x,TRUE,TRUE,TRUE,TRUE,TRUE,FALSE,TRUE,FALSE,TRUE,0,2,0,0,0,0,2,6,0,0,1,1,3,7,2,5,5,6.866334558,3,5,0,3,1,51,10,1,0,4337.690125,321.5299835,13741.40015,1685.769943,9324.679932,95,125,7,1,0,0,0,0,0,0,0,1,1,0,0,0,77,9,4,21,13,7,8,52,13,7,0,1,3,43,32,23,27,54,4,2,3,33,369,140,18,13,51,43,79,28,107,0,0,0,0,49,16,2,5,94,83,99,0,356,114,1,3,1,1.064251788,1,31.45761299,29411.0708,1,https://www.fifa.com/en/tournaments/mens/worldcup/canadamexicousa2026/statistics/player-statistics
418798,Pape Matar SARR,P.M. SARR,Midfielder,MF,14/09/2002,23,Younger,17,2,95,47.5,0,0,4,0,0.00%,48,43,89.60%,1,0.95,0,0,0.23,0.00x,TRUE,TRUE,FALSE,TRUE,TRUE,FALSE,TRUE,FALSE,FALSE,0,0,0,0,0,1,2,1,0,0,0,0,4,4,0,1,0,3.291702986,1,0,0,1,0,25,3,1,0,1947.270081,72.13999939,4226.52002,708.7000122,3374.250122,15,23,3,1,0,0,0,0,0,0,0,0,0,0,0,0,16,1,2,3,1,0,0,11,2,1,1,1,0,11,9,8,8,8,0,1,0,3,106,41,8,6,12,18,24,12,36,0,0,0,0,13,4,1,1,12,38,13,0,157,44,2,0,0,0.709727511,0,28.93575668,10328.87988,0,https://www.fifa.com/en/tournaments/mens/worldcup/canadamexicousa2026/statistics/player-statistics
430834,Parfait GUIAGON,GUIAGON,Midfielder,MF,22/02/2001,25,Younger,25,0,0,,0,0,0,0,,0,0,,0,,0,,0,,FALSE,FALSE,FALSE,FALSE,TRUE,FALSE,FALSE,FALSE,FALSE,0,0,0,0,0,0,0,0,0,0,0,0,0,0,0,0,0,0,0,0,0,0,0,0,0,0,0,0,0,0,0,0,0,0,0,0,0,0,0,0,0,0,0,0,0,0,0,0,0,0,0,0,0,0,0,0,0,0,0,0,0,0,0,0,0,0,0,0,0,0,0,0,0,0,0,0,0,0,0,0,0,0,0,0,0,0,0,0,0,0,0,0,0,0,0,0,0,0,0,0,0,https://www.fifa.com/en/tournaments/mens/worldcup/canadamexicousa2026/statistics/player-statistics
484848,Pascal GROSS,GROß,Midfielder,MF,15/06/1991,34,Older,13,1,24.3,24.3,0,0,1,0,0.00%,14,14,100.00%,1,3.71,0,0,0.04,0.00x,TRUE,FALSE,FALSE,FALSE,TRUE,FALSE,FALSE,FALSE,FALSE,0,0,0,0,0,0,1,0,0,0,0,0,1,1,0,1,0,1.986418128,0,0,0,1,0,15,1,0,0,696.0800171,31.83000183,1491.579956,239.0899963,759.9300537,6,9,1,0,0,0,0,0,0,0,0,0,0,0,0,0,7,1,0,4,4,3,3,7,1,1,0,0,0,2,2,1,1,3,1,0,0,3,34,14,2,4,4,1,4,5,9,0,0,0,0,1,6,0,0,9,9,9,0,58,15,1,0,0,1.322035432,0,30.65438843,3218.51001,0,https://www.fifa.com/en/tournaments/mens/worldcup/canadamexicousa2026/statistics/player-statistics
448825,Pathe CISS,P.I. CISS,Midfielder,MF,16/03/1994,32,Older,6,4,232.1,58,0,0,2,1,0.00%,139,128,92.10%,1,0.39,0,0,0.2,0.00x,TRUE,FALSE,TRUE,TRUE,TRUE,FALSE,TRUE,FALSE,TRUE,0,1,0,0,0,0,0,2,0,0,1,1,0,1,0,3,8,6.055421114,2,6,0,0,0,11,5,7,0,2208.399963,129.6300011,8550.399841,829.8000107,9795.47049,24,31,3,7,0,0,0,0,0,0,0,0,0,1,0,0,38,0,4,16,13,10,12,32,0,0,0,0,0,22,19,16,18,7,0,3,0,6,298,104,8,0,5,26,24,7,31,0,0,0,0,15,2,0,1,16,119,17,0,190,63,3,0,0,0.467377454,0,30.1456356,21513.69971,0,https://www.fifa.com/en/tournaments/mens/worldcup/canadamexicousa2026/statistics/player-statistics
483442,Patrick BERG,BERG,Midfielder,MF,24/11/1997,28,Older,6,6,519.8,86.6,0,2,3,0,0.00%,174,161,92.50%,4,0.69,2,0.35,0.29,0.00x,TRUE,TRUE,TRUE,TRUE,TRUE,FALSE,TRUE,FALSE,TRUE,0,1,1,0,0,0,0,2,0,0,0,0,2,3,0,11,2,6.925774972,10,2,10,13,5,168,27,8,0,9430.209961,1266.379992,24622.0011,3772.380096,20133.05072,90,104,21,8,0,0,0,0,0,0,0,0,0,0,0,0,34,0,1,11,8,8,10,23,1,0,0,1,0,22,15,15,21,16,0,0,0,11,386,164,18,35,79,64,123,55,178,0,0,0,0,58,39,1,6,77,97,83,0,797,263,2,0,5,2.236292608,1,32.20754623,59224.01953,1,https://www.fifa.com/en/tournaments/mens/worldcup/canadamexicousa2026/statistics/player-statistics
498421,Paul OKON-ENGSTLER,OKON-ENGSTLER,Midfielder,MF,24/01/2005,21,Younger,24,4,214.4,53.6,0,1,0,0,,89,77,86.50%,3,1.26,2,0.84,0,,TRUE,FALSE,TRUE,TRUE,TRUE,FALSE,TRUE,FALSE,TRUE,0,0,0,0,0,0,0,0,0,0,0,0,0,0,0,4,2,7.389027119,2,2,1,1,1,78,5,1,0,4143.579987,452.3800049,13176.40009,1632.079979,6583.259918,49,58,9,1,0,0,0,0,0,0,0,0,0,0,0,0,31,3,1,10,9,6,6,25,6,5,1,1,2,15,11,7,9,23,3,0,1,19,204,91,3,1,26,25,34,18,52,0,0,0,0,19,6,0,3,38,55,41,0,365,108,2,2,1,0.058449531,1,32.53597641,25987.69995,0,https://www.fifa.com/en/tournaments/mens/worldcup/canadamexicousa2026/statistics/player-statistics
520036,Paul WANNER,WANNER,Midfielder,MF,23/12/2005,20,Younger,24,4,271,67.7,0,0,1,0,0.00%,80,68,85.00%,4,1.33,1,0.33,0.08,0.00x,TRUE,FALSE,TRUE,TRUE,TRUE,FALSE,TRUE,FALSE,TRUE,0,0,0,0,0,0,0,1,0,0,1,0,0,0,0,15,1,6.641124845,8,1,0,1,0,146,20,0,0,4406.490112,404.1600056,14692.90979,1509.690094,9213.770142,49,73,18,0,0,0,0,0,0,0,0,0,0,1,0,0,33,2,1,5,3,2,2,23,4,3,1,1,1,24,17,15,20,27,1,0,1,19,191,88,8,31,40,29,76,24,100,0,0,0,0,24,23,3,12,51,33,63,0,392,115,2,1,3,1.658776417,0,29.98275566,30227.02002,0,https://www.fifa.com/en/tournaments/mens/worldcup/canadamexicousa2026/statistics/player-statistics
423646,PEDRI,PEDRI,Midfielder,MF,25/11/2002,23,Younger,20,8,565.1,70.6,0,0,5,2,0.00%,469,420,89.60%,4,0.64,5,0.8,0.47,0.00x,TRUE,TRUE,TRUE,TRUE,TRUE,FALSE,TRUE,FALSE,TRUE,0,1,0,0,0,0,2,3,0,0,1,0,2,4,2,20,2,7.295428753,16,2,8,14,5,257,38,4,0,11462.89005,927.2799797,31814.31018,4115.939911,19693.37012,283,343,51,4,0,0,0,0,0,0,0,0,0,0,0,0,152,4,6,14,10,4,4,120,16,12,3,4,8,122,98,85,104,94,2,4,7,71,1024,361,46,45,146,172,277,86,363,1,0,0,0,151,65,5,15,165,319,180,0,976,291,3,4,2,2.819849133,0,30.45387459,68013.78809,1,https://www.fifa.com/en/tournaments/mens/worldcup/canadamexicousa2026/statistics/player-statistics
424036,Pedro VITE,VITE,Midfielder,MF,9/03/2002,24,Younger,15,4,407.5,101.9,0,1,4,1,0.00%,297,269,90.60%,2,0.44,5,1.1,0.23,0.00x,TRUE,TRUE,TRUE,TRUE,TRUE,FALSE,TRUE,FALSE,TRUE,0,0,1,0,0,0,0,3,0,0,1,0,3,3,1,5,2,6.381994724,3,2,2,7,3,119,29,10,0,7556.500244,324.4300079,17603.62158,2599.330017,15290.72021,115,139,34,10,0,0,0,0,0,0,0,0,0,0,0,0,106,6,7,34,29,20,21,88,9,5,1,1,2,63,54,44,48,44,3,6,1,39,640,214,20,11,108,142,153,108,261,0,0,0,0,110,27,1,8,75,227,83,0,648,177,0,0,1,0.600409638,0,30.89681625,43374.60156,0,https://www.fifa.com/en/tournaments/mens/worldcup/canadamexicousa2026/statistics/player-statistics
485066,Petar SUCIC,P. SUČIĆ,Midfielder,MF,25/10/2003,22,Younger,17,4,339,84.7,1,1,3,2,33.30%,127,110,86.60%,7,1.86,6,1.59,0.14,7.07x,TRUE,TRUE,TRUE,TRUE,TRUE,FALSE,TRUE,FALSE,TRUE,0,0,0,0,0,0,1,2,0,0,1,1,1,2,1,11,1,7.000210881,7,1,0,6,1,152,25,1,0,6174.35022,670.2799988,18598.8103,2391.410049,11609.85016,71,100,11,1,0,0,0,0,0,0,0,0,1,0,0,0,33,1,1,9,7,6,7,20,5,1,1,3,1,19,12,11,16,20,0,1,0,13,294,124,12,44,73,47,98,66,164,1,0,0,0,57,43,6,7,55,88,62,0,548,158,1,0,2,2.090537157,0,31.82938957,39444.69971,1,https://www.fifa.com/en/tournaments/mens/worldcup/canadamexicousa2026/statistics/player-statistics
484859,Quinten TIMBER,Q. TIMBER,Midfielder,MF,17/06/2001,24,Younger,26,2,69,34.5,0,0,0,0,,12,10,83.30%,0,0,2,2.61,0,,TRUE,FALSE,FALSE,FALSE,TRUE,FALSE,FALSE,FALSE,FALSE,0,0,0,0,0,0,0,0,0,0,0,0,0,0,0,4,0,3.408611655,1,0,0,2,1,27,7,0,0,1139.900024,104.4200001,3388.630127,400.6699829,2743.510132,8,14,5,0,0,0,0,0,0,0,0,0,0,0,0,0,6,0,1,2,1,0,1,4,2,1,1,2,0,2,2,1,1,5,0,1,0,4,32,18,1,7,6,6,8,11,19,0,0,0,0,5,5,1,2,12,3,14,0,96,29,2,0,0,0.429036096,0,31.86359787,7777.130127,0,https://www.fifa.com/en/tournaments/mens/worldcup/canadamexicousa2026/statistics/player-statistics
384850,RAJAEI AYED,RAJA'EI,Midfielder,MF,25/07/1993,32,Older,14,0,0,,0,0,0,0,,0,0,,0,,0,,0,,FALSE,FALSE,FALSE,FALSE,TRUE,FALSE,FALSE,FALSE,FALSE,0,0,0,0,0,0,0,0,0,0,0,0,0,0,0,0,0,0,0,0,0,0,0,0,0,0,0,0,0,0,0,0,0,0,0,0,0,0,0,0,0,0,0,0,0,0,0,0,0,0,0,0,0,0,0,0,0,0,0,0,0,0,0,0,0,0,0,0,0,0,0,0,0,0,0,0,0,0,0,0,0,0,0,0,0,0,0,0,0,0,0,0,0,0,0,0,0,0,0,0,0,https://www.fifa.com/en/tournaments/mens/worldcup/canadamexicousa2026/statistics/player-statistics
433679,Ramiz ZERROUKI,ZERROUKI,Midfielder,MF,26/05/1998,28,Older,6,3,126.4,42.1,0,0,0,0,,105,97,92.40%,4,2.85,0,0,0,,TRUE,FALSE,TRUE,TRUE,TRUE,FALSE,TRUE,FALSE,TRUE,0,0,0,0,0,0,0,0,0,0,0,0,0,0,0,0,5,5.587703705,0,5,0,0,0,23,5,2,0,2333.970093,185.619992,7622.859619,823.4299889,4476.719971,54,60,4,2,0,0,0,0,0,0,0,0,0,0,0,0,28,0,1,7,6,5,6,25,2,2,0,0,2,19,17,14,16,17,0,1,2,15,226,77,2,8,12,36,39,17,56,0,0,0,0,28,4,1,1,36,68,37,0,201,54,1,2,0,0.418042816,0,30.26037025,15442.59985,1,https://www.fifa.com/en/tournaments/mens/worldcup/canadamexicousa2026/statistics/player-statistics
463125,Ramon SOSA,SOSA,Midfielder,MF,31/08/1999,26,Younger,7,1,19.5,19.5,0,0,0,0,,3,3,100.00%,0,0,1,4.61,0,,TRUE,FALSE,FALSE,FALSE,TRUE,FALSE,FALSE,FALSE,FALSE,0,0,0,0,0,0,0,0,0,0,0,0,0,0,0,1,0,1.406529522,1,0,0,0,0,12,1,0,0,457.980011,8.039999962,1019.059998,192.0800018,612.4799805,2,3,0,0,0,0,0,0,0,0,0,0,0,0,0,0,0,0,0,0,0,0,0,0,0,0,0,0,0,0,0,0,0,0,0,0,0,0,9,5,0,1,3,1,4,1,5,0,0,0,0,1,0,0,0,0,4,0,0,36,16,1,0,0,0.477721602,0,26.06757164,2289.640137,0,https://www.fifa.com/en/tournaments/mens/worldcup/canadamexicousa2026/statistics/player-statistics
336459,Rani Khedira,KHEDIRA,Midfielder,MF,27/01/1994,32,Older,13,3,162.8,54.3,0,0,1,0,0.00%,30,25,83.30%,3,1.66,0,0,0.06,0.00x,TRUE,FALSE,FALSE,TRUE,TRUE,FALSE,TRUE,FALSE,FALSE,0,0,0,0,0,0,0,1,0,0,0,0,0,1,0,0,0,7.48938179,0,0,0,1,0,49,10,0,0,2694.890045,106.8599987,8987.309937,826.7500229,5961.570145,12,18,6,0,0,0,0,0,0,0,0,0,0,0,0,0,8,1,1,3,1,1,1,3,2,1,1,1,0,3,1,1,1,4,0,0,0,2,74,41,2,11,17,7,31,4,35,0,0,0,0,10,5,1,5,14,12,19,0,218,49,1,2,0,1.058894373,0,28.73027992,18577.37982,1,https://www.fifa.com/en/tournaments/mens/worldcup/canadamexicousa2026/statistics/player-statistics
431861,Rayan CHERKI,CHERKI,Midfielder,MF,17/08/2003,22,Younger,24,7,169.2,24.2,0,0,1,1,0.00%,104,89,85.60%,2,1.06,2,1.06,0.08,0.00x,TRUE,FALSE,TRUE,TRUE,TRUE,FALSE,TRUE,FALSE,TRUE,0,0,0,0,0,0,1,0,0,0,0,0,0,1,1,6,1,6.55320853,2,1,2,3,0,119,10,0,0,3520.000061,560.1300011,8917.369934,1444.769981,6309.129944,54,74,11,0,0,0,0,0,0,0,0,0,0,0,0,0,32,3,0,3,1,0,0,21,10,6,3,4,3,19,14,11,13,23,1,0,2,12,227,78,8,10,36,12,45,13,58,0,0,0,0,18,29,3,3,47,64,50,0,300,105,6,1,1,4.148755133,0,30.75469017,20751.39954,0,https://www.fifa.com/en/tournaments/mens/worldcup/canadamexicousa2026/statistics/player-statistics
402021,Remo FREULER,FREULER,Midfielder,MF,15/04/1992,34,Older,8,6,654.9,109.1,0,0,2,1,0.00%,324,299,92.30%,8,1.1,3,0.41,0.07,0.00x,TRUE,FALSE,TRUE,TRUE,TRUE,FALSE,TRUE,FALSE,TRUE,0,0,0,0,0,0,1,1,0,0,1,1,1,1,0,5,2,6.791282654,3,0,0,5,1,193,31,9,0,10968.86987,394.9299908,32542.3291,2684.150085,27160.29077,148,172,27,9,0,0,0,0,0,0,0,0,0,0,0,0,84,3,6,28,24,18,19,69,7,5,1,1,3,49,40,31,37,38,1,5,3,29,694,256,25,43,138,147,228,100,328,1,0,0,0,125,34,3,9,96,227,105,0,1001,213,0,2,0,2.002940718,2,29.43733978,73750.56934,0,https://www.fifa.com/en/tournaments/mens/worldcup/canadamexicousa2026/statistics/player-statistics
473050,Richard RIOS,RICHARD RIOS,Midfielder,MF,2/06/2000,26,Younger,6,5,175.2,35,0,0,5,1,0.00%,56,47,83.90%,10,5.14,4,2.06,0.37,0.00x,TRUE,TRUE,TRUE,TRUE,TRUE,FALSE,TRUE,FALSE,TRUE,0,0,1,0,2,0,0,2,0,0,2,0,4,3,1,6,1,6.791753197,6,1,0,2,0,55,24,3,0,3484.150055,426.3799896,7226.719971,1350.209991,7308.790222,27,38,4,3,0,0,0,0,0,0,0,0,0,1,0,0,12,1,0,5,4,3,4,9,1,1,0,0,0,6,4,3,5,10,1,0,0,9,130,55,15,17,31,16,38,26,64,0,0,0,0,19,14,2,4,16,41,20,0,290,111,5,0,3,2.185987704,0,31.78512192,19796.25,1,https://www.fifa.com/en/tournaments/mens/worldcup/canadamexicousa2026/statistics/player-statistics
391646,Ritsu DOAN,DOAN,Midfielder,MF,16/06/1998,27,Younger,10,4,295.1,73.8,0,1,1,0,0.00%,105,89,84.80%,6,1.83,5,1.52,0.02,0.00x,TRUE,FALSE,TRUE,TRUE,TRUE,FALSE,TRUE,FALSE,TRUE,0,1,0,0,0,0,0,1,0,0,0,0,0,1,0,4,0,6.633782506,2,0,1,5,0,114,19,1,0,4344.1698,645.8999939,13701.58032,2075.019958,11809.62061,55,76,9,1,0,0,0,0,0,0,0,0,0,0,0,0,28,2,0,4,2,1,2,17,5,4,3,3,0,19,11,10,17,20,1,0,0,9,222,105,7,42,41,14,45,52,97,0,0,0,0,23,44,2,7,58,35,65,0,346,152,0,4,1,1.964606255,21,31.33757401,32576.29004,0,https://www.fifa.com/en/tournaments/mens/worldcup/canadamexicousa2026/statistics/player-statistics
411375,RODRI,RODRIGO,Midfielder,MF,22/06/1996,29,Older,16,8,819.4,102.4,0,0,7,0,0.00%,799,747,93.50%,11,1.21,9,0.99,0.27,0.00x,TRUE,TRUE,TRUE,TRUE,TRUE,FALSE,TRUE,FALSE,TRUE,0,2,0,1,1,0,2,3,0,0,2,0,5,5,0,12,11,7.047739446,11,10,0,3,0,112,39,17,0,15304.89978,1129.369991,44470.26172,4504.349915,30824.82886,430,481,43,22,0,0,0,0,0,0,0,0,0,1,5,0,215,5,6,60,58,48,49,197,21,19,3,4,12,134,120,99,111,101,5,5,11,91,1676,545,56,5,122,287,291,123,414,1,0,0,0,228,41,2,15,243,546,258,0,1294,318,0,2,2,0.867892947,0,31.50023651,96233.71387,0,https://www.fifa.com/en/tournaments/mens/worldcup/canadamexicousa2026/statistics/player-statistics
386538,Rodrigo BENTANCUR,R. BENTANCUR,Midfielder,MF,25/06/1997,28,Older,6,3,313.3,104.4,0,0,4,0,0.00%,174,157,90.20%,7,2.01,5,1.44,0.32,0.00x,TRUE,TRUE,TRUE,TRUE,TRUE,FALSE,TRUE,FALSE,TRUE,0,1,0,2,0,0,0,1,0,0,3,0,2,1,0,9,0,6.443106969,7,0,0,3,0,82,15,2,0,3875.740112,589.0699921,12963.15039,1817.640015,14399.15918,92,117,9,2,0,0,0,0,0,0,0,0,0,3,0,0,48,1,4,13,11,7,8,38,2,1,1,1,0,33,26,22,28,24,0,4,0,18,396,161,16,23,57,60,111,29,140,0,0,0,0,50,24,1,16,66,107,82,0,352,145,0,0,4,1.119505264,1,32.5738678,33644.76172,1,https://www.fifa.com/en/tournaments/mens/worldcup/canadamexicousa2026/statistics/player-statistics
428882,Rodrigo DE PAUL,DE PAUL,Midfielder,MF,24/05/1994,32,Older,7,7,540,77.1,0,1,2,1,0.00%,327,300,91.70%,2,0.33,5,0.83,0.06,0.00x,TRUE,FALSE,TRUE,TRUE,TRUE,FALSE,TRUE,FALSE,TRUE,0,1,0,0,0,0,0,2,0,0,0,0,0,2,1,10,1,5.360731065,9,1,1,13,5,164,17,5,0,6767.139923,1141.590012,19671.02979,3540.000015,23406.7699,169,200,11,5,0,0,0,0,0,0,0,0,0,0,0,0,76,3,6,21,15,9,12,58,9,6,2,3,3,46,37,29,34,45,2,4,2,36,712,239,21,34,162,141,146,191,337,1,0,0,0,160,43,4,9,102,239,111,0,573,286,1,5,2,1.993585564,6,32.18366623,54526.53101,1,https://www.fifa.com/en/tournaments/mens/worldcup/canadamexicousa2026/statistics/player-statistics
419142,Rodrigo ZALAZAR,R. ZALAZAR,Midfielder,MF,12/08/1999,26,Younger,26,0,0,,0,0,0,0,,0,0,,0,,0,,0,,FALSE,FALSE,FALSE,FALSE,TRUE,FALSE,FALSE,FALSE,FALSE,0,0,0,0,0,0,0,0,0,0,0,0,0,0,0,0,0,0,0,0,0,0,0,0,0,0,0,0,0,0,0,0,0,0,0,0,0,0,0,0,0,0,0,0,0,0,0,0,0,0,0,0,0,0,0,0,0,0,0,0,0,0,0,0,0,0,0,0,0,0,0,0,0,0,0,0,0,0,0,0,0,0,0,0,0,0,0,0,0,0,0,0,0,0,0,0,0,0,0,0,0,https://www.fifa.com/en/tournaments/mens/worldcup/canadamexicousa2026/statistics/player-statistics
463283,Romano SCHMID,SCHMID,Midfielder,MF,27/01/2000,26,Younger,18,4,283.9,71,1,0,2,1,50.00%,91,65,71.40%,3,0.95,4,1.27,0.12,8.48x,TRUE,FALSE,TRUE,TRUE,TRUE,FALSE,TRUE,FALSE,TRUE,0,0,0,0,0,0,1,1,0,0,0,0,1,2,1,4,1,6.714941502,2,1,0,4,2,142,18,0,0,5020.749878,635.5799713,13362.48022,2081.710022,10307.9397,57,86,14,0,0,0,0,0,0,0,0,0,1,0,0,0,36,1,0,3,1,1,2,20,5,2,0,1,3,28,17,15,24,27,0,0,2,14,220,101,5,45,71,15,81,50,131,0,0,0,0,26,46,6,14,62,38,76,0,439,161,0,4,1,3.075226724,0,34.01204681,31408.46045,0,https://www.fifa.com/en/tournaments/mens/worldcup/canadamexicousa2026/statistics/player-statistics
406595,Roozbeh CHESHMI,ROOZBEH,Midfielder,MF,24/07/1993,32,Older,15,0,0,,0,0,0,0,,0,0,,0,,0,,0,,FALSE,FALSE,FALSE,FALSE,TRUE,FALSE,FALSE,FALSE,FALSE,0,0,0,0,0,0,0,0,0,0,0,0,0,0,0,0,0,0,0,0,0,0,0,0,0,0,0,0,0,0,0,0,0,0,0,0,0,0,0,0,0,0,0,0,0,0,0,0,0,0,0,0,0,0,0,0,0,0,0,0,0,0,0,0,0,0,0,0,0,0,0,0,0,0,0,0,0,0,0,0,0,0,0,0,0,0,0,0,0,0,0,0,0,0,0,0,0,0,0,0,0,https://www.fifa.com/en/tournaments/mens/worldcup/canadamexicousa2026/statistics/player-statistics
395216,RUBEN NEVES,R. NEVES,Midfielder,MF,13/03/1997,29,Older,21,2,76.1,38,0,0,2,0,0.00%,29,27,93.10%,0,0,0,0,0.03,0.00x,TRUE,FALSE,FALSE,FALSE,TRUE,FALSE,FALSE,FALSE,FALSE,0,0,0,0,0,0,1,1,0,0,0,0,2,2,0,0,0,2.897570515,0,0,0,0,0,37,0,1,0,1407.070038,135.0499954,4122.920044,550.4399872,3025.829956,11,13,3,1,0,0,0,0,0,0,0,0,0,0,0,0,10,2,0,3,2,1,1,7,2,1,0,0,0,5,4,3,3,2,1,0,0,2,63,23,5,4,14,15,17,16,33,0,0,0,0,11,2,0,0,9,21,9,0,123,36,1,1,0,0.427339107,0,30.187397,9241.310059,0,https://www.fifa.com/en/tournaments/mens/worldcup/canadamexicousa2026/statistics/player-statistics
484303,Ruslanbek JIYANOV,JIYANOV,Midfielder,MF,5/06/2001,25,Younger,10,1,3.8,3.8,0,0,0,0,,0,0,,0,0,0,0,0,,TRUE,FALSE,FALSE,FALSE,TRUE,FALSE,FALSE,FALSE,FALSE,0,0,0,0,0,0,0,0,0,0,0,0,0,0,0,0,0,3.086791356,0,0,0,0,0,4,2,0,0,137.8999939,33.13000107,247.3800049,54.59999847,115.8899994,0,0,1,0,0,0,0,0,0,0,0,0,0,0,0,0,0,0,0,0,0,0,0,0,0,0,0,0,0,0,0,0,0,0,0,0,0,0,0,0,0,0,0,0,0,0,0,0,0,0,0,0,0,0,0,0,0,0,0,9,4,1,0,0,0.016067032,0,29.42297173,588.9000244,0,https://www.fifa.com/en/tournaments/mens/worldcup/canadamexicousa2026/statistics/player-statistics
430097,Ryan Christie,CHRISTIE,Midfielder,MF,22/02/1995,31,Older,11,3,114.6,38.2,0,0,2,0,0.00%,35,29,82.90%,2,1.57,1,0.79,0.15,0.00x,TRUE,FALSE,FALSE,TRUE,TRUE,FALSE,TRUE,FALSE,FALSE,0,1,0,0,0,0,1,1,0,0,1,0,1,1,0,4,0,7.617232958,1,0,0,1,1,52,8,0,0,2707.21991,208.0899963,6963.90033,683.7800064,3697.289642,17,28,3,0,0,0,0,0,0,0,0,0,0,0,0,0,7,1,0,3,3,2,2,7,1,1,0,0,0,3,3,2,2,5,1,0,0,5,90,38,3,0,21,11,16,16,32,0,0,0,0,13,15,0,7,17,24,24,0,208,53,2,1,0,1.281328142,0,31.4060688,14260.27991,1,https://www.fifa.com/en/tournaments/mens/worldcup/canadamexicousa2026/statistics/player-statistics
430176,Ryan GRAVENBERCH,GRAVENBERCH,Midfielder,MF,16/05/2002,24,Younger,8,4,374.3,93.6,0,2,5,0,0.00%,126,111,88.10%,5,1.2,3,0.72,0.25,0.00x,TRUE,TRUE,TRUE,TRUE,TRUE,FALSE,TRUE,FALSE,TRUE,0,2,0,0,0,0,2,3,0,0,2,0,3,3,0,12,0,5.992980361,8,0,0,5,1,54,15,0,0,4996.51001,453.4799957,15233.8396,1737.470032,15011.56934,78,106,11,0,0,0,0,0,0,0,0,0,0,0,0,0,47,2,3,13,9,6,8,33,3,2,0,0,1,31,22,18,25,42,1,2,1,29,308,140,16,29,62,39,89,41,130,0,0,0,0,38,32,3,15,72,69,87,0,443,129,0,2,5,1.299314052,0,35.61319351,37432.87109,0,https://www.fifa.com/en/tournaments/mens/worldcup/canadamexicousa2026/statistics/player-statistics
336641,Ryan THOMAS,THOMAS,Midfielder,MF,20/12/1994,31,Older,23,3,103.9,34.6,0,0,0,0,,25,18,72.00%,3,2.6,3,2.6,0,,TRUE,FALSE,FALSE,TRUE,TRUE,FALSE,TRUE,FALSE,FALSE,0,0,0,0,0,0,0,0,0,0,0,0,0,0,0,0,0,7.40230147,0,0,0,1,0,50,7,0,0,2647.729858,226.8899956,5201.77002,1051.829941,3874.389832,14,22,2,0,0,0,0,0,0,0,0,0,0,0,0,0,6,0,0,3,2,2,3,3,2,0,0,2,0,1,1,1,1,5,0,0,0,2,62,30,0,6,12,4,15,7,22,0,0,0,0,7,15,1,5,17,11,22,0,216,78,2,1,0,2.043340504,0,30.53035927,13002.60986,0,https://www.fifa.com/en/tournaments/mens/worldcup/canadamexicousa2026/statistics/player-statistics
371736,Saeid EZATOLAHI,S. EZATOLAHI,Midfielder,MF,1/10/1996,29,Older,6,3,298.7,99.6,0,0,6,2,0.00%,99,78,78.80%,7,2.11,4,1.21,0.49,0.00x,TRUE,TRUE,TRUE,TRUE,TRUE,FALSE,TRUE,FALSE,TRUE,0,0,0,1,1,0,2,2,0,0,2,0,4,4,2,4,0,6.596081257,3,0,0,0,0,96,22,3,0,4763.080078,64.03000164,15067.45996,988.8599548,11952.96924,43,60,22,3,0,0,0,0,0,0,0,0,0,2,0,0,43,2,2,15,12,9,11,29,4,2,0,0,2,24,15,11,18,20,1,2,1,15,227,105,8,1,22,37,50,10,60,0,0,0,0,19,6,0,6,34,64,40,0,406,65,0,1,1,0.279453464,1,26.68060875,32836.39844,2,https://www.fifa.com/en/tournaments/mens/worldcup/canadamexicousa2026/statistics/player-statistics
389907,Salih OZCAN,ÖZCAN,Midfielder,MF,11/01/1998,28,Older,5,2,120.7,60.3,0,0,0,0,,61,52,85.20%,2,1.49,2,1.49,0,,TRUE,FALSE,TRUE,TRUE,TRUE,FALSE,TRUE,FALSE,TRUE,0,0,0,0,0,0,0,0,0,0,0,0,0,0,0,0,2,4.647999446,0,2,0,1,0,33,12,1,0,2023.890045,163.5399942,5919.580688,848.9700012,4244.639832,22,29,5,1,0,0,0,0,0,0,0,0,0,0,0,0,27,2,2,9,6,4,5,15,3,1,0,1,0,15,8,6,11,19,1,1,0,11,133,56,3,1,6,20,23,4,27,0,0,0,0,8,1,0,1,29,33,30,0,168,60,1,0,0,0.37012513,0,28.62163544,13200.62012,0,https://www.fifa.com/en/tournaments/mens/worldcup/canadamexicousa2026/statistics/player-statistics
411644,Saman GHODDOS,GHODDOS,Midfielder,MF,6/09/1993,32,Older,14,3,228.8,76.3,0,0,4,0,0.00%,64,45,70.30%,3,1.18,0,0,0.16,0.00x,TRUE,TRUE,TRUE,TRUE,TRUE,FALSE,TRUE,FALSE,TRUE,0,1,0,0,0,0,4,0,0,0,2,0,2,2,0,5,2,6.898701986,4,2,0,1,1,102,18,0,0,4151.559937,223.2799873,12870.44995,1311.590057,7649.909668,36,51,9,0,0,0,0,0,0,0,0,0,0,0,0,0,31,2,5,8,4,1,1,17,6,3,1,3,1,17,10,6,9,19,1,2,1,13,162,84,7,7,15,19,30,11,41,1,0,0,0,15,20,1,5,33,39,38,0,338,99,0,3,3,0.94222974,0,29.37874794,26206.79004,0,https://www.fifa.com/en/tournaments/mens/worldcup/canadamexicousa2026/statistics/player-statistics
505097,Samir EL MOURABET,EL MOURABET,Midfielder,MF,6/10/2005,20,Younger,15,5,121.3,24.3,0,0,0,0,,110,100,90.90%,0,0,1,0.74,0,,TRUE,FALSE,TRUE,TRUE,TRUE,FALSE,TRUE,FALSE,TRUE,0,0,0,0,0,0,0,0,0,0,0,0,0,0,0,3,1,6.313120047,3,1,1,1,0,33,5,4,0,2642.300034,296.1700044,6653.380005,1132.269966,3879.899918,41,49,6,4,0,0,0,0,0,0,0,0,0,0,0,0,20,2,1,8,7,5,5,14,4,2,1,1,1,8,5,3,4,13,1,1,0,10,231,71,7,10,21,19,34,16,50,0,0,0,0,18,13,0,2,33,74,35,0,216,85,5,0,1,1.745816879,0,33.1288681,14604.02039,0,https://www.fifa.com/en/tournaments/mens/worldcup/canadamexicousa2026/statistics/player-statistics
433076,Samuel Moutoussamy,MOUTOUSSAMY,Midfielder,MF,12/08/1996,29,Older,8,4,360.2,90,0,0,3,0,0.00%,147,122,83.00%,8,2,1,0.25,0.13,0.00x,TRUE,TRUE,TRUE,TRUE,TRUE,FALSE,TRUE,FALSE,TRUE,0,0,0,0,0,0,0,3,0,0,0,0,2,3,0,4,4,7.173365831,2,4,0,1,1,114,31,3,0,7895.940308,539.8299942,20526.37012,2355.679932,11674.89966,69,91,39,3,0,0,0,0,0,0,0,0,0,0,0,0,59,5,4,16,9,6,7,35,6,1,0,1,0,37,25,22,28,41,1,2,0,22,320,133,11,8,79,59,109,37,146,0,0,0,0,53,14,1,3,59,91,62,0,613,169,0,3,0,0.296372607,1,31.89198494,42992.7207,1,https://www.fifa.com/en/tournaments/mens/worldcup/canadamexicousa2026/statistics/player-statistics
404645,Sander BERGE,BERGE,Midfielder,MF,14/02/1998,28,Older,8,5,554.9,111,0,0,0,0,,425,412,96.90%,6,0.97,2,0.32,0,,TRUE,FALSE,TRUE,TRUE,TRUE,FALSE,TRUE,FALSE,TRUE,0,0,0,0,0,0,0,0,0,0,0,0,0,0,0,2,2,5.688752333,2,2,0,2,0,101,17,7,0,9145.650024,752.6000061,29302.88965,2737.670013,21144.44116,192,203,9,10,0,0,0,0,0,0,0,0,0,0,3,0,93,3,4,30,28,23,23,86,4,3,1,1,0,59,55,50,52,42,2,3,0,38,891,252,21,2,48,117,122,45,167,0,0,0,0,98,27,1,8,108,310,116,0,770,192,0,0,1,0.41234763,3,33.09673309,63083.25,0,https://www.fifa.com/en/tournaments/mens/worldcup/canadamexicousa2026/statistics/player-statistics
390209,Sarpreet SINGH,SINGH,Midfielder,MF,20/02/1999,27,Younger,10,3,227.7,75.9,0,0,4,2,0.00%,76,58,76.30%,2,0.79,2,0.79,0.22,0.00x,TRUE,TRUE,TRUE,TRUE,TRUE,FALSE,TRUE,FALSE,TRUE,0,0,1,0,0,0,0,2,0,0,2,1,2,2,1,4,2,7.243927161,3,2,0,7,0,104,7,2,0,4255.01001,408.6499977,13253.96973,1590.359924,7898.530029,47,69,10,2,0,0,0,0,0,0,0,0,0,0,0,0,30,3,2,6,1,0,1,9,6,1,0,2,1,18,7,6,12,17,1,0,0,4,196,97,10,39,77,23,65,74,139,0,0,0,0,52,54,1,7,56,38,63,0,381,118,0,3,3,2.462575555,1,31.46719551,27406.51904,1,https://www.fifa.com/en/tournaments/mens/worldcup/canadamexicousa2026/statistics/player-statistics
433787,Scott McTominay,MCTOMINAY,Midfielder,MF,8/12/1996,29,Older,4,3,306.8,102.3,0,0,8,3,0.00%,96,87,90.60%,3,0.88,0,0,0.65,0.00x,TRUE,TRUE,TRUE,TRUE,TRUE,FALSE,TRUE,FALSE,TRUE,0,1,0,0,4,0,2,2,0,0,8,3,4,0,0,7,2,7.115226905,5,2,0,0,0,103,6,1,0,5805.209717,373.3299866,16989.38965,1805.720032,11380.01953,58,75,11,1,0,0,0,0,0,0,0,0,0,3,0,0,27,1,2,9,8,6,6,23,1,1,0,0,0,17,14,12,14,16,1,1,0,14,226,98,10,37,45,35,71,46,117,0,0,0,0,47,32,0,8,56,55,64,0,483,135,0,0,4,1.86001721,0,30.43504906,36353.66992,0,https://www.fifa.com/en/tournaments/mens/worldcup/canadamexicousa2026/statistics/player-statistics
499912,Sebastian BERHALTER,BERHALTER,Midfielder,MF,10/05/2001,25,Younger,14,5,231.9,46.4,1,1,3,1,33.30%,136,114,83.80%,5,1.94,7,2.72,0.1,10.14x,TRUE,TRUE,TRUE,TRUE,TRUE,FALSE,TRUE,FALSE,TRUE,0,0,0,0,0,0,3,0,0,0,0,0,2,3,1,2,3,7.358397579,1,2,12,9,7,63,17,9,0,5421.19986,361.5599937,12407.12976,1614.439995,8333.249939,48,64,9,9,0,0,0,0,0,0,0,0,1,0,0,0,71,6,6,18,13,6,6,53,10,8,1,1,3,43,32,22,28,33,4,3,3,21,307,133,16,6,41,67,83,31,114,0,0,0,0,43,8,0,6,45,83,51,0,443,111,4,0,1,0.837723274,1,31.04551125,28137.58069,1,https://www.fifa.com/en/tournaments/mens/worldcup/canadamexicousa2026/statistics/player-statistics
504502,Sebastian TOUNEKTI,TOUNEKTI,Midfielder,MF,13/07/2002,23,Younger,26,3,98.4,32.8,0,0,0,0,,18,16,88.90%,1,0.91,0,0,0,,TRUE,FALSE,FALSE,TRUE,TRUE,FALSE,TRUE,FALSE,FALSE,0,0,0,0,0,0,0,0,0,0,0,0,0,0,0,3,0,7.0291001,1,0,0,3,0,33,1,0,0,1660.309898,198.2999992,4499.429749,753.5700188,4016.879974,10,17,1,0,0,0,0,0,0,0,0,0,0,0,0,0,1,0,0,0,0,0,0,0,1,0,0,1,0,0,0,0,0,1,0,0,0,0,46,21,0,19,41,2,46,16,62,0,0,0,0,13,13,1,1,14,9,15,0,146,55,2,1,1,2.459109247,0,32.92255402,11128.48932,0,https://www.fifa.com/en/tournaments/mens/worldcup/canadamexicousa2026/statistics/player-statistics
405175,Seko Fofana,FOFANA,Midfielder,MF,7/05/1995,31,Older,6,2,103.7,51.8,0,0,5,1,0.00%,45,38,84.40%,1,0.87,0,0,0.4,0.00x,TRUE,TRUE,FALSE,TRUE,TRUE,FALSE,TRUE,FALSE,FALSE,0,1,0,1,0,0,0,4,0,0,0,0,2,5,1,0,0,3.373203397,0,0,0,0,0,28,1,1,0,2095.560089,271.2000046,4742.479858,773.7899933,3744.679932,25,35,3,1,0,0,0,0,0,0,0,0,0,0,0,0,8,0,1,4,3,2,3,5,2,0,0,2,0,2,2,1,1,6,0,1,0,4,106,41,8,4,16,4,18,6,24,0,0,0,0,9,6,1,1,28,23,29,0,168,54,1,1,0,0.681392848,0,31.83675385,11627.70947,1,https://www.fifa.com/en/tournaments/mens/worldcup/canadamexicousa2026/statistics/player-statistics
464897,Sherzod ESANOV,ESANOV,Midfielder,MF,1/02/2003,23,Younger,23,1,3.7,3.7,0,0,0,0,,1,1,100.00%,0,0,0,0,0,,TRUE,FALSE,FALSE,FALSE,TRUE,FALSE,FALSE,FALSE,FALSE,0,0,0,0,0,0,0,0,0,0,0,0,0,0,0,0,0,3.596067111,0,0,0,0,0,2,0,0,0,214.8600159,27.04999924,226.4700012,103.3499985,85.43000031,0,0,0,0,0,0,0,0,0,0,0,0,0,0,0,0,0,0,0,0,0,0,0,0,0,0,0,0,0,0,0,0,0,0,0,0,0,0,2,1,0,0,0,0,0,0,0,0,0,0,0,0,0,0,0,0,1,0,0,15,6,1,0,0,0.025005482,0,26.83416939,657.1600342,0,https://www.fifa.com/en/tournaments/mens/worldcup/canadamexicousa2026/statistics/player-statistics
372266,Sofyan AMRABAT,AMRABAT,Midfielder,MF,21/08/1996,29,Older,4,3,175.1,58.4,0,0,0,0,,106,98,92.50%,4,2.06,2,1.03,0,,TRUE,FALSE,TRUE,TRUE,TRUE,FALSE,TRUE,FALSE,TRUE,0,0,0,0,0,0,0,0,0,0,0,0,0,0,0,1,2,3.243748188,0,2,0,0,0,49,16,3,0,3005.660034,290.539978,8138.5802,1036.26004,6389.790527,21,27,10,3,0,0,0,0,0,0,0,0,0,0,0,0,35,3,5,16,15,8,8,31,3,2,0,0,0,16,14,7,8,11,2,5,0,7,217,73,5,2,10,50,50,12,62,0,0,0,0,30,3,0,2,18,85,20,0,263,81,2,0,0,0.14463556,0,32.43541336,18860.82983,0,https://www.fifa.com/en/tournaments/mens/worldcup/canadamexicousa2026/statistics/player-statistics
390475,Sphephelo SITHOLE,SITHOLE,Midfielder,MF,3/03/1999,27,Younger,13,3,252.6,84.2,0,0,0,0,,129,109,84.50%,5,1.78,1,0.36,0,,TRUE,FALSE,TRUE,TRUE,TRUE,FALSE,TRUE,FALSE,TRUE,0,0,0,0,0,0,0,0,0,0,0,0,0,0,0,1,5,6.601791541,1,4,0,0,0,72,13,0,1,5109.439575,293.9199905,11361.92041,1590.209991,9796.709961,61,74,7,0,0,0,0,0,0,0,0,0,0,0,0,0,33,1,2,15,12,10,12,24,1,0,0,0,0,17,12,10,14,22,0,2,0,18,288,121,7,3,48,64,85,30,115,0,0,0,0,44,11,0,3,44,91,47,1,463,119,0,0,0,0.236204661,0,31.21803474,28152.2002,0,https://www.fifa.com/en/tournaments/mens/worldcup/canadamexicousa2026/statistics/player-statistics
433635,Stephen EUSTAQUIO,EUSTÁQUIO,Midfielder,MF,21/12/1996,29,Older,7,5,444.2,88.8,1,0,4,1,25.00%,281,244,86.80%,2,0.41,6,1.22,0.1,10.34x,TRUE,TRUE,TRUE,TRUE,TRUE,FALSE,TRUE,FALSE,TRUE,0,0,0,0,0,0,3,1,0,0,0,0,2,4,1,5,3,7.144162178,2,3,44,42,16,91,15,25,0,11989.19006,353.0400066,21066.82983,3460.080032,15627.7699,129,162,16,25,0,0,0,0,0,0,0,0,1,0,0,0,113,5,3,16,10,7,8,80,15,9,1,1,9,82,61,52,65,62,2,1,6,46,618,293,37,22,76,114,133,79,212,0,0,0,0,78,31,1,5,122,138,127,0,897,210,1,1,2,1.064045727,1,29.75569916,52496.91064,0,https://www.fifa.com/en/tournaments/mens/worldcup/canadamexicousa2026/statistics/player-statistics
485347,Tahith CHONG,CHONG,Midfielder,MF,4/12/1999,26,Younger,21,3,267.5,89.2,0,0,4,2,0.00%,61,51,83.60%,3,1.01,13,4.37,0.2,0.00x,TRUE,TRUE,TRUE,TRUE,TRUE,FALSE,TRUE,FALSE,TRUE,0,0,1,0,0,0,1,2,0,0,2,1,2,2,1,20,0,6.136241913,11,0,0,0,0,113,9,1,0,3368.160156,790.7799988,8895.459717,1477.240051,12786.43945,51,73,5,1,0,0,0,0,0,0,0,0,0,0,0,0,29,2,0,4,3,2,2,20,11,7,3,6,3,14,10,6,9,18,1,0,3,13,169,97,9,31,78,7,73,43,116,0,0,0,0,43,38,4,10,68,16,78,0,293,107,0,2,9,1.49905327,0,33.97350693,27318.07813,0,https://www.fifa.com/en/tournaments/mens/worldcup/canadamexicousa2026/statistics/player-statistics
403304,Takefusa KUBO,KUBO,Midfielder,MF,4/06/2001,25,Younger,8,1,77.5,77.5,0,1,1,0,0.00%,16,12,75.00%,1,1.16,1,1.16,0.01,0.00x,TRUE,FALSE,FALSE,FALSE,TRUE,FALSE,FALSE,FALSE,FALSE,0,0,0,0,0,0,1,0,0,0,0,0,1,1,0,1,0,1.572170854,1,0,0,0,0,49,3,1,0,1104.179932,181.3600006,2971.330078,391.769989,3160.209961,8,12,0,1,0,0,0,0,0,0,0,0,0,0,0,0,11,1,0,2,1,1,1,6,2,1,1,1,0,7,4,4,6,6,0,0,0,5,36,22,3,7,9,4,15,5,20,0,0,0,0,5,4,1,1,9,5,10,0,85,32,0,1,0,0.540611506,0,31.15489769,7808.849609,0,https://www.fifa.com/en/tournaments/mens/worldcup/canadamexicousa2026/statistics/player-statistics
403616,Teboho MOKOENA,MOKOENA,Midfielder,MF,24/01/1997,29,Older,4,3,302,100.7,1,0,4,2,25.00%,196,176,89.80%,3,0.89,6,1.79,0.84,1.19x,TRUE,TRUE,TRUE,TRUE,TRUE,FALSE,TRUE,FALSE,TRUE,0,1,0,0,0,0,0,3,1,0,1,1,1,3,1,2,4,6.151861191,2,4,0,3,0,95,22,8,0,4800.519897,450.9099884,13773.75,1623.680023,10333.65991,110,125,13,8,0,0,0,0,0,0,0,1,0,0,0,0,80,4,9,31,23,16,18,58,6,3,0,0,2,43,32,24,28,38,2,5,1,25,428,162,14,13,50,81,89,55,144,0,0,1,1,74,12,1,4,83,121,87,0,423,121,0,0,1,0.660733655,2,31.37859344,30982.51953,2,https://www.fifa.com/en/tournaments/mens/worldcup/canadamexicousa2026/statistics/player-statistics
494314,TELMO ARCANJO,ARCANJO,Midfielder,MF,21/06/2001,24,Younger,18,2,69.7,34.8,0,0,0,0,,14,12,85.70%,0,0,1,1.29,0,,TRUE,FALSE,FALSE,FALSE,TRUE,FALSE,FALSE,FALSE,FALSE,0,0,0,0,0,0,0,0,0,0,0,0,0,0,0,4,1,3.029402852,3,1,1,1,1,27,1,0,0,616.4200134,203.7799988,2810.940125,330.4799957,2554.290039,13,16,6,0,0,0,0,0,0,0,0,0,0,0,0,0,2,0,0,0,0,0,0,2,0,0,0,0,0,2,2,2,2,1,0,0,0,1,31,15,2,3,4,5,7,5,12,0,0,0,0,7,5,0,4,8,4,12,0,58,27,1,1,2,0.31908986,0,32.00897217,6515.90979,0,https://www.fifa.com/en/tournaments/mens/worldcup/canadamexicousa2026/statistics/player-statistics
448149,Teun KOOPMEINERS,KOOPMEINERS,Midfielder,MF,28/02/1998,28,Older,20,4,145.3,36.3,0,0,2,0,0.00%,63,54,85.70%,3,1.86,0,0,0.11,0.00x,TRUE,FALSE,TRUE,TRUE,TRUE,FALSE,TRUE,FALSE,TRUE,0,0,0,0,1,0,0,1,0,0,2,0,2,0,0,0,2,7.144046783,0,2,3,4,2,44,9,7,0,2725.530029,166.1599979,8233.619995,736.5,4912.830078,14,19,8,7,0,0,0,0,0,0,0,0,0,1,0,0,29,1,3,9,7,5,5,21,2,1,0,0,1,18,13,10,13,8,0,2,1,4,127,47,6,8,13,23,29,15,44,0,0,0,0,20,4,0,2,5,50,7,0,228,57,4,0,0,0.825898988,2,29.65056419,16774.63965,0,https://www.fifa.com/en/tournaments/mens/worldcup/canadamexicousa2026/statistics/player-statistics
494248,Thalente MBATHA,MBATHA,Midfielder,MF,6/03/2000,26,Younger,5,4,294,73.5,0,0,4,1,0.00%,97,82,84.50%,4,1.22,0,0,0.11,0.00x,TRUE,TRUE,TRUE,TRUE,TRUE,FALSE,TRUE,FALSE,TRUE,0,1,0,0,0,0,2,2,0,0,0,0,2,4,1,3,1,6.405352354,3,1,0,4,0,99,14,3,0,5026.670044,588.1799583,13305.34021,1759.649994,11237.79041,51,74,12,3,0,0,0,0,0,0,0,0,0,0,0,0,39,2,4,10,8,4,4,29,4,2,1,2,0,25,19,15,19,32,1,3,0,24,222,96,8,15,38,33,65,21,86,0,0,0,0,29,12,1,4,34,68,38,0,446,145,2,0,0,1.308404304,0,34.37017059,31917.63062,1,https://www.fifa.com/en/tournaments/mens/worldcup/canadamexicousa2026/statistics/player-statistics
494627,Thelo AASGAARD,AASGAARD,Midfielder,MF,2/05/2002,24,Younger,19,1,100.3,100.3,1,0,2,1,50.00%,43,38,88.40%,0,0,3,2.69,0.18,5.48x,TRUE,FALSE,FALSE,TRUE,TRUE,FALSE,TRUE,FALSE,FALSE,0,0,0,0,0,0,0,2,0,0,1,1,1,1,0,2,1,1.114216963,0,1,0,0,0,19,3,0,0,1533.270142,169.2299957,5313.649902,584.2199707,3584.590088,29,36,3,0,0,0,0,0,0,0,0,1,0,0,0,0,12,0,0,2,2,2,2,11,1,1,0,0,1,9,8,7,8,9,0,0,1,8,99,39,4,9,31,19,44,15,59,0,0,0,0,21,14,0,2,32,17,34,0,127,39,0,0,0,0.322653025,1,29.07687569,11184.96094,0,https://www.fifa.com/en/tournaments/mens/worldcup/canadamexicousa2026/statistics/player-statistics
395984,Themba ZWANE,ZWANE,Midfielder,MF,3/08/1989,36,Older,11,1,19,19,0,0,0,0,,7,5,71.40%,1,4.73,0,0,0,,TRUE,FALSE,FALSE,FALSE,TRUE,FALSE,FALSE,FALSE,FALSE,0,0,0,0,0,0,0,0,0,0,0,0,0,0,0,0,0,5.294419765,0,0,0,0,0,12,0,0,1,389.0100403,29.63000107,864.2399902,108.7099991,629.4500122,3,5,2,0,0,0,0,0,0,0,0,0,0,0,0,0,2,0,0,0,0,0,0,1,0,0,0,0,0,2,1,1,2,2,0,0,0,1,14,7,0,0,5,1,5,1,6,0,0,0,0,3,0,0,0,5,2,5,1,35,10,1,0,0,0.492925435,0,27.42925072,2021.039917,0,https://www.fifa.com/en/tournaments/mens/worldcup/canadamexicousa2026/statistics/player-statistics
441317,Theo BONGONDA,BONGONDA,Midfielder,MF,20/11/1995,30,Older,10,2,47.6,23.8,0,0,1,0,0.00%,13,9,69.20%,0,0,1,1.89,0.04,0.00x,TRUE,FALSE,FALSE,FALSE,TRUE,FALSE,FALSE,FALSE,FALSE,0,0,0,0,1,0,0,0,0,0,1,0,1,0,0,4,0,3.444216371,1,0,1,2,0,19,2,1,0,694.4000244,43.98999977,2489.23999,310.1900024,1939.22998,9,15,1,1,0,0,0,0,0,0,0,0,0,0,0,0,8,1,0,1,0,0,0,3,2,0,0,1,0,5,3,3,4,6,0,0,0,2,40,24,1,5,2,1,6,2,8,0,0,0,0,3,6,0,1,10,10,11,0,55,24,2,0,0,2.006058574,0,32.04242325,5477.049805,0,https://www.fifa.com/en/tournaments/mens/worldcup/canadamexicousa2026/statistics/player-statistics
369089,Thomas PARTEY,PARTEY,Midfielder,MF,13/06/1993,32,Older,5,3,307.6,102.5,0,0,2,0,0.00%,152,134,88.20%,2,0.59,5,1.46,0.09,0.00x,TRUE,FALSE,TRUE,TRUE,TRUE,FALSE,TRUE,FALSE,TRUE,0,0,0,0,0,0,2,0,0,0,0,0,2,2,0,10,0,4.54098618,7,0,0,0,0,52,14,4,0,3945.820068,138.8499947,14205.10986,1107.199982,11631.87939,67,83,5,4,0,0,0,0,0,1,0,0,0,0,0,0,55,2,7,21,14,11,12,35,4,2,0,1,1,30,19,15,20,30,1,2,1,19,324,122,7,0,8,32,33,7,40,0,0,0,0,18,8,0,1,30,127,31,0,359,77,0,0,1,0.183508839,0,28.50154305,31028.86133,0,https://www.fifa.com/en/tournaments/mens/worldcup/canadamexicousa2026/statistics/player-statistics
483526,Tijjani REIJNDERS,REIJNDERS,Midfielder,MF,29/07/1998,27,Younger,14,3,211.2,70.4,0,1,4,2,0.00%,67,53,79.10%,0,0,3,1.28,0.48,0.00x,TRUE,TRUE,TRUE,TRUE,TRUE,FALSE,TRUE,FALSE,TRUE,0,0,0,0,0,0,4,0,0,0,3,1,2,1,1,2,0,4.970436335,1,0,10,15,6,34,5,5,0,3287.790039,423.2099915,9918.860107,1332.289978,8338.229736,23,39,7,5,0,0,0,0,0,0,0,0,0,0,0,0,22,0,0,2,0,0,2,13,4,2,1,3,1,16,11,10,15,9,0,0,1,5,166,85,14,51,68,46,118,47,165,1,0,0,0,28,26,3,7,28,38,35,0,286,95,0,3,0,3.517669797,2,30.11248016,23300.37939,0,https://www.fifa.com/en/tournaments/mens/worldcup/canadamexicousa2026/statistics/player-statistics
404885,Tomas SOUCEK,SOUČEK,Midfielder,MF,27/02/1995,31,Older,22,3,152.7,50.9,0,0,1,0,0.00%,44,35,79.50%,3,1.77,1,0.59,0.12,0.00x,TRUE,FALSE,FALSE,TRUE,TRUE,FALSE,TRUE,FALSE,FALSE,0,0,0,1,0,0,0,0,0,0,1,0,1,0,0,0,0,7.016007741,0,0,0,0,0,42,5,1,0,3169.829834,196.9400101,8710.490356,941.719986,4919.839783,13,21,4,1,0,0,0,0,0,0,0,0,0,0,0,0,16,1,1,4,3,2,2,12,2,1,0,0,1,10,8,6,7,6,0,1,1,3,99,45,2,3,16,8,20,7,27,2,0,0,0,10,5,0,2,15,30,17,0,264,57,2,1,0,3.079863101,0,28.51197433,17938.81958,0,https://www.fifa.com/en/tournaments/mens/worldcup/canadamexicousa2026/statistics/player-statistics
485065,Toni FRUK,FRUK,Midfielder,MF,9/03/2001,25,Younger,19,0,0,,0,0,0,0,,0,0,,0,,0,,0,,FALSE,FALSE,FALSE,FALSE,TRUE,FALSE,FALSE,FALSE,FALSE,0,0,0,0,0,0,0,0,0,0,0,0,0,0,0,0,0,0,0,0,0,0,0,0,0,0,0,0,0,0,0,0,0,0,0,0,0,0,0,0,0,0,0,0,0,0,0,0,0,0,0,0,0,0,0,0,0,0,0,0,0,0,0,0,0,0,0,0,0,0,0,0,0,0,0,0,0,0,0,0,0,0,0,0,0,0,0,0,0,0,0,0,0,0,0,0,0,0,0,0,0,https://www.fifa.com/en/tournaments/mens/worldcup/canadamexicousa2026/statistics/player-statistics
390238,Tyler ADAMS,ADAMS,Midfielder,MF,14/02/1999,27,Younger,4,4,397.7,99.4,0,0,0,0,,231,211,91.30%,5,1.13,6,1.36,0,,TRUE,FALSE,TRUE,TRUE,TRUE,FALSE,TRUE,FALSE,TRUE,0,0,0,0,0,0,0,0,0,0,0,0,0,0,0,4,1,5.067898941,2,1,0,0,0,65,21,14,0,6862.119507,569.7200012,17960.42993,2410.350006,14036.1499,75,90,30,14,0,0,0,0,0,0,0,0,0,0,0,0,76,4,4,32,26,20,24,60,6,4,0,0,2,38,30,23,28,29,3,3,1,21,482,190,10,1,33,166,147,53,200,0,0,0,0,86,10,0,6,61,158,67,0,566,175,0,1,0,0.168366436,3,32.20063019,41838.76953,1,https://www.fifa.com/en/tournaments/mens/worldcup/canadamexicousa2026/statistics/player-statistics
523007,Tyler FLETCHER,FLETCHER,Midfielder,MF,19/03/2007,19,Younger,8,0,0,,0,0,0,0,,0,0,,0,,0,,0,,FALSE,FALSE,FALSE,FALSE,TRUE,FALSE,FALSE,FALSE,FALSE,0,0,0,0,0,0,0,0,0,0,0,0,0,0,0,0,0,0,0,0,0,0,0,0,0,0,0,0,0,0,0,0,0,0,0,0,0,0,0,0,0,0,0,0,0,0,0,0,0,0,0,0,0,0,0,0,0,0,0,0,0,0,0,0,0,0,0,0,0,0,0,0,0,0,0,0,0,0,0,0,0,0,0,0,0,0,0,0,0,0,0,0,0,0,0,0,0,0,0,0,0,https://www.fifa.com/en/tournaments/mens/worldcup/canadamexicousa2026/statistics/player-statistics
463661,Valentin BARCO,BARCO,Midfielder,MF,23/07/2004,21,Younger,8,1,24.6,24.6,0,0,0,0,,20,17,85.00%,0,0,1,3.65,0,,TRUE,FALSE,FALSE,FALSE,TRUE,FALSE,FALSE,FALSE,FALSE,0,0,0,0,0,0,0,0,0,0,0,0,0,0,0,0,0,0.856233537,0,0,0,0,0,7,2,0,0,477.1700134,32.77999878,1105.180054,216.7100067,982.7699585,15,18,0,0,0,0,0,0,0,0,0,0,0,0,0,0,4,0,0,0,0,0,0,4,1,1,1,1,0,3,3,3,3,3,0,0,0,3,41,11,1,4,14,1,9,10,19,0,0,0,0,10,14,0,2,6,13,8,0,41,14,1,0,0,1.512649655,0,28.19348526,2814.610352,0,https://www.fifa.com/en/tournaments/mens/worldcup/canadamexicousa2026/statistics/player-statistics
441149,VITINHA,VITINHA,Midfielder,MF,13/02/2000,26,Younger,23,5,404.6,80.9,0,0,4,0,0.00%,403,379,94.00%,4,0.89,5,1.11,0.12,0.00x,TRUE,TRUE,TRUE,TRUE,TRUE,FALSE,TRUE,FALSE,TRUE,0,3,0,0,0,0,3,1,0,0,0,0,0,4,0,15,11,6.845792389,12,11,0,0,0,124,13,9,0,6567.10022,496.7300072,22527.40967,2341.410004,14323.69043,197,221,19,11,0,0,0,0,0,0,0,0,0,0,2,0,118,6,9,45,37,28,30,98,7,5,0,0,1,66,56,46,50,51,4,5,1,45,838,226,21,7,64,124,139,56,195,0,0,0,0,89,15,0,2,84,319,86,0,559,174,0,5,2,0.522089817,0,31.37639618,46256.34082,0,https://www.fifa.com/en/tournaments/mens/worldcup/canadamexicousa2026/statistics/player-statistics
358003,Vladimir DARIDA,DARIDA,Midfielder,MF,8/08/1990,35,Older,8,1,58.5,58.5,0,0,1,0,0.00%,18,14,77.80%,0,0,1,1.54,0.01,0.00x,TRUE,FALSE,FALSE,FALSE,TRUE,FALSE,FALSE,FALSE,FALSE,0,1,0,0,0,0,0,1,0,0,1,0,0,0,0,2,0,2.572310448,2,0,0,0,0,34,1,0,0,1477.119995,191.1000061,3176.450195,676.8299561,1986.020142,14,19,10,0,0,0,0,0,0,0,0,0,0,0,0,0,6,0,0,0,0,0,0,3,1,0,0,0,1,5,3,3,4,6,0,0,0,3,42,20,1,9,13,4,16,10,26,0,0,0,0,5,5,0,0,17,3,17,0,135,49,0,1,2,0.446376741,1,29.52939796,7507.519531,0,https://www.fifa.com/en/tournaments/mens/worldcup/canadamexicousa2026/statistics/player-statistics
483549,Warren ZAIRE-EMERY,ZAIRE-EMERY,Midfielder,MF,8/03/2006,20,Younger,18,2,128.7,64.4,0,0,1,0,0.00%,70,66,94.30%,1,0.7,0,0,0.04,0.00x,TRUE,FALSE,TRUE,TRUE,TRUE,FALSE,TRUE,FALSE,TRUE,0,0,0,0,0,0,1,0,0,0,0,0,1,1,0,0,0,1.686809957,0,0,0,1,0,49,14,0,0,2287.539917,218.3499985,5957.400024,780.269989,4797.780334,24,27,2,0,0,0,0,0,0,0,0,0,0,0,0,0,16,0,0,4,4,4,4,14,1,0,0,0,1,11,10,10,10,7,0,0,0,7,155,56,10,5,15,21,28,13,41,0,0,0,0,20,6,0,1,14,58,15,0,182,63,1,0,0,0.180307128,0,32.96992493,14041.34033,0,https://www.fifa.com/en/tournaments/mens/worldcup/canadamexicousa2026/statistics/player-statistics
390259,Weston McKENNIE,MCKENNIE,Midfielder,MF,28/08/1998,27,Younger,8,5,504.3,100.9,0,0,5,1,0.00%,220,173,78.60%,8,1.43,2,0.36,0.6,0.00x,TRUE,TRUE,TRUE,TRUE,TRUE,FALSE,TRUE,FALSE,TRUE,0,1,0,2,1,0,0,1,0,0,4,0,3,1,1,12,4,6.857326698,8,3,0,11,3,102,21,0,0,9515.779785,1277.309959,23330.84985,3164.250183,20285.40918,120,165,22,0,0,0,0,0,0,0,0,0,0,2,0,0,112,17,5,27,19,5,5,77,27,20,6,6,4,58,38,21,32,60,11,3,3,39,497,212,18,94,125,41,139,121,260,0,0,0,0,82,84,14,11,127,111,138,0,771,236,0,3,6,2.658833772,5,32.355793,57573.60059,1,https://www.fifa.com/en/tournaments/mens/worldcup/canadamexicousa2026/statistics/player-statistics
433724,WILLY SEMEDO,SEMEDO,Midfielder,MF,27/04/1994,32,Older,17,3,156.3,52.1,0,0,3,0,0.00%,33,30,90.90%,4,2.3,2,1.15,0.06,0.00x,TRUE,TRUE,FALSE,TRUE,TRUE,FALSE,TRUE,FALSE,FALSE,0,1,0,0,0,0,1,2,0,0,2,0,2,1,0,9,0,5.150057912,1,0,0,2,0,57,6,0,0,2522.000153,444.159996,7570.319702,1199.210052,6066.740112,21,34,6,0,0,0,0,0,0,0,0,0,0,0,0,0,5,0,0,0,0,0,0,1,1,0,0,1,0,4,1,1,4,3,0,0,0,0,105,65,6,29,28,4,23,38,61,0,0,0,0,19,28,1,5,28,26,33,0,207,90,2,1,1,2.567623377,3,29.82998085,17802.43066,0,https://www.fifa.com/en/tournaments/mens/worldcup/canadamexicousa2026/statistics/player-statistics
485409,Woodensky PIERRE,W. PIERRE,Midfielder,MF,30/12/2004,21,Younger,26,0,0,,0,0,0,0,,0,0,,0,,0,,0,,FALSE,FALSE,FALSE,FALSE,TRUE,FALSE,FALSE,FALSE,FALSE,0,0,0,0,0,0,0,0,0,0,0,0,0,0,0,0,0,0,0,0,0,0,0,0,0,0,0,0,0,0,0,0,0,0,0,0,0,0,0,0,0,0,0,0,0,0,0,0,0,0,0,0,0,0,0,0,0,0,0,0,0,0,0,0,0,0,0,0,0,0,0,0,0,0,0,0,0,0,0,0,0,0,0,0,0,0,0,0,0,0,0,0,0,0,0,0,0,0,0,0,0,https://www.fifa.com/en/tournaments/mens/worldcup/canadamexicousa2026/statistics/player-statistics
385531,Xaver Schlager,XAVER,Midfielder,MF,28/09/1997,28,Older,4,4,265.1,66.3,0,1,1,0,0.00%,138,130,94.20%,6,2.04,0,0,0.02,0.00x,TRUE,FALSE,TRUE,TRUE,TRUE,FALSE,TRUE,FALSE,TRUE,0,0,0,0,0,0,1,0,0,0,0,0,1,1,0,11,0,6.618519902,10,0,0,1,0,76,24,2,0,4461.880066,286.0700111,12202.16016,1267.73999,10396.18005,75,92,3,3,0,0,0,0,0,0,0,0,0,0,1,0,30,0,2,4,4,2,2,28,1,1,0,0,1,25,23,20,22,21,0,2,1,19,301,122,6,2,48,62,92,20,112,0,0,0,0,53,8,0,4,57,86,61,0,371,91,0,3,1,0.427496657,0,32.74268723,28614.0293,0,https://www.fifa.com/en/tournaments/mens/worldcup/canadamexicousa2026/statistics/player-statistics
448585,YANG Hyunjun,HYUNJUN,Midfielder,MF,25/05/2002,24,Younger,20,1,25.4,25.4,0,0,1,1,0.00%,13,9,69.20%,1,3.55,0,0,0.19,0.00x,TRUE,FALSE,FALSE,FALSE,TRUE,FALSE,FALSE,FALSE,FALSE,0,0,0,0,0,0,0,0,0,1,1,1,0,0,0,0,0,2.313317617,0,0,0,0,0,10,1,0,0,454.0799866,58.31999969,1329.5,212.3099976,882.2399902,6,11,2,0,0,0,0,0,0,0,0,0,0,0,0,0,1,0,0,0,0,0,0,0,0,0,0,0,0,1,0,0,1,1,0,0,0,0,28,12,3,1,6,2,2,7,9,1,0,0,0,3,1,1,0,10,2,10,0,37,21,1,0,0,0.381168187,2,32.85130692,2936.449951,0,https://www.fifa.com/en/tournaments/mens/worldcup/canadamexicousa2026/statistics/player-statistics
494313,YANNICK SEMEDO,Y. SEMEDO,Midfielder,MF,29/12/1995,30,Older,16,2,46.3,23.2,0,1,1,0,0.00%,35,27,77.10%,1,1.94,1,1.94,0.01,0.00x,TRUE,FALSE,FALSE,FALSE,TRUE,FALSE,FALSE,FALSE,FALSE,0,0,0,0,0,0,0,1,0,0,0,0,1,1,0,0,2,3.450162292,0,2,2,2,1,12,1,1,0,888.210022,150.3499985,2050.890015,441.9600067,1764.260132,12,19,3,1,0,0,0,0,0,0,0,0,0,0,0,0,20,0,5,6,5,1,1,15,0,0,0,0,0,14,10,6,9,11,0,4,0,7,79,36,7,0,8,6,10,4,14,0,0,0,0,5,2,0,0,13,23,13,0,75,30,2,0,0,0.095744608,1,29.55076981,5295.669922,0,https://www.fifa.com/en/tournaments/mens/worldcup/canadamexicousa2026/statistics/player-statistics
489688,Yasin AYARI,AYARI,Midfielder,MF,6/10/2003,22,Younger,18,4,371.2,92.8,2,0,7,3,28.60%,107,84,78.50%,4,0.97,8,1.94,0.44,4.59x,TRUE,TRUE,TRUE,TRUE,TRUE,FALSE,TRUE,FALSE,TRUE,0,1,1,0,0,0,1,5,0,0,1,0,3,6,3,11,3,6.397312045,4,2,9,17,5,100,22,8,0,5438.070068,374.089983,17098.81982,1607.669983,15089.16016,62,97,21,8,0,0,0,0,0,0,0,0,2,0,0,0,46,1,3,9,4,3,5,20,2,0,0,0,1,35,16,15,30,31,0,1,0,14,278,142,16,21,59,68,111,37,148,0,0,0,0,55,28,2,6,79,49,85,0,434,109,0,2,2,1.064861707,0,30.73529243,39607.81055,1,https://www.fifa.com/en/tournaments/mens/worldcup/canadamexicousa2026/statistics/player-statistics
433631,Yassine TITRAOUI,TITRAOUI,Midfielder,MF,26/07/2003,22,Younger,24,0,0,,0,0,0,0,,0,0,,0,,0,,0,,FALSE,FALSE,FALSE,FALSE,TRUE,FALSE,FALSE,FALSE,FALSE,0,0,0,0,0,0,0,0,0,0,0,0,0,0,0,0,0,0,0,0,0,0,0,0,0,0,0,0,0,0,0,0,0,0,0,0,0,0,0,0,0,0,0,0,0,0,0,0,0,0,0,0,0,0,0,0,0,0,0,0,0,0,0,0,0,0,0,0,0,0,0,0,0,0,0,0,0,0,0,0,0,0,0,0,0,0,0,0,0,0,0,0,0,0,0,0,0,0,0,0,0,https://www.fifa.com/en/tournaments/mens/worldcup/canadamexicousa2026/statistics/player-statistics
401444,Youri TIELEMANS,TIELEMANS,Midfielder,MF,7/05/1997,29,Older,8,5,538.9,107.8,2,0,11,3,18.20%,255,221,86.70%,7,1.17,10,1.67,1.5,1.33x,TRUE,TRUE,TRUE,TRUE,TRUE,FALSE,TRUE,FALSE,TRUE,0,1,0,0,2,0,3,5,1,0,7,3,5,4,0,7,5,5.751233816,7,3,5,14,3,120,24,12,0,10137.3396,642.6999969,29052.27051,3485.410156,18494.94946,142,183,19,12,0,0,0,0,0,0,0,2,0,2,0,0,106,5,7,35,29,20,23,74,10,5,0,1,4,61,40,30,45,66,4,5,1,48,591,256,33,61,87,100,174,74,248,1,0,1,1,85,41,3,15,110,158,125,0,862,256,0,1,3,2.744658515,2,29.8010807,61812.66992,0,https://www.fifa.com/en/tournaments/mens/worldcup/canadamexicousa2026/statistics/player-statistics
464458,YOUSSEF AMYN,YOUSSEF,Midfielder,MF,21/08/2003,22,Younger,7,1,33,33,0,0,0,0,,6,5,83.30%,0,0,0,0,0,,TRUE,FALSE,FALSE,FALSE,TRUE,FALSE,FALSE,FALSE,FALSE,0,0,0,0,0,0,0,0,0,0,0,0,0,0,0,2,0,2.405861378,1,0,0,0,0,25,4,0,0,578.460022,29.94000053,2050.590088,206.9799957,1088.880005,5,8,2,0,0,0,0,0,0,0,0,0,0,0,0,0,1,0,0,0,0,0,0,1,0,0,0,0,0,1,1,1,1,1,0,0,0,1,16,9,0,15,10,1,18,8,26,0,0,0,0,6,5,0,1,7,2,8,0,52,18,1,0,0,0.873481095,0,28.256567,3954.850098,0,https://www.fifa.com/en/tournaments/mens/worldcup/canadamexicousa2026/statistics/player-statistics
485503,Yuito SUZUKI,Y. SUZUKI,Midfielder,MF,25/10/2001,24,Younger,17,1,18,18,0,0,0,0,,4,4,100.00%,0,0,0,0,0,,TRUE,FALSE,FALSE,FALSE,TRUE,FALSE,FALSE,FALSE,FALSE,0,0,0,0,0,0,0,0,0,0,0,0,0,0,0,3,0,1.85839057,2,0,0,0,0,7,2,0,0,405.7000122,213.8099823,731.1999512,143.1799927,732.75,6,7,0,0,0,0,0,0,0,0,0,0,0,0,0,0,0,0,0,0,0,0,0,0,0,0,0,0,0,0,0,0,0,0,0,0,0,0,11,6,0,5,5,2,7,5,12,0,0,0,0,5,3,0,0,6,1,6,0,32,14,1,0,2,0.787538469,0,33.5890274,2226.639893,0,https://www.fifa.com/en/tournaments/mens/worldcup/canadamexicousa2026/statistics/player-statistics
484270,ZAID ISMAEL,ZAID I.,Midfielder,MF,3/01/2002,24,Younger,24,2,126.8,63.4,0,0,0,0,,71,63,88.70%,2,1.42,0,0,0,,TRUE,FALSE,TRUE,TRUE,TRUE,FALSE,TRUE,FALSE,TRUE,0,0,0,0,0,0,0,0,0,0,0,0,0,0,0,1,1,5.128743331,1,0,0,0,0,52,17,1,0,2966.25,302.2999878,7898.019775,779.8699646,4294.050049,38,44,3,1,0,0,0,0,0,0,0,0,0,0,0,0,16,0,1,4,4,3,3,10,0,0,0,0,0,12,6,5,11,12,0,1,0,8,150,56,5,2,28,43,60,13,73,0,0,0,0,36,7,0,1,31,41,32,0,243,58,0,2,1,0.040446348,0,30.8235302,16240.48975,0,https://www.fifa.com/en/tournaments/mens/worldcup/canadamexicousa2026/statistics/player-statistics
434026,ZIDANE IQBAL,Z. IQBAL,Midfielder,MF,27/04/2003,23,Younger,14,3,210,70,0,0,0,0,,128,118,92.20%,1,0.43,2,0.86,0,,TRUE,FALSE,TRUE,TRUE,TRUE,FALSE,TRUE,FALSE,TRUE,0,0,0,0,0,0,0,0,0,0,0,0,0,0,0,8,5,6.847604593,8,5,1,1,1,59,10,3,0,4254.970276,194.6500015,11539.72998,881.989975,7356.650024,67,76,6,3,0,0,0,0,0,0,0,0,0,0,0,0,35,1,1,14,14,12,12,29,2,1,0,1,0,19,14,12,17,22,1,1,0,19,268,88,4,0,61,53,92,22,114,0,0,0,0,60,8,0,4,24,103,28,0,352,61,1,1,5,0.073706124,1,30.22223473,24227.99023,0,https://www.fifa.com/en/tournaments/mens/worldcup/canadamexicousa2026/statistics/player-statistics
436538,ZIYAD ALJOHANI,ZIYAD,Midfielder,MF,11/11/2001,24,Younger,16,0,0,,0,0,0,0,,0,0,,0,,0,,0,,FALSE,FALSE,FALSE,FALSE,TRUE,FALSE,FALSE,FALSE,FALSE,0,0,0,0,0,0,0,0,0,0,0,0,0,0,0,0,0,0,0,0,0,0,0,0,0,0,0,0,0,0,0,0,0,0,0,0,0,0,0,0,0,0,0,0,0,0,0,0,0,0,0,0,0,0,0,0,0,0,0,0,0,0,0,0,0,0,0,0,0,0,0,0,0,0,0,0,0,0,0,0,0,0,0,0,0,0,0,0,0,0,0,0,0,0,0,0,0,0,0,0,0,https://www.fifa.com/en/tournaments/mens/worldcup/canadamexicousa2026/statistics/player-statistics
441342,Abdul FATAWU,Abdul FATAWU,Forward,FW,8/03/2004,22,Younger,7,4,163.1,40.8,0,0,3,0,0.00%,22,18,81.80%,1,0.55,8,4.41,0.1,0.00x,TRUE,TRUE,FALSE,TRUE,TRUE,TRUE,TRUE,TRUE,FALSE,0,0,1,0,0,0,1,1,0,0,1,0,3,2,0,22,1,6.211441278,11,1,2,7,1,50,5,1,0,2578.739929,451.5600128,6319.960083,1156.639999,6309.719971,22,43,11,1,0,0,0,0,0,0,0,0,0,0,0,0,28,4,1,9,4,2,4,14,8,4,2,3,1,11,6,4,5,22,2,0,0,14,90,61,4,19,23,3,4,41,45,0,0,0,0,20,24,3,0,38,12,38,0,211,93,4,0,7,1.359874204,2,32.85761261,16816.62012,1,https://www.fifa.com/en/tournaments/mens/worldcup/canadamexicousa2026/statistics/player-statistics
419302,ABDULLAH ALHAMDDAN,ALHAMDDAN,Forward,FW,13/09/1999,26,Younger,19,3,89,29.7,0,0,2,2,0.00%,22,16,72.70%,2,2.02,0,0,0.2,0.00x,TRUE,FALSE,FALSE,FALSE,TRUE,TRUE,FALSE,FALSE,FALSE,0,0,0,0,0,0,1,1,0,0,1,1,0,1,1,2,0,7.855638981,1,0,0,1,0,62,5,0,0,1886.019943,279.1700058,4143.929871,1006.539978,3411.310165,10,20,5,0,0,0,0,0,0,0,0,0,0,0,0,0,6,1,0,2,1,1,1,3,2,1,1,1,0,2,1,1,1,5,0,0,0,2,52,23,2,13,21,5,24,15,39,0,0,0,0,9,16,0,6,11,9,17,0,170,70,3,0,1,5.142115712,2,31.61288071,10726.96973,0,https://www.fifa.com/en/tournaments/mens/worldcup/canadamexicousa2026/statistics/player-statistics
433754,Adam HLOZEK,HLOŽEK,Forward,FW,25/07/2002,23,Younger,9,3,172.1,57.4,0,0,3,1,0.00%,26,18,69.20%,4,2.09,4,2.09,0.31,0.00x,TRUE,TRUE,FALSE,TRUE,TRUE,TRUE,TRUE,TRUE,FALSE,0,0,0,0,1,1,1,0,0,0,2,1,1,1,0,8,0,6.767307758,5,0,0,1,1,92,7,1,0,2690.320129,379.2099915,8423.219604,1051.440033,6876.260376,16,31,6,1,0,0,0,0,0,0,0,0,0,0,0,0,8,1,0,1,1,0,0,6,1,1,0,0,0,6,4,3,5,5,1,0,0,3,70,42,8,20,20,4,32,12,44,0,0,0,0,17,26,4,8,23,8,31,0,251,94,1,2,3,4.631543636,0,32.71700668,19420.4502,0,https://www.fifa.com/en/tournaments/mens/worldcup/canadamexicousa2026/statistics/player-statistics
512132,Adil BOULBINA,BOULBINA,Forward,FW,2/05/2003,23,Younger,20,2,28.3,14.2,0,0,0,0,,19,16,84.20%,0,0,0,0,0,,TRUE,FALSE,FALSE,FALSE,TRUE,TRUE,FALSE,FALSE,FALSE,0,0,0,0,0,0,0,0,0,0,0,0,0,0,0,2,1,3.533273458,1,1,0,0,0,13,0,0,0,611.1299744,70.81999969,1294.609985,301.6900024,1164.52002,16,19,1,0,0,0,0,0,0,0,0,0,0,0,0,0,5,1,0,1,1,0,0,4,1,1,0,0,0,3,2,1,2,5,1,0,0,4,42,19,1,20,19,7,13,33,46,1,0,0,0,15,6,2,2,18,3,20,0,54,21,2,0,1,2.172605038,1,28.15015793,3442.77002,0,https://www.fifa.com/en/tournaments/mens/worldcup/canadamexicousa2026/statistics/player-statistics
353251,AHMED ALAAELDIN,ALAAELDIN,Forward,FW,31/01/1993,33,Older,7,2,55.3,27.7,0,0,1,1,0.00%,8,4,50.00%,1,1.63,1,1.63,0.13,0.00x,TRUE,FALSE,FALSE,FALSE,TRUE,TRUE,FALSE,FALSE,FALSE,0,0,0,0,0,0,0,1,0,0,1,1,0,0,0,0,0,4.307019075,0,0,0,0,0,22,4,0,0,764.6899719,156.6899948,2814.459839,388.7499847,1928.320068,3,7,2,0,0,0,0,0,0,0,0,0,0,0,0,0,3,0,0,0,0,0,0,0,1,0,0,1,0,2,0,0,2,3,0,0,0,0,26,15,1,11,8,1,15,5,20,0,0,0,0,5,8,0,3,8,2,11,0,70,30,2,0,0,4.764680862,0,31.7396965,6052.909912,0,https://www.fifa.com/en/tournaments/mens/worldcup/canadamexicousa2026/statistics/player-statistics
523236,AHMED QASEM,AHMED QASEM,Forward,FW,12/07/2003,22,Younger,11,3,135.7,45.2,0,0,0,0,,16,13,81.30%,0,0,1,0.66,0,,TRUE,FALSE,FALSE,TRUE,TRUE,TRUE,TRUE,FALSE,FALSE,0,0,0,0,0,0,0,0,0,0,0,0,0,0,0,0,0,6.292711894,0,0,0,1,0,81,6,0,0,2293.899902,309.9800034,6387.299927,992.8100853,5475.219543,12,16,3,0,0,0,0,0,0,0,0,0,0,0,0,0,2,0,0,0,0,0,0,2,1,1,1,1,0,1,1,1,1,2,0,0,0,2,47,29,2,37,14,1,31,21,52,0,0,0,0,7,11,2,3,18,5,21,0,215,78,1,1,0,2.086113155,0,32.04931641,15459.20935,0,https://www.fifa.com/en/tournaments/mens/worldcup/canadamexicousa2026/statistics/player-statistics
430512,AIMAN YAHYA,AIMAN,Forward,FW,14/05/2001,25,Younger,8,0,0,,0,0,0,0,,0,0,,0,,0,,0,,FALSE,FALSE,FALSE,FALSE,TRUE,TRUE,FALSE,FALSE,FALSE,0,0,0,0,0,0,0,0,0,0,0,0,0,0,0,0,0,0,0,0,0,0,0,0,0,0,0,0,0,0,0,0,0,0,0,0,0,0,0,0,0,0,0,0,0,0,0,0,0,0,0,0,0,0,0,0,0,0,0,0,0,0,0,0,0,0,0,0,0,0,0,0,0,0,0,0,0,0,0,0,0,0,0,0,0,0,0,0,0,0,0,0,0,0,0,0,0,0,0,0,0,https://www.fifa.com/en/tournaments/mens/worldcup/canadamexicousa2026/statistics/player-statistics
404319,Ajdin HRUSTIC,HRUSTIC,Forward,FW,5/07/1996,29,Older,10,2,90.7,45.3,0,0,3,0,0.00%,31,27,87.10%,1,0.99,0,0,0.11,0.00x,TRUE,TRUE,FALSE,TRUE,TRUE,TRUE,TRUE,TRUE,FALSE,0,2,1,0,0,0,0,2,0,0,2,0,1,1,0,1,0,3.743576527,1,0,1,5,2,40,2,2,0,2129.210022,250.5499954,5063.660034,778.2399902,3238.730103,25,34,5,2,0,0,0,0,0,0,0,0,0,0,0,0,6,0,2,2,0,0,0,1,0,0,0,0,0,4,1,1,2,4,0,0,0,0,80,36,8,14,32,5,27,24,51,0,0,0,0,13,15,2,2,28,8,30,0,183,58,2,0,1,1.626541793,0,30.18680382,11460.39014,0,https://www.fifa.com/en/tournaments/mens/worldcup/canadamexicousa2026/statistics/player-statistics
386347,AKRAM AFIF,AFIF,Forward,FW,18/11/1996,29,Older,11,3,269.1,89.7,0,0,2,0,0.00%,93,73,78.50%,0,0,4,1.34,0.16,0.00x,TRUE,FALSE,TRUE,TRUE,TRUE,TRUE,TRUE,FALSE,TRUE,0,0,0,0,0,0,0,2,0,0,1,0,2,1,0,11,3,5.199519793,6,2,7,12,4,54,5,1,0,2239.650024,646.5199738,8088.870117,1271.830063,11289.19971,50,79,16,1,0,0,0,0,0,0,0,0,0,0,0,0,54,8,2,11,5,0,1,32,12,5,2,4,0,31,22,17,21,39,3,2,0,20,217,103,9,23,54,6,42,41,83,2,0,0,0,44,40,2,4,65,34,69,0,194,104,0,1,2,1.49898389,3,33.21076202,23536.06934,0,https://www.fifa.com/en/tournaments/mens/worldcup/canadamexicousa2026/statistics/player-statistics
386458,Alejandro ROMERO GAMARRA,R. GAMARRA,Forward,FW,11/01/1995,31,Older,17,1,18.5,18.5,0,0,0,0,,10,6,60.00%,1,4.87,1,4.87,0,,TRUE,FALSE,FALSE,FALSE,TRUE,TRUE,FALSE,FALSE,FALSE,0,0,0,0,0,0,0,0,0,0,0,0,0,0,0,0,1,1.414652252,0,1,0,0,0,13,5,1,0,407.7700195,0,1059.369995,154.6900024,559.1900024,6,9,3,1,0,0,0,0,0,0,0,0,0,0,0,0,6,0,0,4,4,4,4,4,0,0,0,0,0,2,0,0,2,5,0,0,0,4,24,13,0,0,1,5,5,1,6,0,0,0,0,2,0,0,1,8,1,9,0,35,11,1,0,0,0.023719463,0,23.45964432,2181.02002,0,https://www.fifa.com/en/tournaments/mens/worldcup/canadamexicousa2026/statistics/player-statistics
485802,Alex ARCE,ARCE,Forward,FW,16/06/1995,30,Older,18,2,64.9,32.5,0,0,0,0,,10,7,70.00%,1,1.39,0,0,0,,TRUE,FALSE,FALSE,FALSE,TRUE,TRUE,FALSE,FALSE,FALSE,0,0,0,0,0,0,0,0,0,0,0,0,0,0,0,0,0,2.847177315,0,0,0,0,0,32,4,0,0,1565.470093,213.0800095,2998.799927,668.1299744,2267.119995,7,10,1,0,0,0,0,0,0,0,0,0,0,0,0,0,1,0,0,0,0,0,0,1,0,0,0,0,0,1,1,1,1,1,0,0,0,1,22,12,3,6,2,3,7,4,11,0,0,0,0,2,8,0,0,10,1,10,0,122,46,2,0,0,6.308487654,0,30.06614876,7712.600098,1,https://www.fifa.com/en/tournaments/mens/worldcup/canadamexicousa2026/statistics/player-statistics
390278,Alex ZENDEJAS,ZENDEJAS,Forward,FW,7/02/1998,28,Older,26,1,22.7,22.7,0,0,1,0,0.00%,7,6,85.70%,1,3.96,0,0,0,0.00x,TRUE,FALSE,FALSE,FALSE,TRUE,TRUE,FALSE,FALSE,FALSE,0,1,0,0,0,0,0,1,0,0,1,0,0,0,0,1,0,1.62103405,1,0,0,1,0,16,2,0,0,654.8699951,50.3599968,1416.160034,287.5899963,655.7300415,1,5,1,0,0,0,0,0,0,0,0,0,0,0,0,0,4,0,0,0,0,0,0,3,1,0,0,1,0,3,3,3,3,1,0,0,0,0,19,9,1,3,6,2,7,4,11,0,0,0,0,4,2,0,0,4,6,4,0,53,20,1,0,0,0.411364168,0,27.87467384,3064.710205,0,https://www.fifa.com/en/tournaments/mens/worldcup/canadamexicousa2026/statistics/player-statistics
430150,Alexander Isak,ISAK,Forward,FW,21/09/1999,26,Younger,9,4,389.2,97.3,1,3,8,6,12.50%,81,65,80.20%,4,0.92,1,0.23,0.68,1.48x,TRUE,TRUE,TRUE,TRUE,TRUE,TRUE,TRUE,TRUE,TRUE,0,1,1,1,0,0,1,4,0,0,5,3,1,3,3,7,2,5.498057604,3,1,0,4,0,110,15,0,0,3733.590088,976.3599243,13210.23999,2039.300049,15695.53003,42,72,5,0,0,0,0,0,0,0,0,1,0,1,0,0,25,1,0,2,2,1,1,20,5,3,2,4,0,18,15,14,17,16,1,0,0,12,194,101,17,64,66,4,105,29,134,5,0,0,0,38,57,7,14,55,26,69,0,346,155,0,2,3,6.899537563,2,32.61077881,35655.02148,0,https://www.fifa.com/en/tournaments/mens/worldcup/canadamexicousa2026/statistics/player-statistics
398588,Alexander SORLOTH,SØRLOTH,Forward,FW,5/12/1995,30,Older,7,5,363.1,72.6,0,0,5,1,0.00%,110,88,80.00%,6,1.49,2,0.5,0.6,0.00x,TRUE,TRUE,TRUE,TRUE,TRUE,TRUE,TRUE,TRUE,TRUE,0,1,0,1,0,0,0,2,0,0,5,1,2,0,0,14,0,5.376063108,3,0,0,5,1,70,8,0,0,5619.410156,1237.329956,15800.85986,2258.869965,13873.44971,67,108,9,0,0,0,0,0,0,0,0,0,0,1,0,0,16,0,1,4,2,1,3,12,5,5,5,5,0,7,5,4,6,15,0,1,0,11,276,120,17,56,78,1,49,86,135,2,0,0,0,54,83,3,16,72,54,88,0,483,187,0,5,2,5.15787673,1,33.67917633,38789.9209,0,https://www.fifa.com/en/tournaments/mens/worldcup/canadamexicousa2026/statistics/player-statistics
430766,Alexis VEGA,A. VEGA,Forward,FW,25/11/1997,28,Older,10,1,18.8,18.8,0,0,0,0,,10,10,100.00%,0,0,0,0,0,,TRUE,FALSE,FALSE,FALSE,TRUE,TRUE,FALSE,FALSE,FALSE,0,0,0,0,0,0,0,0,0,0,0,0,0,0,0,1,0,1.222310543,0,0,0,1,0,3,0,0,0,388.5700073,48.93000031,740.4500732,104.0099945,633.460022,5,6,1,0,0,0,0,0,0,0,0,0,0,0,0,0,1,0,0,0,0,0,0,0,1,0,0,1,0,0,0,0,0,1,0,0,0,0,25,9,0,5,4,3,7,5,12,0,0,0,0,5,3,2,0,6,8,6,0,28,10,1,0,0,1.538805723,0,27.99904251,1915.420044,0,https://www.fifa.com/en/tournaments/mens/worldcup/canadamexicousa2026/statistics/player-statistics
466687,Ali AHMED,AHMED,Forward,FW,10/10/2000,25,Younger,20,4,258.1,64.5,0,0,3,1,0.00%,65,51,78.50%,1,0.35,5,1.74,0.29,0.00x,TRUE,TRUE,TRUE,TRUE,TRUE,TRUE,TRUE,TRUE,TRUE,0,0,0,0,0,1,0,2,0,0,1,1,1,2,0,9,1,5.235939217,5,1,2,15,3,113,12,4,0,3846.990051,838.090004,11289.49011,1974.53009,9991.250244,47,73,18,4,0,0,0,0,0,0,0,0,0,0,0,0,28,1,1,2,0,0,0,16,5,2,1,3,1,21,14,13,18,22,0,0,1,13,188,103,14,50,60,14,37,87,124,0,0,0,0,39,45,5,5,40,46,45,0,341,172,1,3,3,3.847362339,2,34.1110611,27940.34912,0,https://www.fifa.com/en/tournaments/mens/worldcup/canadamexicousa2026/statistics/player-statistics
436628,ALI ALHAMADI,AL-HAMADI,Forward,FW,1/03/2002,24,Younger,9,3,201.1,67,0,0,6,0,0.00%,35,26,74.30%,1,0.45,5,2.24,0.95,0.00x,TRUE,TRUE,FALSE,TRUE,TRUE,TRUE,TRUE,TRUE,FALSE,0,1,0,0,2,0,0,4,0,0,4,0,4,2,0,4,0,6.761827946,2,0,0,0,0,71,11,0,0,2786.049988,406.9199905,10700.48999,1332.5,7445.319824,16,30,13,0,0,0,0,0,0,0,0,0,0,2,0,0,2,0,0,0,0,0,0,2,0,0,0,0,0,2,2,2,2,2,0,0,0,2,90,52,8,53,45,2,79,21,100,0,0,0,0,18,23,5,10,23,14,33,0,258,112,1,2,1,4.855597615,1,33.53158188,22671.27979,0,https://www.fifa.com/en/tournaments/mens/worldcup/canadamexicousa2026/statistics/player-statistics
416989,Ali Alipour,A. ALIPOUR,Forward,FW,11/11/1995,30,Older,11,1,42.4,42.4,0,0,1,0,0.00%,8,4,50.00%,1,2.12,1,2.12,0.04,0.00x,TRUE,FALSE,FALSE,FALSE,TRUE,TRUE,FALSE,FALSE,FALSE,0,1,0,0,0,0,1,0,0,0,1,0,0,0,0,1,0,2.19707187,1,0,0,0,0,13,4,0,0,601.6699829,93.27999878,1981.350098,328.3599854,1651.030029,3,8,2,0,0,0,0,0,0,0,0,0,0,0,0,0,4,1,0,1,1,0,0,4,1,1,0,0,0,2,2,1,1,4,1,0,0,4,21,12,3,10,7,0,13,4,17,0,0,0,0,2,5,0,2,5,3,7,0,51,27,1,0,0,2.231498241,0,29.85338593,4655.689941,0,https://www.fifa.com/en/tournaments/mens/worldcup/canadamexicousa2026/statistics/player-statistics
498514,ALI AZAIZEH,AZAIZEH,Forward,FW,13/04/2004,22,Younger,24,3,78.3,26.1,0,0,2,0,0.00%,13,12,92.30%,1,1.15,1,1.15,0.06,0.00x,TRUE,FALSE,FALSE,FALSE,TRUE,TRUE,FALSE,FALSE,FALSE,0,0,1,0,1,0,0,0,0,0,1,0,2,1,0,2,0,7.268970807,2,0,1,1,0,47,3,0,0,1497.010071,129.0800018,4266.720093,507.0099945,2829.299927,11,14,3,0,0,0,0,0,0,0,0,0,0,1,0,0,2,0,0,0,0,0,0,2,0,0,0,0,0,2,2,2,2,1,0,0,0,1,35,16,2,11,19,0,18,12,30,0,0,0,0,5,12,0,5,11,3,16,0,129,40,2,1,1,3.34966135,0,30.0322361,9229.119995,0,https://www.fifa.com/en/tournaments/mens/worldcup/canadamexicousa2026/statistics/player-statistics
464457,ALI JASIM,ALI J.,Forward,FW,20/01/2004,22,Younger,17,2,144.9,72.5,0,0,4,1,0.00%,36,29,80.60%,1,0.62,0,0,0.11,0.00x,TRUE,TRUE,FALSE,TRUE,TRUE,TRUE,TRUE,TRUE,FALSE,0,2,0,0,0,1,2,1,0,0,0,0,1,4,1,3,1,4.456088861,1,1,3,5,0,58,8,1,0,3034.309937,247.0599899,6645.27002,1244.179871,4532.77002,23,37,27,1,0,0,0,0,0,0,0,0,0,0,0,0,13,2,0,3,2,1,1,9,4,3,2,2,0,6,4,3,4,11,1,0,0,7,96,50,7,16,32,7,21,34,55,0,0,0,0,18,23,4,4,35,8,39,0,252,92,0,2,1,0.958198667,1,29.56729889,15703.59082,0,https://www.fifa.com/en/tournaments/mens/worldcup/canadamexicousa2026/statistics/player-statistics
431212,ALI OLWAN,OLWAN,Forward,FW,26/03/2000,26,Younger,9,3,297.3,99.1,1,0,6,3,16.70%,48,36,75.00%,1,0.3,4,1.21,0.25,3.93x,TRUE,TRUE,FALSE,TRUE,TRUE,TRUE,TRUE,TRUE,FALSE,0,1,1,0,1,0,1,3,0,0,4,2,2,2,1,16,1,6.785743713,8,1,0,8,3,154,7,0,0,4650.580078,804.1400452,14692.25977,1773.180084,11652.37061,34,61,11,0,0,0,0,0,0,0,0,1,0,1,0,0,14,2,0,2,0,0,0,6,4,2,2,2,0,8,4,4,6,10,0,0,0,5,147,84,10,22,36,5,30,33,63,1,0,0,0,19,40,12,10,37,33,47,0,411,138,0,2,6,2.074110746,1,33.42590714,33572.53125,0,https://www.fifa.com/en/tournaments/mens/worldcup/canadamexicousa2026/statistics/player-statistics
434029,ALI YOUSIF,ALI Y.,Forward,FW,19/01/1996,30,Older,13,1,38.7,38.7,0,0,0,0,,4,4,100.00%,1,2.33,0,0,0,,TRUE,FALSE,FALSE,FALSE,TRUE,TRUE,FALSE,FALSE,FALSE,0,0,0,0,0,0,0,0,0,0,0,0,0,0,0,0,0,2.347536723,0,0,0,0,0,17,1,0,0,715.4199829,150.1999969,1786.290039,338.0599976,1549.699829,1,1,2,0,0,0,0,0,0,0,0,0,0,0,0,0,0,0,0,0,0,0,0,0,0,0,0,0,0,0,0,0,0,0,0,0,0,0,8,5,0,3,2,0,4,1,5,0,0,0,0,1,2,0,1,2,1,3,0,69,22,1,0,0,1.01380372,0,32.38235855,4539.669922,0,https://www.fifa.com/en/tournaments/mens/worldcup/canadamexicousa2026/statistics/player-statistics
386366,ALMOEZ ALI,ALMOEZ,Forward,FW,19/08/1996,29,Older,19,1,24.8,24.8,0,0,1,1,0.00%,3,2,66.70%,0,0,0,0,0.05,0.00x,TRUE,FALSE,FALSE,FALSE,TRUE,TRUE,FALSE,FALSE,FALSE,0,0,0,1,0,0,0,0,0,0,1,1,0,0,0,0,0,2.303833326,0,0,0,0,0,11,2,0,0,400.3299866,17.15999985,1271.569946,140.8200073,1029.160034,2,4,1,0,0,0,0,0,0,0,0,0,0,1,0,0,1,0,0,0,0,0,0,1,1,1,1,1,0,0,0,0,0,1,0,0,0,1,9,5,1,3,10,2,10,5,15,0,0,0,0,4,2,0,1,4,0,5,0,38,11,1,0,0,2.548005104,0,26.56152725,2859.040039,0,https://www.fifa.com/en/tournaments/mens/worldcup/canadamexicousa2026/statistics/player-statistics
430822,Amad DIALLO,AMAD,Forward,FW,11/07/2002,23,Younger,15,4,211.6,52.9,2,0,8,4,25.00%,73,69,94.50%,0,0,2,0.85,1.44,1.39x,TRUE,TRUE,TRUE,TRUE,TRUE,TRUE,TRUE,TRUE,TRUE,0,2,2,0,2,1,0,3,0,0,6,2,2,2,2,17,1,6.146854997,8,1,4,7,2,54,12,1,0,3100,871.5500031,7829.0802,1332.830048,8754.909546,55,76,8,1,0,0,0,0,0,0,0,2,0,0,0,0,21,1,2,5,5,2,2,18,4,4,3,3,0,12,9,6,9,12,1,2,0,9,193,85,14,34,40,21,31,64,95,1,0,0,0,36,48,3,7,55,36,62,0,270,104,2,2,7,3.640206695,0,33.32061005,21888.37012,0,https://www.fifa.com/en/tournaments/mens/worldcup/canadamexicousa2026/statistics/player-statistics
405877,Amine GOUIRI,GOUIRI,Forward,FW,16/02/2000,26,Younger,9,4,270.8,67.7,1,0,3,2,33.30%,58,51,87.90%,1,0.33,1,0.33,0.62,1.61x,TRUE,TRUE,TRUE,TRUE,TRUE,TRUE,TRUE,TRUE,TRUE,0,0,0,0,0,0,0,2,0,0,2,1,1,1,1,2,0,6.173721433,1,0,0,1,0,126,12,0,0,3884.069885,312.0700321,10588.05005,1673.630005,11330.05029,35,46,7,0,0,0,0,0,0,0,0,1,0,0,0,0,2,0,0,0,0,0,0,1,0,0,0,0,0,2,1,1,2,2,0,0,0,1,137,64,10,69,107,12,139,49,188,0,0,0,0,40,40,3,3,37,28,40,0,355,131,1,3,1,11.55674076,0,29.54066277,27787.86938,0,https://www.fifa.com/en/tournaments/mens/worldcup/canadamexicousa2026/statistics/player-statistics
524320,Amine SBAI,SBAÏ,Forward,FW,5/11/2000,25,Younger,17,1,11.8,11.8,0,0,0,0,,4,3,75.00%,2,15.2,0,0,0,,TRUE,FALSE,FALSE,FALSE,TRUE,TRUE,FALSE,FALSE,FALSE,0,0,0,0,0,0,0,0,0,0,0,0,0,0,0,2,0,1.481538773,1,0,1,2,0,3,0,0,0,445.2699585,51.56000137,604.5300293,230.530014,423.1000366,3,7,0,0,0,0,0,0,0,0,0,0,0,0,0,0,3,0,0,0,0,0,0,2,1,1,1,1,0,2,1,1,2,3,0,0,0,2,14,8,0,4,8,1,8,5,13,0,0,0,0,6,3,0,1,3,4,4,0,33,15,1,0,0,0.662838697,0,28.51881409,1754.98999,0,https://www.fifa.com/en/tournaments/mens/worldcup/canadamexicousa2026/statistics/player-statistics
405639,Amirhossein Hosseinzadeh,AMIRHOSSEIN,Forward,FW,30/10/2000,25,Younger,18,2,26.5,13.3,0,0,1,0,0.00%,14,10,71.40%,0,0,0,0,0.09,0.00x,TRUE,FALSE,FALSE,FALSE,TRUE,TRUE,FALSE,FALSE,FALSE,0,1,0,0,0,0,0,1,0,0,1,0,0,0,0,2,1,4.821907202,1,1,0,0,0,13,3,0,0,564.7200012,67.23000288,1448.450012,240.5800095,879.0800171,8,14,3,0,0,0,0,0,0,0,0,0,0,0,0,0,8,1,0,1,0,0,0,4,3,2,1,1,1,4,2,1,2,5,0,0,1,4,33,16,2,4,9,2,8,7,15,0,0,0,0,4,3,0,1,7,8,8,0,47,17,2,0,0,0.844325244,1,29.03895187,3200.059937,0,https://www.fifa.com/en/tournaments/mens/worldcup/canadamexicousa2026/statistics/player-statistics
336472,Andrej KRAMARIC,KRAMARIĆ,Forward,FW,19/06/1991,34,Older,9,3,81.9,27.3,0,0,1,0,0.00%,20,17,85.00%,0,0,0,0,0.01,0.00x,TRUE,FALSE,FALSE,FALSE,TRUE,TRUE,FALSE,FALSE,FALSE,0,1,0,0,0,0,0,1,0,0,0,0,0,1,0,1,0,5.436036229,0,0,0,2,0,24,1,0,0,1815.890045,235.0199986,4199.369995,787.0499878,3018.030029,12,19,0,0,0,0,0,0,0,0,0,0,0,0,0,0,7,0,0,0,0,0,0,5,2,1,1,2,0,5,4,4,5,5,0,0,0,3,47,20,1,18,22,7,32,15,47,1,0,0,0,9,10,0,0,9,15,9,0,163,50,3,0,0,6.260256052,0,30.63620567,10055.35974,0,https://www.fifa.com/en/tournaments/mens/worldcup/canadamexicousa2026/statistics/player-statistics
492189,Andres GOMEZ,A. GOMEZ,Forward,FW,12/09/2002,23,Younger,26,1,7.9,7.9,0,0,0,0,,0,0,,0,0,0,0,0,,TRUE,FALSE,FALSE,FALSE,TRUE,TRUE,FALSE,FALSE,FALSE,0,0,0,0,0,0,0,0,0,0,0,0,0,0,0,0,0,1.560896778,0,0,0,0,0,1,1,0,0,265.1700134,22.22999954,404.2400208,85.66999817,264.7600098,0,0,0,0,0,0,0,0,0,0,0,0,0,0,0,0,0,0,0,0,0,0,0,0,0,0,0,0,0,0,0,0,0,0,0,0,0,0,0,0,0,1,0,0,0,1,1,0,0,0,0,0,0,0,0,0,0,0,0,16,6,1,0,0,0.078439042,0,28.37785912,1042.070068,0,https://www.fifa.com/en/tournaments/mens/worldcup/canadamexicousa2026/statistics/player-statistics
464103,Ange-Yoan BONNY,BONNY,Forward,FW,25/10/2003,22,Younger,9,4,258.4,64.6,0,0,1,1,0.00%,30,26,86.70%,1,0.35,3,1.04,0.05,0.00x,TRUE,FALSE,FALSE,TRUE,TRUE,TRUE,TRUE,FALSE,FALSE,0,0,0,0,0,0,0,1,0,0,0,0,0,1,1,2,0,6.226868153,1,0,0,3,1,123,7,0,0,3316.249939,537.9599991,11124.13013,1584.920013,10388.55945,22,30,7,0,0,0,0,0,0,0,0,0,0,0,0,0,3,0,0,0,0,0,0,3,0,0,0,0,0,3,3,3,3,3,0,0,0,3,92,58,2,51,20,0,63,8,71,1,0,0,0,10,36,7,20,29,2,49,0,314,113,1,3,1,14.10062408,0,32.89114761,26951.81982,0,https://www.fifa.com/en/tournaments/mens/worldcup/canadamexicousa2026/statistics/player-statistics
482874,Anis HADJ MOUSSA,HADJ MOUSSA,Forward,FW,11/02/2002,24,Younger,11,3,114.7,38.2,0,0,2,1,0.00%,36,25,69.40%,0,0,2,1.57,0.15,0.00x,TRUE,FALSE,FALSE,TRUE,TRUE,TRUE,TRUE,FALSE,FALSE,0,0,1,0,0,0,0,1,0,0,2,1,1,0,0,17,1,4.90282321,8,1,5,4,2,34,1,1,0,1703.770081,157.739994,4934.259888,694.9499664,4822.169739,29,49,3,1,0,0,0,0,0,0,0,0,0,0,0,0,12,1,1,2,1,0,0,7,5,3,3,4,0,5,3,2,3,10,0,1,0,5,95,48,9,24,22,4,15,35,50,0,0,0,0,17,20,2,0,27,22,27,0,151,60,2,1,8,2.600030184,0,29.42367172,12312.88989,0,https://www.fifa.com/en/tournaments/mens/worldcup/canadamexicousa2026/statistics/player-statistics
430070,Ante BUDIMIR,BUDIMIR,Forward,FW,22/07/1991,34,Older,11,3,168.4,56.1,1,0,3,1,33.30%,10,6,60.00%,6,3.21,4,2.14,0.46,2.18x,TRUE,TRUE,FALSE,TRUE,TRUE,TRUE,TRUE,TRUE,FALSE,0,0,0,0,2,0,0,1,0,0,3,1,2,0,0,1,0,4.987508059,1,0,0,0,0,76,13,0,0,1967.560059,432.8600235,8176.900146,1180.899994,6964.069946,3,11,13,0,0,0,0,0,0,0,0,1,0,1,0,0,2,0,0,0,0,0,0,0,2,0,0,2,0,0,0,0,0,2,0,0,0,0,37,24,4,65,10,1,68,8,76,0,0,0,0,10,14,1,3,13,5,16,0,180,94,1,2,0,6.666761875,0,32.05773544,18722.29004,0,https://www.fifa.com/en/tournaments/mens/worldcup/canadamexicousa2026/statistics/player-statistics
441137,Anthony ELANGA,ELANGA,Forward,FW,27/04/2002,24,Younger,11,4,247.3,61.8,2,0,3,3,66.70%,76,60,78.90%,0,0,7,2.55,0.53,3.77x,TRUE,TRUE,TRUE,TRUE,TRUE,TRUE,TRUE,TRUE,TRUE,0,0,0,0,0,0,0,3,0,0,2,2,0,1,1,10,0,5.939934134,4,0,1,12,0,31,1,2,0,2361.329994,928.0499878,8421.189957,1237.920052,11317.21039,41,74,10,2,0,0,0,0,0,0,0,1,1,0,0,0,30,1,0,1,0,0,0,15,9,3,3,6,2,20,12,12,17,22,0,0,0,13,192,87,7,47,56,7,40,70,110,1,0,0,0,44,39,7,9,50,38,59,0,211,118,2,0,3,7.038286269,4,37.15757751,24265.70032,0,https://www.fifa.com/en/tournaments/mens/worldcup/canadamexicousa2026/statistics/player-statistics
448189,Anthony GORDON,GORDON,Forward,FW,24/02/2001,25,Younger,18,6,442.2,73.7,1,3,6,4,16.70%,113,96,85.00%,4,0.81,10,2.04,0.7,1.43x,TRUE,TRUE,TRUE,TRUE,TRUE,TRUE,TRUE,TRUE,TRUE,0,1,1,0,2,0,0,2,0,1,6,4,0,0,0,34,0,4.45640707,13,0,0,10,2,151,15,1,0,5669.170166,1687.370064,13832.13928,2659.929962,19838.11047,82,131,27,1,0,0,0,0,0,0,0,1,0,2,0,0,55,5,1,7,3,0,1,36,18,13,9,11,2,30,20,15,22,47,2,1,2,32,299,153,20,80,86,39,92,113,205,0,0,0,0,80,85,13,6,100,54,106,0,474,232,1,4,10,5.85568437,9,35.79421997,43686.7207,0,https://www.fifa.com/en/tournaments/mens/worldcup/canadamexicousa2026/statistics/player-statistics
483448,Antonio NUSA,NUSA,Forward,FW,17/04/2005,21,Younger,20,6,357.4,59.6,1,0,6,2,16.70%,83,62,74.70%,1,0.25,5,1.26,0.37,2.70x,TRUE,TRUE,TRUE,TRUE,TRUE,TRUE,TRUE,TRUE,TRUE,0,1,0,0,0,0,2,4,0,0,4,2,2,2,0,38,1,6.082309723,13,1,0,7,1,112,16,0,0,4735.989868,971.1899986,13336.59003,2246.47998,14389.19971,53,110,7,0,0,0,0,0,0,0,0,1,0,0,0,0,38,3,3,8,6,1,2,24,6,2,0,3,0,24,16,11,18,34,2,3,0,21,234,121,13,27,110,12,39,110,149,2,0,0,0,55,62,1,10,57,64,67,0,411,176,2,4,10,3.15626397,1,34.32958221,35679.44995,1,https://www.fifa.com/en/tournaments/mens/worldcup/canadamexicousa2026/statistics/player-statistics
369768,Antonio SANABRIA,SANABRIA,Forward,FW,4/03/1996,30,Older,9,2,95.1,47.6,0,0,0,0,,10,7,70.00%,1,0.95,2,1.89,0,,TRUE,FALSE,FALSE,TRUE,TRUE,TRUE,TRUE,FALSE,FALSE,0,0,0,0,0,0,0,0,0,0,0,0,0,0,0,2,0,2.477760029,1,0,0,0,0,38,2,0,0,1201.529999,234.6800156,4398.390137,565.8700104,3567.329956,4,8,4,0,0,0,0,0,0,0,0,0,0,0,0,0,0,0,0,0,0,0,0,0,0,0,0,0,0,0,0,0,0,0,0,0,0,0,26,16,3,3,2,0,4,1,5,0,0,0,0,0,12,2,4,5,5,9,0,113,45,1,1,0,2.843780994,1,31.10787964,9967.800293,0,https://www.fifa.com/en/tournaments/mens/worldcup/canadamexicousa2026/statistics/player-statistics
484087,Arda GULER,ARDA GÜLER,Forward,FW,25/02/2005,21,Younger,8,3,313.7,104.6,1,0,12,4,8.30%,198,170,85.90%,3,0.86,10,2.87,0.75,1.34x,TRUE,TRUE,TRUE,TRUE,TRUE,TRUE,TRUE,TRUE,TRUE,0,2,0,0,1,1,2,8,0,0,3,2,6,9,2,20,5,6.425099373,11,4,11,14,4,62,7,9,0,4973.630005,336.1999969,14306.29004,1562.279968,12456.88037,115,154,12,9,0,0,0,0,0,0,0,1,0,0,0,0,97,2,5,12,7,5,5,68,9,6,1,1,6,76,55,49,63,57,1,1,4,42,455,203,35,40,122,106,157,111,268,2,0,0,0,102,46,6,10,79,135,89,0,425,120,0,0,6,2.053125501,5,30.40570641,33635.2793,0,https://www.fifa.com/en/tournaments/mens/worldcup/canadamexicousa2026/statistics/player-statistics
514336,Armando GONZALEZ,A. GONZÁLEZ,Forward,FW,20/04/2003,23,Younger,14,1,21.6,21.6,0,0,0,0,,1,1,100.00%,1,4.17,0,0,0,,TRUE,FALSE,FALSE,FALSE,TRUE,TRUE,FALSE,FALSE,FALSE,0,0,0,0,0,0,0,0,0,0,0,0,0,0,0,0,0,1.175209618,0,0,0,0,0,7,0,0,0,323.7099915,78.41000366,748.0499878,186.9499969,748.8900757,1,1,0,0,0,0,0,0,0,0,0,0,0,0,0,0,0,0,0,0,0,0,0,0,0,0,0,0,0,0,0,0,0,0,0,0,0,0,5,4,0,4,3,0,5,2,7,0,0,0,0,2,4,0,1,3,0,4,0,25,14,1,0,0,6.57433939,0,31.96656799,2086.009766,0,https://www.fifa.com/en/tournaments/mens/worldcup/canadamexicousa2026/statistics/player-statistics
484698,Assane DIAO,A. DIAO,Forward,FW,7/09/2005,20,Younger,7,1,16,16,0,0,0,0,,12,12,100.00%,0,0,0,0,0,,TRUE,FALSE,FALSE,FALSE,TRUE,TRUE,FALSE,FALSE,FALSE,0,0,0,0,0,0,0,0,0,0,0,0,0,0,0,4,0,1.719137788,2,0,0,0,0,3,0,0,0,285.4400024,48.58000183,692.25,158.3600006,650.8699951,10,12,1,0,0,0,0,0,0,0,0,0,0,0,0,0,6,0,0,0,0,0,0,4,3,1,0,2,1,3,3,2,2,5,0,0,1,3,29,16,3,5,10,4,5,14,19,0,0,0,0,4,12,0,0,8,8,8,0,23,12,1,0,2,1.985798001,0,29.56023598,1835.5,0,https://www.fifa.com/en/tournaments/mens/worldcup/canadamexicousa2026/statistics/player-statistics
406606,Awer MABIL,MABIL,Forward,FW,15/09/1995,30,Older,11,1,31.2,31.2,0,0,1,0,0.00%,8,5,62.50%,0,0,1,2.88,0.03,0.00x,TRUE,FALSE,FALSE,FALSE,TRUE,TRUE,FALSE,FALSE,FALSE,0,1,0,0,0,1,0,0,0,0,0,0,0,1,0,1,0,1.746529937,0,0,0,1,0,20,0,2,0,625.0499878,122.4599915,1717.97998,208.2099762,1069.22998,5,9,1,2,0,0,0,0,0,0,0,0,0,0,0,0,5,0,0,1,1,1,1,2,0,0,0,0,0,4,1,1,4,4,0,0,0,2,20,11,1,7,9,1,10,7,17,0,0,0,0,3,3,0,2,2,5,4,0,55,20,1,0,0,0.774756908,0,31.08257294,3742.929932,0,https://www.fifa.com/en/tournaments/mens/worldcup/canadamexicousa2026/statistics/player-statistics
430413,Ayase UEDA,AYASE,Forward,FW,28/08/1998,27,Younger,18,4,349.9,87.5,2,1,9,4,22.20%,35,26,74.30%,6,1.54,4,1.03,0.63,3.15x,TRUE,TRUE,FALSE,TRUE,TRUE,TRUE,TRUE,TRUE,FALSE,0,0,0,1,1,0,1,6,0,0,5,3,5,4,1,4,0,6.283432126,4,0,0,1,0,173,9,0,0,4503.650024,676.3400116,15875.03027,1799.250031,13753.66016,28,46,11,0,0,0,0,0,0,0,0,1,1,2,0,0,10,2,0,2,2,0,0,7,4,2,0,2,0,4,3,1,2,9,2,0,0,6,117,67,15,82,80,3,141,24,165,1,0,0,0,25,45,2,24,35,8,59,0,385,141,0,3,4,9.735333085,0,33.30296707,36607.93066,0,https://www.fifa.com/en/tournaments/mens/worldcup/canadamexicousa2026/statistics/player-statistics
395186,AYMEN HUSSEIN,AYMEN,Forward,FW,22/03/1996,30,Older,18,2,128.7,64.3,1,0,3,1,33.30%,16,12,75.00%,2,1.4,1,0.7,0.18,5.42x,TRUE,TRUE,FALSE,TRUE,TRUE,TRUE,TRUE,TRUE,FALSE,0,0,0,0,1,0,1,1,0,0,3,1,2,0,0,0,0,3.965918859,0,0,0,0,0,60,3,0,0,1424.530014,308.7499924,4519.470032,573.5699997,5731.549438,10,16,5,0,0,0,0,0,0,0,0,1,0,3,0,0,3,0,0,0,0,0,0,2,3,2,2,3,0,0,0,0,0,2,0,0,0,2,43,24,4,47,28,3,59,19,78,0,1,0,0,13,20,1,8,10,4,18,0,126,54,0,1,0,2.324248612,0,31.17443275,12557.86914,0,https://www.fifa.com/en/tournaments/mens/worldcup/canadamexicousa2026/statistics/player-statistics
411678,Ayoub El Kaabi,EL KAABI,Forward,FW,25/06/1993,32,Older,20,1,74.8,74.8,0,0,3,2,0.00%,10,7,70.00%,1,1.2,1,1.2,0.31,0.00x,TRUE,TRUE,FALSE,FALSE,TRUE,TRUE,FALSE,FALSE,FALSE,0,0,0,0,1,0,0,1,0,1,3,2,0,0,0,3,0,1.164248546,1,0,0,0,0,25,7,0,0,1307.099976,289.9599915,3801.77002,658.1099854,2652.820068,7,15,2,0,0,0,0,0,0,0,0,0,0,0,0,0,0,0,0,0,0,0,0,0,0,0,0,0,0,0,0,0,0,0,0,0,0,0,31,17,4,45,12,2,39,20,59,3,0,0,0,10,10,2,5,9,3,14,0,108,59,0,1,1,4.291129112,0,32.27238083,8709.759766,0,https://www.fifa.com/en/tournaments/mens/worldcup/canadamexicousa2026/statistics/player-statistics
523288,Ayoube AMAIMOUNI,Ayoube AMAIMOUNI,Forward,FW,30/11/2004,21,Younger,21,2,34,17,0,0,2,1,0.00%,9,8,88.90%,1,2.65,0,0,0.29,0.00x,TRUE,FALSE,FALSE,FALSE,TRUE,TRUE,FALSE,FALSE,FALSE,0,0,0,0,0,0,0,1,0,1,2,1,1,0,0,6,1,2.774539232,2,0,0,1,0,10,3,0,0,950.190033,139.7200089,1885.280029,489.8499756,1133.369965,8,15,4,0,0,0,0,0,0,0,0,0,0,0,0,0,2,0,0,0,0,0,0,0,0,0,0,0,0,2,0,0,2,1,0,0,0,0,30,17,4,8,3,1,6,6,12,0,0,0,0,3,11,1,0,12,4,12,0,73,35,2,0,2,2.505043149,0,29.97522354,4598.409912,0,https://www.fifa.com/en/tournaments/mens/worldcup/canadamexicousa2026/statistics/player-statistics
466669,Azarias LONDONO,LONDOÑO,Forward,FW,21/06/2001,24,Younger,24,3,76.3,25.4,0,0,1,0,0.00%,21,20,95.20%,1,1.18,0,0,0.01,0.00x,TRUE,FALSE,FALSE,FALSE,TRUE,TRUE,FALSE,FALSE,FALSE,0,1,0,0,0,0,1,0,0,0,0,0,0,1,0,4,0,6.796882947,2,0,0,1,0,24,3,0,0,1141.15004,186.4300022,3956.0401,502.0100098,2750.659882,14,19,1,0,0,0,0,0,0,0,0,0,0,0,0,0,8,0,0,1,1,1,1,6,2,1,0,1,1,5,4,3,4,4,0,0,1,2,56,30,6,14,16,0,13,17,30,0,0,0,0,9,14,0,3,7,17,10,0,100,41,3,0,2,2.908654869,0,32.73654938,8536.290039,0,https://www.fifa.com/en/tournaments/mens/worldcup/canadamexicousa2026/statistics/player-statistics
481220,Azizbek AMONOV,AMONOV,Forward,FW,30/10/1997,28,Older,20,1,23.7,23.7,0,0,1,0,0.00%,6,5,83.30%,0,0,0,0,0.01,0.00x,TRUE,FALSE,FALSE,FALSE,TRUE,TRUE,FALSE,FALSE,FALSE,0,1,1,0,0,0,0,0,0,0,0,0,0,1,0,2,1,2.272494316,2,1,0,1,0,4,0,0,0,378.6499634,82.26000214,1005.550049,220.7200012,1020.890015,6,9,1,0,0,0,0,0,0,0,0,0,0,0,0,0,2,0,0,0,0,0,0,1,0,0,0,0,0,2,1,1,2,2,0,0,0,1,17,10,4,15,7,2,17,7,24,0,0,0,0,6,4,1,1,8,0,9,0,36,16,1,0,2,1.743841529,0,30.13723755,2708.069824,0,https://www.fifa.com/en/tournaments/mens/worldcup/canadamexicousa2026/statistics/player-statistics
418781,Bamba DIENG,BAMBA,Forward,FW,23/03/2000,26,Younger,9,1,16.8,16.8,0,0,0,0,,3,3,100.00%,0,0,0,0,0,,TRUE,FALSE,FALSE,FALSE,TRUE,TRUE,FALSE,FALSE,FALSE,0,0,0,0,0,0,0,0,0,0,0,0,0,0,0,0,0,1.679357409,0,0,0,0,0,15,0,0,0,306.019989,25.87000084,743.0900269,209.5200043,597.6199951,0,0,2,0,0,0,0,0,0,0,0,0,0,0,0,0,1,0,0,0,0,0,0,1,0,0,0,0,0,1,1,1,1,0,0,0,0,0,5,4,0,3,2,0,5,0,5,0,0,0,0,1,1,0,0,1,1,1,0,28,15,1,0,0,4.051891804,0,26.94875145,1882.119873,0,https://www.fifa.com/en/tournaments/mens/worldcup/canadamexicousa2026/statistics/player-statistics
484139,Baris Alper YILMAZ,BARIŞ,Forward,FW,23/05/2000,26,Younger,21,3,200.1,66.7,1,1,1,0,100.00%,38,29,76.30%,4,1.8,1,0.45,0.06,16.87x,TRUE,FALSE,FALSE,TRUE,TRUE,TRUE,TRUE,FALSE,FALSE,0,0,0,0,0,0,0,1,0,0,0,0,1,1,0,10,2,6.42538627,7,0,0,15,0,37,5,0,0,2618.010071,738.1600266,8764.599854,1284.670013,7760.500122,32,59,24,0,0,0,0,0,0,0,0,1,0,0,0,0,25,4,0,4,1,0,0,13,12,8,7,8,0,9,4,3,5,25,1,0,0,13,119,60,10,65,34,4,47,56,103,2,0,0,0,26,43,8,6,43,12,49,0,228,106,1,2,7,7.186975002,0,34.64319229,21165.93994,0,https://www.fifa.com/en/tournaments/mens/worldcup/canadamexicousa2026/statistics/player-statistics
506202,Bazoumana TOURE,TOURE,Forward,FW,2/03/2006,20,Younger,24,3,94.3,31.4,0,0,0,0,,23,16,69.60%,0,0,1,0.95,0,,TRUE,FALSE,FALSE,TRUE,TRUE,TRUE,TRUE,FALSE,FALSE,0,0,0,0,0,0,0,0,0,0,0,0,0,0,0,6,1,4.994599342,4,1,1,4,0,38,2,0,0,1706.770042,356.8099632,4610.689957,583.9000282,3336.34993,15,29,2,0,0,0,0,0,0,0,0,0,0,0,0,0,6,0,1,2,0,0,1,1,1,0,0,1,0,3,1,1,2,6,0,0,0,1,69,35,3,16,16,0,8,24,32,0,0,0,0,10,13,3,5,17,13,22,0,131,53,2,1,2,4.048292994,0,34.57681274,10594.52014,0,https://www.fifa.com/en/tournaments/mens/worldcup/canadamexicousa2026/statistics/player-statistics
485131,Ben GANNON-DOAK,GANNON DOAK,Forward,FW,11/11/2005,20,Younger,17,3,204.1,68,0,0,4,0,0.00%,52,47,90.40%,3,1.32,1,0.44,0.14,0.00x,TRUE,TRUE,TRUE,TRUE,TRUE,TRUE,TRUE,TRUE,TRUE,0,1,1,0,1,0,0,2,0,0,2,0,2,2,0,10,0,6.185303529,4,0,0,7,2,71,6,0,0,2391.73996,662.5700073,8236.14978,1226.389984,8371.859863,39,59,13,0,0,0,0,0,0,0,0,0,0,0,0,0,8,0,0,1,0,0,1,4,1,1,1,1,0,6,3,3,6,7,0,0,0,3,142,66,8,39,24,11,21,53,74,0,0,0,0,26,30,5,11,33,33,44,0,200,96,1,2,3,1.443550408,0,34.29528046,20888.71094,0,https://www.fifa.com/en/tournaments/mens/worldcup/canadamexicousa2026/statistics/player-statistics
419577,Ben WAINE,WAINE,Forward,FW,11/06/2001,25,Younger,18,0,0,,0,0,0,0,,0,0,,0,,0,,0,,FALSE,FALSE,FALSE,FALSE,TRUE,TRUE,FALSE,FALSE,FALSE,0,0,0,0,0,0,0,0,0,0,0,0,0,0,0,0,0,0,0,0,0,0,0,0,0,0,0,0,0,0,0,0,0,0,0,0,0,0,0,0,0,0,0,0,0,0,0,0,0,0,0,0,0,0,0,0,0,0,0,0,0,0,0,0,0,0,0,0,0,0,0,0,0,0,0,0,0,0,0,0,0,0,0,0,0,0,0,0,0,0,0,0,0,0,0,0,0,0,0,0,0,https://www.fifa.com/en/tournaments/mens/worldcup/canadamexicousa2026/statistics/player-statistics
447864,Borja IGLESIAS,B. IGLESIAS,Forward,FW,17/01/1993,33,Older,26,1,1.9,1.9,0,0,0,0,,0,0,,0,0,0,0,0,,TRUE,FALSE,FALSE,FALSE,TRUE,TRUE,FALSE,FALSE,FALSE,0,0,0,0,0,0,0,0,0,0,0,0,0,0,0,0,0,0.978232265,0,0,0,0,0,4,0,0,0,56.61000061,14.65999985,112.3000031,23.97999954,44.04999924,0,0,0,0,0,0,0,0,0,0,0,0,0,0,0,0,0,0,0,0,0,0,0,0,0,0,0,0,0,0,0,0,0,0,0,0,0,0,1,1,0,0,0,0,0,0,0,0,0,0,0,0,1,0,0,0,1,0,0,6,2,1,0,0,0.235340878,0,29.32352448,251.6000061,0,https://www.fifa.com/en/tournaments/mens/worldcup/canadamexicousa2026/statistics/player-statistics
484860,Bradley BARCOLA,BARCOLA,Forward,FW,2/09/2002,23,Younger,12,8,432.8,54.1,3,1,10,5,30.00%,117,106,90.60%,5,1.04,1,0.21,1.99,1.51x,TRUE,TRUE,TRUE,TRUE,TRUE,TRUE,TRUE,TRUE,TRUE,0,0,3,0,1,0,1,5,0,0,7,5,4,3,0,30,0,6.032448471,17,0,0,7,1,134,25,1,0,4252.330139,1595.950043,16086.31049,1987.939957,18848.04956,92,135,21,1,0,0,0,0,0,0,0,3,0,1,0,0,28,0,0,0,0,0,0,21,11,8,6,8,3,17,13,11,14,23,0,0,2,18,313,156,30,73,35,15,55,68,123,1,0,0,0,43,93,16,7,77,74,84,0,340,165,4,3,11,9.821734667,0,36.31654358,42770.58057,1,https://www.fifa.com/en/tournaments/mens/worldcup/canadamexicousa2026/statistics/player-statistics
430740,Brahim DIAZ,BRAHIM,Forward,FW,3/08/1999,26,Younger,10,6,500.5,83.4,0,4,6,1,0.00%,165,142,86.10%,3,0.54,10,1.8,0.31,0.00x,TRUE,TRUE,TRUE,TRUE,TRUE,TRUE,TRUE,TRUE,TRUE,0,4,0,0,0,0,1,5,0,0,4,1,1,2,0,33,0,5.88159434,19,0,1,8,3,156,24,0,0,6253.209839,947.8199997,17920.27002,2963.590027,20919.12036,117,163,15,0,0,0,0,0,0,0,0,0,0,0,0,0,51,3,0,6,3,1,3,29,13,6,3,7,3,32,20,17,26,45,2,0,1,25,414,181,18,68,100,29,103,94,197,0,0,0,0,74,86,6,12,119,89,131,0,524,225,0,5,15,5.907342732,1,33.06761932,49004.00928,0,https://www.fifa.com/en/tournaments/mens/worldcup/canadamexicousa2026/statistics/player-statistics
466346,Brandley KUWAS,KUWAS,Forward,FW,19/09/1992,33,Older,17,1,6.7,6.7,0,0,0,0,,4,3,75.00%,0,0,0,0,0,,TRUE,FALSE,FALSE,FALSE,TRUE,TRUE,FALSE,FALSE,FALSE,0,0,0,0,0,0,0,0,0,0,0,0,0,0,0,1,0,2.514610449,0,0,0,1,0,2,0,0,0,158.3300018,14.85000038,282.1499939,101.5,282.7999878,3,5,0,0,0,0,0,0,0,0,0,0,0,0,0,0,1,0,0,0,0,0,0,0,1,0,0,1,0,0,0,0,0,1,0,0,0,0,11,4,0,3,2,0,2,3,5,0,0,0,0,3,6,0,0,2,4,2,0,16,7,1,0,0,1.792648196,0,29.2413826,839.6299438,0,https://www.fifa.com/en/tournaments/mens/worldcup/canadamexicousa2026/statistics/player-statistics
486213,Brandon THOMAS-ASANTE,ASANTE,Forward,FW,29/12/1998,27,Younger,10,2,70.4,35.2,0,1,0,0,,6,3,50.00%,0,0,1,1.28,0,,TRUE,FALSE,FALSE,FALSE,TRUE,TRUE,FALSE,FALSE,FALSE,0,0,0,0,0,0,0,0,0,0,0,0,0,0,0,2,0,3.13942039,2,0,0,2,1,28,0,0,0,1210.22998,223.9100037,2935.980164,567.8799896,2502.819885,4,8,3,0,0,0,0,0,0,0,0,0,0,0,0,0,2,0,0,0,0,0,0,1,0,0,0,0,0,2,1,1,2,2,0,0,0,1,18,12,0,26,8,0,23,11,34,1,0,0,0,5,8,2,1,7,2,8,0,102,49,2,0,1,3.975736737,0,33.17288208,7440.819824,0,https://www.fifa.com/en/tournaments/mens/worldcup/canadamexicousa2026/statistics/player-statistics
393480,Breel EMBOLO,EMBOLO,Forward,FW,14/02/1997,29,Older,7,6,531.5,88.6,2,2,10,5,20.00%,72,56,77.80%,9,1.52,11,1.86,2.58,0.78x,TRUE,TRUE,TRUE,TRUE,TRUE,TRUE,TRUE,TRUE,TRUE,0,2,0,1,2,0,1,4,1,0,8,5,3,2,0,5,0,5.560094913,3,0,0,1,0,177,25,0,0,5453.520142,1232.799973,17047.9397,2580.909943,23169.09961,44,69,40,0,0,0,0,0,0,0,0,2,0,2,0,1,19,3,0,3,1,0,0,11,8,5,4,5,0,8,5,4,5,17,1,0,0,10,199,115,23,101,51,1,131,22,153,4,0,1,1,28,83,10,36,52,16,88,1,468,235,0,4,2,22.06506705,0,34.74868011,49484.27051,2,https://www.fifa.com/en/tournaments/mens/worldcup/canadamexicousa2026/statistics/player-statistics
419055,Brenden AARONSON,AARONSON,Forward,FW,22/10/2000,25,Younger,11,1,82.2,82.2,0,0,3,1,0.00%,22,21,95.50%,2,2.19,1,1.09,0.46,0.00x,TRUE,TRUE,FALSE,FALSE,TRUE,TRUE,FALSE,FALSE,FALSE,0,1,0,0,0,0,1,1,0,1,3,1,1,0,0,2,0,1.49908514,1,0,0,3,1,37,9,0,0,1566.540039,465.3099976,4282.52002,826.5899658,3130.73999,10,16,6,0,0,0,0,0,0,0,0,0,0,0,0,0,6,1,0,1,0,0,0,3,2,1,1,1,0,3,2,2,2,5,0,0,0,2,67,31,6,17,22,3,27,15,42,0,0,0,0,11,18,4,1,13,23,14,0,127,70,0,1,0,1.225313544,1,32.39887619,10271.69922,0,https://www.fifa.com/en/tournaments/mens/worldcup/canadamexicousa2026/statistics/player-statistics
424051,Brian BROBBEY,BROBBEY,Forward,FW,1/02/2002,24,Younger,19,4,245.2,61.3,3,0,4,3,75.00%,21,18,85.70%,4,1.47,3,1.1,1.4,2.14x,TRUE,TRUE,FALSE,TRUE,TRUE,TRUE,TRUE,TRUE,FALSE,0,1,0,0,2,0,0,2,0,0,4,3,0,0,0,1,0,5.723860741,1,0,0,1,0,53,2,0,0,2653.390106,424.450011,8080.779846,901.7199821,10468.38004,17,24,18,0,0,0,0,0,0,0,0,3,0,0,0,0,2,0,0,0,0,0,0,2,0,0,0,0,0,2,2,2,2,2,0,0,0,2,61,34,9,75,13,3,77,14,91,2,0,0,0,11,25,5,14,14,5,28,0,226,77,1,3,1,17.72401762,0,33.60419083,22528.71997,0,https://www.fifa.com/en/tournaments/mens/worldcup/canadamexicousa2026/statistics/player-statistics
510989,Brian CIPENGA,CIPENGA,Forward,FW,11/03/1998,28,Older,9,2,160.5,80.2,1,0,6,1,16.70%,47,28,59.60%,2,1.12,1,0.56,0.23,4.32x,TRUE,TRUE,FALSE,TRUE,TRUE,TRUE,TRUE,TRUE,FALSE,0,1,0,0,0,1,0,5,0,0,2,1,3,4,0,19,0,3.344501615,8,0,1,11,2,72,14,1,0,2413.990112,390.2200165,8130.07959,1237.880066,5591.070068,29,71,10,1,0,0,0,0,0,0,0,1,0,0,0,0,21,2,0,3,1,1,1,4,12,1,1,10,0,6,2,2,4,20,0,0,0,4,154,89,11,29,11,5,15,30,45,1,0,0,0,16,49,3,6,42,32,48,0,210,112,0,2,6,1.636631906,1,33.24758911,17763.24023,0,https://www.fifa.com/en/tournaments/mens/worldcup/canadamexicousa2026/statistics/player-statistics
419132,Brian RODRIGUEZ,B. RODRIGUEZ,Forward,FW,20/05/2000,26,Younger,18,3,61.8,20.6,0,0,3,1,0.00%,26,19,73.10%,0,0,1,1.46,0.22,0.00x,TRUE,TRUE,FALSE,FALSE,TRUE,TRUE,FALSE,FALSE,FALSE,0,0,1,0,0,0,0,1,0,1,1,0,2,2,1,8,1,6.308934053,3,1,10,14,1,15,1,0,0,1022.119995,177.0599976,2372.939941,399.4399796,2526.049988,11,32,2,0,0,0,0,0,0,0,0,0,0,0,0,0,15,2,0,2,2,0,0,10,7,5,3,5,0,6,3,1,4,14,2,0,0,10,77,46,7,16,18,6,2,38,40,0,0,0,0,17,19,3,1,17,16,18,0,90,35,3,0,2,1.949164033,5,34.88373566,6497.609863,0,https://www.fifa.com/en/tournaments/mens/worldcup/canadamexicousa2026/statistics/player-statistics
448196,Bukayo SAKA,SAKA,Forward,FW,5/09/2001,24,Younger,7,7,411.6,58.8,3,3,13,7,23.10%,101,81,80.20%,4,0.87,9,1.97,1.72,1.74x,TRUE,TRUE,TRUE,TRUE,TRUE,TRUE,TRUE,TRUE,TRUE,0,3,4,0,1,0,1,5,1,1,11,5,4,2,2,21,2,5.47584343,14,2,5,23,5,85,21,1,0,5968.399933,1174.059978,15510.86951,2655.550087,16701.84979,66,111,7,1,0,0,0,0,0,0,0,2,1,1,0,0,34,4,1,6,5,1,1,24,11,8,3,4,3,17,11,5,9,22,3,1,2,14,303,151,26,56,41,15,50,62,112,4,0,1,1,50,70,21,13,49,94,62,0,518,213,4,2,12,8.668764055,3,33.0106926,42010.72974,0,https://www.fifa.com/en/tournaments/mens/worldcup/canadamexicousa2026/statistics/player-statistics
486074,Can UZUN,CAN UZUN,Forward,FW,11/11/2005,20,Younger,26,2,55.3,27.6,0,0,4,1,0.00%,24,22,91.70%,0,0,1,1.63,0.39,0.00x,TRUE,TRUE,FALSE,FALSE,TRUE,TRUE,FALSE,FALSE,FALSE,0,2,0,0,0,0,1,3,0,0,3,1,1,1,0,8,0,4.393170198,6,0,0,0,0,9,3,0,0,986.8799744,64.72000122,2375.569946,369.5299835,2311.459839,21,31,4,0,0,0,0,0,0,0,0,0,0,0,0,0,9,0,0,1,1,1,1,6,0,0,0,0,0,8,5,5,8,9,0,0,0,6,64,29,8,5,6,13,13,11,24,0,0,0,0,13,9,1,1,19,14,20,0,92,27,2,0,4,2.03012836,0,28.52750778,6108.160034,0,https://www.fifa.com/en/tournaments/mens/worldcup/canadamexicousa2026/statistics/player-statistics
337251,Cecilio Waterman,WATERMAN,Forward,FW,13/04/1991,35,Older,18,2,85.9,43,0,0,2,1,0.00%,10,7,70.00%,1,1.05,1,1.05,0.05,0.00x,TRUE,FALSE,FALSE,FALSE,TRUE,TRUE,FALSE,FALSE,FALSE,0,1,0,0,1,0,0,1,0,0,2,1,0,0,0,0,0,3.891020298,0,0,0,0,0,19,2,0,0,964.5400238,212.5500031,3668.039856,429.0299911,3498.73999,5,10,7,0,0,0,0,0,0,0,0,0,0,0,0,0,4,1,0,1,0,0,0,1,1,0,0,0,0,2,1,1,1,4,0,0,0,1,26,15,3,14,5,0,17,2,19,0,0,0,0,4,12,1,4,9,1,13,0,82,34,1,1,0,7.898708582,0,30.25723267,8772.899658,0,https://www.fifa.com/en/tournaments/mens/worldcup/canadamexicousa2026/statistics/player-statistics
336425,Cedric BAKAMBU,BAKAMBU,Forward,FW,11/04/1991,35,Older,17,3,210.4,70.1,0,0,3,0,0.00%,23,16,69.60%,2,0.86,1,0.43,0.24,0.00x,TRUE,TRUE,FALSE,TRUE,TRUE,TRUE,TRUE,TRUE,FALSE,0,0,1,1,0,0,0,1,0,0,1,0,3,2,0,3,0,4.601729274,2,0,0,1,0,80,4,0,0,2996.519897,536.5500107,7030.26001,1296.879944,9657.310059,17,29,7,0,0,0,0,0,0,0,0,0,0,1,0,0,5,1,0,1,0,0,0,0,1,0,0,0,0,3,0,0,2,5,0,0,0,0,63,34,7,91,64,0,128,27,155,4,0,0,0,22,29,2,7,22,5,29,0,256,117,0,3,2,7.765468836,0,33.22851181,21517.52051,0,https://www.fifa.com/en/tournaments/mens/worldcup/canadamexicousa2026/statistics/player-statistics
448104,Cedric ITTEN,ITTEN,Forward,FW,27/12/1996,29,Older,26,3,62.4,20.8,0,0,0,0,,5,3,60.00%,4,5.77,2,2.88,0,,TRUE,FALSE,FALSE,FALSE,TRUE,TRUE,FALSE,FALSE,FALSE,0,0,0,0,0,0,0,0,0,0,0,0,0,0,0,0,0,3.626911561,0,0,0,1,0,27,6,0,0,1140.770004,117.1699972,3337.679932,364.2499924,2481.690094,2,4,4,0,0,0,0,0,0,0,0,0,0,0,0,0,0,0,0,0,0,0,0,0,0,0,0,0,0,0,0,0,0,0,0,0,0,0,19,12,1,26,2,0,22,6,28,0,0,0,0,2,6,1,6,1,2,7,0,89,33,3,0,0,10.31501985,0,30.08913231,7441.559814,0,https://www.fifa.com/en/tournaments/mens/worldcup/canadamexicousa2026/statistics/player-statistics
406135,Cesar HUERTA,C. HUERTA,Forward,FW,3/12/2000,25,Younger,21,1,12.7,12.7,0,0,0,0,,2,2,100.00%,0,0,0,0,0,,TRUE,FALSE,FALSE,FALSE,TRUE,TRUE,FALSE,FALSE,FALSE,0,0,0,0,0,0,0,0,0,0,0,0,0,0,0,0,0,1.491787338,0,0,0,0,0,4,1,0,0,270.2799988,38.31000137,726.3900146,98.87999725,446.5400085,2,2,0,0,0,0,0,0,0,0,0,0,0,0,0,0,0,0,0,0,0,0,0,0,0,0,0,0,0,0,0,0,0,0,0,0,0,0,5,3,0,3,0,0,0,3,3,0,0,0,0,0,1,0,0,3,0,3,0,21,7,1,0,0,0.420267999,0,28.38319016,1580.400024,0,https://www.fifa.com/en/tournaments/mens/worldcup/canadamexicousa2026/statistics/player-statistics
448362,Charles DE KETELAERE,DE KETELAERE,Forward,FW,10/03/2001,25,Younger,17,5,386,77.2,3,1,6,5,50.00%,91,72,79.10%,2,0.47,3,0.7,1.51,1.98x,TRUE,TRUE,TRUE,TRUE,TRUE,TRUE,TRUE,TRUE,TRUE,0,1,0,1,3,0,0,2,0,0,6,5,0,0,0,10,1,5.318337123,7,0,0,5,0,146,18,2,0,5111.500061,960.8400345,16625.27002,2518.370087,15710.72961,55,88,19,2,0,0,0,0,0,0,0,3,0,3,0,0,29,3,0,4,1,0,1,14,13,6,4,8,2,12,7,5,7,22,1,0,1,10,230,112,20,101,56,4,105,56,161,2,0,0,0,46,80,10,23,59,42,82,0,426,217,0,4,3,11.60035217,2,33.5250206,40926.70947,0,https://www.fifa.com/en/tournaments/mens/worldcup/canadamexicousa2026/statistics/player-statistics
433191,Che Adams,ADAMS,Forward,FW,13/07/1996,29,Older,10,3,160.2,53.4,0,0,1,1,0.00%,19,12,63.20%,4,2.25,2,1.12,0.15,0.00x,TRUE,FALSE,FALSE,TRUE,TRUE,TRUE,TRUE,FALSE,FALSE,0,0,0,0,1,0,0,0,0,0,1,1,0,0,0,0,0,6.816195965,0,0,0,0,0,73,4,0,0,2408.509857,249.7099955,7358.860046,988.1299973,6229.779999,10,18,6,0,0,0,0,0,0,0,0,0,0,0,0,0,8,1,0,1,0,0,0,3,2,0,0,1,0,5,3,3,4,8,0,0,0,3,41,22,3,34,26,3,56,7,63,0,0,0,0,11,9,3,2,14,4,16,0,192,75,1,2,0,5.03660357,0,33.81996918,17234.99011,0,https://www.fifa.com/en/tournaments/mens/worldcup/canadamexicousa2026/statistics/player-statistics
486168,Cherif NDIAYE,CHÉRIF,Forward,FW,23/01/1996,30,Older,12,0,0,,0,0,0,0,,0,0,,0,,0,,0,,FALSE,FALSE,FALSE,FALSE,TRUE,TRUE,FALSE,FALSE,FALSE,0,0,0,0,0,0,0,0,0,0,0,0,0,0,0,0,0,0,0,0,0,0,0,0,0,0,0,0,0,0,0,0,0,0,0,0,0,0,0,0,0,0,0,0,0,0,0,0,0,0,0,0,0,0,0,0,0,0,0,0,0,0,0,0,0,0,0,0,0,0,0,0,0,0,0,0,0,0,0,0,0,0,0,0,0,0,0,0,0,0,0,0,0,0,0,0,0,0,0,0,0,https://www.fifa.com/en/tournaments/mens/worldcup/canadamexicousa2026/statistics/player-statistics
430387,CHO Guesung,GUESUNG,Forward,FW,25/01/1998,28,Older,9,2,41.7,20.9,0,0,2,1,0.00%,7,4,57.10%,1,2.16,0,0,0.51,0.00x,TRUE,FALSE,FALSE,FALSE,TRUE,TRUE,FALSE,FALSE,FALSE,0,0,0,0,2,0,0,0,0,0,2,1,1,0,0,0,0,4.220957279,0,0,0,0,0,13,1,0,0,458.3099976,83.04001045,1917.619934,227.8499908,1721.539978,4,7,4,0,0,0,0,0,0,0,0,0,0,2,0,0,0,0,0,0,0,0,0,0,0,0,0,0,0,0,0,0,0,0,0,0,0,0,19,8,3,11,5,0,10,6,16,0,0,0,0,4,8,2,1,6,3,7,0,37,22,2,0,0,9.798622608,0,30.54088211,4408.359863,1,https://www.fifa.com/en/tournaments/mens/worldcup/canadamexicousa2026/statistics/player-statistics
274078,Chris WOOD,WOOD,Forward,FW,7/12/1991,34,Older,9,3,306.8,102.3,0,2,5,2,0.00%,47,36,76.60%,2,0.59,1,0.29,0.47,0.00x,TRUE,TRUE,FALSE,TRUE,TRUE,TRUE,TRUE,TRUE,FALSE,0,0,1,0,2,1,1,0,0,0,3,1,2,2,1,2,0,6.105215867,2,0,0,0,0,88,5,1,0,3775.119873,479.75,12395.03027,1844.459961,12700.94043,29,42,8,1,0,0,0,0,0,0,0,0,0,2,0,0,15,3,0,3,0,0,0,2,8,1,1,5,0,4,1,1,1,11,0,0,0,2,119,70,13,48,59,1,77,31,108,4,0,0,0,20,54,0,18,37,11,55,0,333,144,0,0,2,7.812318325,0,31.88942337,31195.30078,0,https://www.fifa.com/en/tournaments/mens/worldcup/canadamexicousa2026/statistics/player-statistics
448124,Christian FASSNACHT,FASSNACHT,Forward,FW,11/11/1993,32,Older,16,1,12.2,12.2,0,0,0,0,,5,5,100.00%,0,0,0,0,0,,TRUE,FALSE,FALSE,FALSE,TRUE,TRUE,FALSE,FALSE,FALSE,0,0,0,0,0,0,0,0,0,0,0,0,0,0,0,1,0,1.41690286,0,0,0,0,0,8,2,0,0,382.2399902,71.55000305,649.5800171,192.5,447.940033,5,6,0,0,0,0,0,0,0,0,0,0,0,0,0,0,0,0,0,0,0,0,0,0,0,0,0,0,0,0,0,0,0,0,0,0,0,0,12,4,0,0,3,0,2,1,3,0,0,0,0,2,5,1,0,6,1,6,0,31,14,1,0,0,1.429201603,0,31.65362549,1743.810059,0,https://www.fifa.com/en/tournaments/mens/worldcup/canadamexicousa2026/statistics/player-statistics
390267,Christian PULISIC,PULISIC,Forward,FW,18/09/1998,27,Younger,10,4,253.9,63.5,0,1,4,2,0.00%,81,71,87.70%,1,0.35,6,2.13,0.42,0.00x,TRUE,TRUE,TRUE,TRUE,TRUE,TRUE,TRUE,TRUE,TRUE,0,0,0,0,0,0,1,3,0,0,2,2,2,2,0,29,0,5.62185173,17,0,1,6,1,73,9,1,0,4305.899963,653.4500046,12926.38037,1735.769989,9815.34021,65,102,8,1,0,0,0,0,0,0,0,0,0,0,0,0,27,1,0,3,3,2,2,20,7,5,4,6,0,17,12,11,16,20,1,0,0,14,211,106,8,57,90,30,80,97,177,2,0,0,0,69,47,4,3,63,50,66,0,380,137,1,3,8,4.498080134,2,33.68620682,29436.84033,0,https://www.fifa.com/en/tournaments/mens/worldcup/canadamexicousa2026/statistics/player-statistics
494350,Christopher Bonsu BAAH,BONSU BAAH,Forward,FW,14/12/2004,21,Younger,13,0,0,,0,0,0,0,,0,0,,0,,0,,0,,FALSE,FALSE,FALSE,FALSE,TRUE,TRUE,FALSE,FALSE,FALSE,0,0,0,0,0,0,0,0,0,0,0,0,0,0,0,0,0,0,0,0,0,0,0,0,0,0,0,0,0,0,0,0,0,0,0,0,0,0,0,0,0,0,0,0,0,0,0,0,0,0,0,0,0,0,0,0,0,0,0,0,0,0,0,0,0,0,0,0,0,0,0,0,0,0,0,0,0,0,0,0,0,0,0,0,0,0,0,0,0,0,0,0,0,0,0,0,0,0,0,0,0,https://www.fifa.com/en/tournaments/mens/worldcup/canadamexicousa2026/statistics/player-statistics
448152,Cody GAKPO,GAKPO,Forward,FW,7/05/1999,27,Younger,11,4,394.1,98.5,3,1,10,6,30.00%,100,79,79.00%,3,0.69,3,0.69,1.35,2.23x,TRUE,TRUE,TRUE,TRUE,TRUE,TRUE,TRUE,TRUE,TRUE,0,1,2,0,3,0,0,4,0,0,8,5,1,2,1,15,1,5.977567196,8,0,1,10,1,127,7,0,0,4527.520264,914.3599854,15381.86987,2307.409973,16095.84009,74,120,15,0,0,0,0,0,0,0,0,3,0,2,0,0,41,4,0,4,1,0,0,21,18,12,8,11,3,19,8,4,12,38,1,0,3,19,257,127,14,56,39,8,54,49,103,3,0,0,0,30,86,5,5,67,63,72,0,418,177,0,4,7,4.651883602,1,33.16389847,39227.00098,0,https://www.fifa.com/en/tournaments/mens/worldcup/canadamexicousa2026/statistics/player-statistics
448015,Cristian VOLPATO,VOLPATO,Forward,FW,15/11/2003,22,Younger,20,3,180,60,0,0,4,1,0.00%,66,52,78.80%,1,0.5,2,1,0.28,0.00x,TRUE,TRUE,TRUE,TRUE,TRUE,TRUE,TRUE,TRUE,TRUE,0,0,2,0,0,0,0,2,0,0,2,1,3,2,0,24,0,5.162189722,15,0,7,13,3,64,4,3,0,3517.149841,233.3799973,8590.77002,1295.540039,7065.289917,52,86,11,3,0,0,0,0,0,0,0,0,0,0,0,0,24,0,1,1,0,0,0,14,9,5,4,8,1,14,9,8,12,22,0,0,1,12,188,98,8,17,52,6,43,32,75,0,0,0,0,32,58,1,8,62,29,70,0,322,94,1,2,11,2.237772822,0,29.8477211,20702.12988,0,https://www.fifa.com/en/tournaments/mens/worldcup/canadamexicousa2026/statistics/player-statistics
201200,CRISTIANO RONALDO,RONALDO,Forward,FW,5/02/1985,41,Older,7,5,490.6,98.1,3,0,18,9,16.70%,99,86,86.90%,2,0.37,5,0.92,2.94,1.02x,TRUE,TRUE,TRUE,TRUE,TRUE,TRUE,TRUE,TRUE,TRUE,0,3,0,0,5,2,2,6,1,1,15,8,4,3,1,2,0,5.071200371,1,0,0,1,0,72,6,3,0,3577.159912,695.4500122,15116.43018,1801.27002,20313.74146,53,83,7,3,0,0,0,0,0,0,0,3,0,0,0,0,17,2,0,2,0,0,0,10,4,1,1,2,0,11,9,9,9,16,0,0,0,9,239,110,24,92,81,14,147,40,187,6,0,1,1,47,65,8,5,64,50,69,0,330,153,0,1,0,14.51279867,0,31.6157093,41504.04932,0,https://www.fifa.com/en/tournaments/mens/worldcup/canadamexicousa2026/statistics/player-statistics
489518,Crysencio SUMMERVILLE,SUMMERVILLE,Forward,FW,30/10/2001,24,Younger,24,4,282.1,70.5,2,2,2,2,100.00%,67,56,83.60%,2,0.64,5,1.59,0.16,12.33x,TRUE,FALSE,TRUE,TRUE,TRUE,TRUE,TRUE,FALSE,TRUE,0,0,0,0,0,0,0,2,0,0,1,1,0,1,1,13,0,6.159956217,7,0,3,8,1,75,13,1,0,3378.300018,833.0800171,11472.03052,1642.910004,10762.75,50,75,17,1,0,0,0,0,0,0,0,1,1,0,0,0,30,3,1,5,4,1,1,24,6,5,3,3,0,19,15,12,15,29,2,1,0,23,182,91,9,39,28,13,40,40,80,1,0,0,0,30,46,6,8,54,31,62,0,285,131,2,1,5,3.683625221,1,34.71531677,28089.07129,1,https://www.fifa.com/en/tournaments/mens/worldcup/canadamexicousa2026/statistics/player-statistics
418881,Cucho HERNANDEZ,C. HERNANDEZ,Forward,FW,20/04/1999,27,Younger,19,2,66.3,33.2,0,1,1,0,0.00%,8,5,62.50%,0,0,1,1.36,0.04,0.00x,TRUE,FALSE,FALSE,FALSE,TRUE,TRUE,FALSE,FALSE,FALSE,0,0,0,0,0,0,0,0,0,0,1,0,0,0,0,2,0,2.700549507,0,0,0,1,1,24,3,0,0,1145.000061,190.4200058,2788.339844,418.7399902,2951.7099,5,11,0,0,0,0,0,0,0,0,0,0,0,1,0,0,1,0,0,0,0,0,0,0,0,0,0,0,0,1,0,0,1,1,0,0,0,0,29,19,6,12,2,0,11,3,14,0,0,0,0,2,14,2,3,13,2,16,0,99,31,2,0,0,4.463526964,0,32.30729675,7494.210205,0,https://www.fifa.com/en/tournaments/mens/worldcup/canadamexicousa2026/statistics/player-statistics
390670,Cyle LARIN,LARIN,Forward,FW,17/04/1995,31,Older,9,4,224.3,56.1,2,0,9,4,22.20%,23,20,87.00%,5,2.01,1,0.4,1.27,1.58x,TRUE,TRUE,FALSE,TRUE,TRUE,TRUE,TRUE,TRUE,FALSE,0,2,0,0,3,0,1,4,0,1,9,4,2,0,0,2,0,4.498317719,2,0,0,0,0,76,6,0,0,2334.570084,565.1600113,7854.680054,1156.87999,8703.780273,18,30,8,0,0,0,0,0,0,0,0,2,0,3,0,0,1,0,0,0,0,0,0,0,1,0,0,1,0,0,0,0,0,1,0,0,0,0,74,41,13,44,21,11,48,28,76,3,0,0,0,8,29,1,8,26,5,34,0,216,96,2,1,1,14.04136729,0,31.79007339,20615.06958,2,https://www.fifa.com/en/tournaments/mens/worldcup/canadamexicousa2026/statistics/player-statistics
482782,DAILON LIVRAMENTO,LIVRAMENTO,Forward,FW,4/05/2001,25,Younger,19,3,198.9,66.3,0,0,1,0,0.00%,19,15,78.90%,1,0.45,1,0.45,0,,TRUE,FALSE,FALSE,TRUE,TRUE,TRUE,TRUE,FALSE,FALSE,0,0,0,0,0,0,1,0,0,0,0,0,1,1,0,3,0,5.223138928,1,0,0,3,1,93,4,0,0,2813.080078,548.5099945,11084.89966,1064.690063,7556.100098,11,18,8,0,0,0,0,0,0,0,0,0,0,0,0,0,1,0,0,0,0,0,0,0,0,0,0,0,0,1,0,0,1,1,0,0,0,0,55,34,4,43,23,0,53,13,66,2,0,0,0,7,18,2,7,16,2,23,0,237,100,1,2,1,6.302043736,1,34.81193542,23067.2793,0,https://www.fifa.com/en/tournaments/mens/worldcup/canadamexicousa2026/statistics/player-statistics
448114,Dan NDOYE,NDOYE,Forward,FW,25/10/2000,25,Younger,11,6,437.4,72.9,2,0,16,8,12.50%,92,73,79.30%,5,1.03,16,3.29,0.86,2.32x,TRUE,TRUE,TRUE,TRUE,TRUE,TRUE,TRUE,TRUE,TRUE,0,2,0,0,3,0,1,12,0,0,15,7,5,1,1,22,0,6.21240298,9,0,0,13,2,141,20,1,0,5613.550079,1368.199997,16669.07068,3011.010056,17585.62952,63,114,32,1,0,0,0,0,0,0,0,2,0,1,0,0,23,3,1,5,2,1,1,10,10,5,5,7,0,8,3,2,4,16,0,1,0,9,281,145,23,85,48,0,63,70,133,4,0,0,0,32,85,19,16,81,53,97,0,509,248,1,5,8,8.524071515,6,33.62895966,44247.46045,0,https://www.fifa.com/en/tournaments/mens/worldcup/canadamexicousa2026/statistics/player-statistics
430750,Dani OLMO,OLMO,Forward,FW,7/05/1998,28,Older,10,8,535.4,66.9,0,2,13,2,0.00%,229,207,90.40%,6,1.01,10,1.68,1.16,0.00x,TRUE,TRUE,TRUE,TRUE,TRUE,TRUE,TRUE,TRUE,TRUE,0,3,0,1,2,0,4,6,0,0,7,1,7,6,1,30,3,6.553947508,22,3,0,2,0,305,24,3,0,9477.01004,819.1100082,25761.67041,3511.220016,18373.64975,128,163,37,3,0,0,0,0,0,0,0,0,0,2,0,0,100,4,3,13,12,6,6,83,17,13,9,12,1,70,58,51,62,56,3,3,1,45,537,233,33,89,175,50,248,66,314,0,0,0,0,95,79,4,14,98,162,112,0,849,266,2,6,15,11.37807298,0,32.20992279,57942.6604,0,https://www.fifa.com/en/tournaments/mens/worldcup/canadamexicousa2026/statistics/player-statistics
419126,Darwin NUNEZ,D. NUÑEZ,Forward,FW,24/06/1999,26,Younger,9,3,182.7,60.9,0,0,2,0,0.00%,25,20,80.00%,1,0.49,1,0.49,0.2,0.00x,TRUE,FALSE,FALSE,TRUE,TRUE,TRUE,TRUE,FALSE,FALSE,0,0,0,1,0,0,1,0,0,0,1,0,0,1,0,3,1,6.09414053,1,1,0,3,1,95,2,0,0,2322.360107,728.659996,6994.410095,1151.119949,7843.799927,14,24,6,0,0,0,0,0,0,0,0,0,0,1,0,0,6,0,0,0,0,0,0,5,3,3,3,3,0,3,2,2,3,5,0,0,0,4,65,36,6,30,6,0,27,9,36,2,0,0,0,8,26,4,5,20,8,25,0,190,93,1,1,1,10.56686854,0,34.75124741,19040.35034,0,https://www.fifa.com/en/tournaments/mens/worldcup/canadamexicousa2026/statistics/player-statistics
519985,Denis VISINSKY,VIŠINSKÝ,Forward,FW,21/03/2003,23,Younger,26,1,59.5,59.5,0,0,3,0,0.00%,14,14,100.00%,0,0,1,1.51,0.26,0.00x,TRUE,TRUE,FALSE,FALSE,TRUE,TRUE,FALSE,FALSE,FALSE,0,0,1,0,0,0,1,1,0,0,2,0,3,1,0,5,0,2.331844966,2,0,0,0,0,20,0,0,0,1040.72998,128.1699982,2790.470215,479.4700012,2517.77002,7,12,4,0,0,0,0,0,0,0,0,0,0,0,0,0,2,0,0,0,0,0,0,2,0,0,0,0,0,2,2,2,2,1,0,0,0,1,40,18,3,3,10,5,7,11,18,0,0,0,0,7,5,1,1,4,16,5,0,92,46,0,1,2,0.518180251,0,32.12044144,6956.609375,0,https://www.fifa.com/en/tournaments/mens/worldcup/canadamexicousa2026/statistics/player-statistics
495347,Deniz GUL,DENİZ GÜL,Forward,FW,2/07/2004,21,Younger,9,2,50.8,25.4,0,0,2,1,0.00%,0,0,,2,3.54,0,0,0.7,0.00x,TRUE,FALSE,FALSE,FALSE,TRUE,TRUE,FALSE,FALSE,FALSE,0,0,0,0,1,0,0,0,0,1,2,1,1,0,0,0,0,4.279960314,0,0,0,0,0,5,0,0,0,503.2299957,103.3999929,1949.23999,249.179985,2347.720062,0,1,0,0,0,0,0,0,0,0,0,0,0,1,0,0,0,0,0,0,0,0,0,0,0,0,0,0,0,0,0,0,0,0,0,0,0,0,7,5,2,13,1,0,14,0,14,0,0,0,0,0,3,1,0,3,2,3,0,43,22,2,0,0,14.36300135,0,30.05642319,5152.77002,0,https://www.fifa.com/en/tournaments/mens/worldcup/canadamexicousa2026/statistics/player-statistics
484851,Deniz UNDAV,UNDAV,Forward,FW,19/07/1996,29,Older,26,4,174.8,43.7,3,2,6,4,50.00%,31,23,74.20%,3,1.54,0,0,1.43,2.10x,TRUE,TRUE,FALSE,TRUE,TRUE,TRUE,TRUE,TRUE,FALSE,0,0,0,0,1,0,0,5,0,0,5,3,2,1,1,1,0,6.02678144,0,0,0,2,0,53,7,0,0,2348.699951,127.0200005,7739.080078,809.5299988,6380.040039,20,35,6,0,0,0,0,0,0,0,0,3,0,0,0,0,7,1,0,1,1,0,0,4,4,2,1,3,0,2,1,0,1,6,1,0,0,4,85,44,12,12,7,0,13,6,19,0,0,0,0,11,27,5,8,22,13,30,0,205,59,3,1,0,16.50332952,0,28.92000389,17404.36987,0,https://www.fifa.com/en/tournaments/mens/worldcup/canadamexicousa2026/statistics/player-statistics
519837,Dennis DARGAHI,DARGAHI,Forward,FW,9/01/1997,29,Older,24,0,0,,0,0,0,0,,0,0,,0,,0,,0,,FALSE,FALSE,FALSE,FALSE,TRUE,TRUE,FALSE,FALSE,FALSE,0,0,0,0,0,0,0,0,0,0,0,0,0,0,0,0,0,0,0,0,0,0,0,0,0,0,0,0,0,0,0,0,0,0,0,0,0,0,0,0,0,0,0,0,0,0,0,0,0,0,0,0,0,0,0,0,0,0,0,0,0,0,0,0,0,0,0,0,0,0,0,0,0,0,0,0,0,0,0,0,0,0,0,0,0,0,0,0,0,0,0,0,0,0,0,0,0,0,0,0,0,https://www.fifa.com/en/tournaments/mens/worldcup/canadamexicousa2026/statistics/player-statistics
466865,Derrick ETIENNE,ETIENNE JR,Forward,FW,25/11/1996,29,Older,7,1,14.4,14.4,0,0,0,0,,8,4,50.00%,0,0,0,0,0,,TRUE,FALSE,FALSE,FALSE,TRUE,TRUE,FALSE,FALSE,FALSE,0,0,0,0,0,0,0,0,0,0,0,0,0,0,0,0,0,2.560028553,0,0,1,2,1,2,0,0,0,306.1400146,109.1500015,706.3599854,118.6399918,601.6400146,3,7,0,0,0,0,0,0,0,0,0,0,0,0,0,0,4,1,0,1,0,0,0,0,2,0,0,1,0,1,0,0,0,4,0,0,0,0,19,9,1,7,1,2,4,6,10,0,0,0,0,4,5,2,0,1,8,1,0,26,8,1,0,0,1.078811526,0,33.68960571,1841.930054,0,https://www.fifa.com/en/tournaments/mens/worldcup/canadamexicousa2026/statistics/player-statistics
464114,Desire DOUE,DOUE,Forward,FW,3/06/2005,21,Younger,20,8,449.7,56.2,1,1,13,8,7.70%,196,167,85.20%,4,0.8,8,1.6,0.71,1.41x,TRUE,TRUE,TRUE,TRUE,TRUE,TRUE,TRUE,TRUE,TRUE,0,4,1,0,1,0,3,8,0,0,4,4,1,9,4,40,3,6.622868061,16,3,2,5,2,202,23,2,0,7095.109833,1517.880028,19550.75012,3391.949997,17528.87976,104,167,14,2,0,0,0,0,0,0,0,1,0,1,0,0,61,4,0,10,6,4,6,39,15,7,5,9,2,36,26,24,30,30,2,0,0,20,474,220,37,63,101,48,80,132,212,0,0,0,0,72,91,12,13,82,157,95,0,587,269,4,3,10,5.476234168,3,33.49757004,49084.56885,0,https://www.fifa.com/en/tournaments/mens/worldcup/canadamexicousa2026/statistics/player-statistics
448377,Dodi LUKEBAKIO,LUKEBAKIO,Forward,FW,24/09/1997,28,Older,14,3,194.9,65,0,0,7,1,0.00%,55,44,80.00%,1,0.46,2,0.92,0.41,0.00x,TRUE,TRUE,TRUE,TRUE,TRUE,TRUE,TRUE,TRUE,TRUE,0,2,0,0,0,0,0,6,0,0,5,0,4,2,1,17,1,3.158055623,12,1,0,7,1,67,3,0,0,2638.919922,623.9599609,8444.839966,1162.769989,7366.839844,42,68,6,0,0,0,0,0,0,0,0,0,0,1,0,0,21,1,0,1,0,0,0,13,6,5,2,2,3,14,8,5,10,12,0,0,3,8,154,74,14,39,26,18,30,53,83,0,0,0,0,28,34,1,4,28,50,32,0,232,101,2,1,10,2.74255389,0,33.6778717,20237.32959,0,https://www.fifa.com/en/tournaments/mens/worldcup/canadamexicousa2026/statistics/player-statistics
433066,Donyell Malen,MALEN,Forward,FW,19/01/1999,27,Younger,18,3,197.1,65.7,0,0,4,2,0.00%,34,27,79.40%,0,0,2,0.91,0.22,0.00x,TRUE,TRUE,FALSE,TRUE,TRUE,TRUE,TRUE,TRUE,FALSE,0,0,1,2,0,0,1,0,0,0,2,2,1,2,0,15,0,4.338578224,7,0,0,8,2,47,7,0,0,2058.370056,297.0599976,7497.680176,995.7799683,8058.179932,28,53,8,0,0,0,0,0,0,0,0,0,0,1,0,0,8,1,0,1,1,0,0,6,5,3,2,4,0,2,2,1,1,4,1,0,0,2,107,58,10,40,30,12,46,36,82,0,0,0,0,15,42,4,6,32,21,38,0,178,81,0,3,5,11.07289028,0,31.57393646,18907.07031,0,https://www.fifa.com/en/tournaments/mens/worldcup/canadamexicousa2026/statistics/player-statistics
394993,Duckens NAZON,NAZON,Forward,FW,7/04/1994,32,Older,9,1,31.8,31.8,0,0,1,1,0.00%,3,1,33.30%,0,0,1,2.83,0.12,0.00x,TRUE,FALSE,FALSE,FALSE,TRUE,TRUE,FALSE,FALSE,FALSE,0,0,0,0,0,1,0,0,0,0,0,0,0,1,1,2,0,1.63377587,1,0,0,0,0,6,0,1,0,308.0499878,50.79000092,929.3400269,65.59000397,1243.319946,1,4,1,1,0,0,0,0,0,0,0,0,0,0,0,0,1,0,0,0,0,0,0,0,0,0,0,0,0,1,0,0,1,1,0,0,0,0,8,6,1,0,0,0,0,0,0,0,0,0,0,0,2,0,0,4,0,4,0,27,8,1,0,1,1.541304946,0,27.74662781,2597.089844,1,https://www.fifa.com/en/tournaments/mens/worldcup/canadamexicousa2026/statistics/player-statistics
300409,Edin DZEKO,DŽEKO,Forward,FW,17/03/1986,40,Older,11,3,196.1,65.4,0,0,3,0,0.00%,48,33,68.80%,1,0.46,2,0.92,0.2,0.00x,TRUE,TRUE,FALSE,TRUE,TRUE,TRUE,TRUE,TRUE,FALSE,0,1,0,0,0,0,1,2,0,0,3,0,1,0,0,2,1,4.562768459,2,1,0,2,1,69,1,0,0,2368.290039,151.7700024,7246.189697,863.8399963,9185.760254,26,42,4,0,0,0,0,0,0,0,0,0,0,0,0,0,10,1,0,3,1,1,2,5,3,2,2,2,0,4,2,2,3,8,0,0,0,3,111,52,4,16,33,6,40,15,55,0,0,0,0,23,22,4,13,23,15,36,0,201,57,0,3,2,5.182246745,1,30.07116127,19815.84912,1,https://www.fifa.com/en/tournaments/mens/worldcup/canadamexicousa2026/statistics/player-statistics
429063,EDMILSON JUNIOR,EDMILSON JR.,Forward,FW,19/08/1994,31,Older,8,3,228.7,76.2,0,1,3,2,0.00%,41,33,80.50%,4,1.57,2,0.79,0.43,0.00x,TRUE,TRUE,FALSE,TRUE,TRUE,TRUE,TRUE,TRUE,FALSE,0,0,0,0,1,0,2,0,0,0,3,2,1,0,0,5,0,6.209683418,2,0,0,4,1,66,11,1,0,3693.679749,499.3799896,9195.579712,1196.410034,9289.459961,27,44,5,1,0,0,0,0,0,0,0,0,0,0,0,0,19,1,2,4,2,1,1,9,7,3,3,6,0,8,4,3,5,17,0,1,0,7,106,56,7,40,25,3,21,47,68,1,0,0,0,21,16,8,4,34,17,38,0,290,97,0,3,2,2.126363635,3,32.6841011,23874.50928,0,https://www.fifa.com/en/tournaments/mens/worldcup/canadamexicousa2026/statistics/player-statistics
385475,Eldor SHOMURODOV,SHOMURODOV,Forward,FW,29/06/1995,30,Older,14,3,304.3,101.4,1,0,4,2,25.00%,72,52,72.20%,8,2.37,4,1.18,0.17,5.79x,TRUE,TRUE,TRUE,TRUE,TRUE,TRUE,TRUE,TRUE,TRUE,0,0,0,0,1,0,0,3,0,0,4,2,2,0,0,9,0,5.957073689,5,0,0,1,0,96,11,0,0,3164.189941,855.4200287,10044.69019,1605.119995,14529,38,63,28,0,0,0,0,0,0,0,0,1,0,0,0,0,15,2,0,2,0,0,0,7,4,1,1,2,0,9,6,6,7,10,0,0,0,4,175,96,9,45,45,7,69,28,97,1,0,0,0,24,68,1,11,47,35,58,0,274,149,0,1,5,3.939845681,0,33.96152496,30198.41992,0,https://www.fifa.com/en/tournaments/mens/worldcup/canadamexicousa2026/statistics/player-statistics
448662,Elias ACHOURI,ACHOURI,Forward,FW,10/02/1999,27,Younger,7,3,58.9,19.6,0,0,3,1,0.00%,8,7,87.50%,0,0,1,1.53,0.13,0.00x,TRUE,TRUE,FALSE,FALSE,TRUE,TRUE,FALSE,FALSE,FALSE,0,1,0,0,0,0,3,0,0,0,0,0,1,3,1,1,0,6.826471647,0,0,0,0,0,19,6,0,0,907.8199844,215.5800018,2159.029999,471.2700081,2723.349976,6,9,1,0,0,0,0,0,0,0,0,0,0,0,0,0,3,0,0,3,2,2,3,2,0,0,0,0,0,0,0,0,0,2,0,0,0,1,33,19,3,17,13,1,16,15,31,1,0,0,0,4,3,0,4,6,7,10,0,68,40,3,0,0,3.130220801,0,30.32361412,6477.050171,0,https://www.fifa.com/en/tournaments/mens/worldcup/canadamexicousa2026/statistics/player-statistics
482885,Elias SAAD,SAAD,Forward,FW,27/12/1999,26,Younger,8,2,124.6,62.3,0,0,1,0,0.00%,29,22,75.90%,1,0.72,3,2.17,0.06,0.00x,TRUE,FALSE,FALSE,TRUE,TRUE,TRUE,TRUE,FALSE,FALSE,0,0,0,0,0,0,0,1,0,0,0,0,1,1,0,3,0,4.986736774,1,0,1,2,0,53,3,0,0,2217.47998,397.6800079,7312.93042,1249.880005,4302.540283,21,32,6,0,0,0,0,0,0,0,0,0,0,0,0,0,2,0,0,0,0,0,0,2,1,1,0,0,1,1,1,0,0,2,0,0,1,2,76,39,2,12,32,1,25,20,45,1,0,0,0,16,19,2,3,32,7,35,0,199,86,0,2,1,2.817733645,1,32.30897903,15480.51074,0,https://www.fifa.com/en/tournaments/mens/worldcup/canadamexicousa2026/statistics/player-statistics
464133,Elye WAHI,WAHI,Forward,FW,2/01/2003,23,Younger,12,3,127.7,42.6,0,0,3,2,0.00%,21,15,71.40%,0,0,0,0,0.48,0.00x,TRUE,TRUE,FALSE,TRUE,TRUE,TRUE,TRUE,TRUE,FALSE,0,0,0,0,1,0,0,2,0,0,3,2,1,0,0,0,0,4.509110928,0,0,0,1,0,60,3,0,0,1944.940033,455.1699905,5261.360474,758.0599976,4589.970093,11,19,5,0,0,0,0,0,0,0,0,0,0,0,0,0,4,0,0,0,0,0,0,2,3,1,1,3,0,1,1,1,1,4,0,0,0,2,55,26,6,37,19,0,49,7,56,0,0,0,0,14,24,3,9,13,7,22,0,154,63,2,1,0,10.61576676,0,33.17882538,13009.50024,0,https://www.fifa.com/en/tournaments/mens/worldcup/canadamexicousa2026/statistics/player-statistics
463746,ENDRICK,ENDRICK,Forward,FW,21/07/2006,19,Younger,19,4,146.5,36.6,0,0,3,0,0.00%,20,16,80.00%,1,0.61,1,0.61,0.68,0.00x,TRUE,TRUE,FALSE,TRUE,TRUE,TRUE,TRUE,TRUE,FALSE,0,0,0,0,1,0,0,2,0,0,2,0,2,1,0,3,0,4.666945839,1,0,0,1,0,53,5,1,0,1345.150024,471.7000122,4932.2901,672.8499985,6536.5896,9,19,3,1,0,0,0,0,0,0,0,0,0,0,0,0,11,2,0,4,2,2,2,4,4,1,1,2,0,3,1,1,1,9,0,0,0,2,57,30,5,36,12,3,44,7,51,1,0,0,0,11,18,2,4,16,11,20,0,103,57,4,0,1,9.001591027,0,33.93027496,13958.58008,0,https://www.fifa.com/en/tournaments/mens/worldcup/canadamexicousa2026/statistics/player-statistics
373400,Enner VALENCIA,E. VALENCIA,Forward,FW,4/11/1989,36,Older,13,4,311.7,77.9,0,0,10,6,0.00%,40,33,82.50%,4,1.16,7,2.02,1.53,0.00x,TRUE,TRUE,FALSE,TRUE,TRUE,TRUE,TRUE,TRUE,FALSE,0,2,0,0,3,0,2,5,0,0,9,5,2,1,1,4,0,5.714276075,2,0,0,1,0,91,11,0,0,2575.009949,523.2800217,12350.68945,1345.350006,12695.56006,18,35,8,0,0,0,0,0,0,0,0,0,0,2,0,0,5,0,0,0,0,0,0,3,1,0,0,1,0,4,3,3,4,4,0,0,0,2,125,73,15,56,35,7,64,34,98,2,0,0,0,27,42,9,12,31,21,43,0,233,108,0,3,2,14.40919781,0,33.1076088,29489.89014,0,https://www.fifa.com/en/tournaments/mens/worldcup/canadamexicousa2026/statistics/player-statistics
419652,Erling HAALAND,BRAUT HAALAND,Forward,FW,21/07/2000,25,Younger,9,5,537.8,107.6,7,0,19,12,36.80%,47,34,72.30%,5,0.84,3,0.5,4.62,1.51x,TRUE,TRUE,FALSE,TRUE,TRUE,TRUE,TRUE,TRUE,FALSE,0,2,0,1,10,0,4,4,0,0,18,11,5,1,1,8,0,4.611642043,2,0,0,1,0,108,5,0,0,4526.389893,1407.910004,17409.34009,1994.590027,24130.69043,27,60,11,0,0,0,0,0,0,0,0,6,1,7,0,0,8,0,0,0,0,0,0,2,4,1,1,3,1,4,1,1,3,6,0,0,0,2,171,94,28,51,22,0,59,14,73,0,0,0,0,18,64,8,23,45,20,68,0,375,172,0,1,1,15.21112204,0,36.52069092,49468.91992,0,https://www.fifa.com/en/tournaments/mens/worldcup/canadamexicousa2026/statistics/player-statistics
436743,Ermedin DEMIROVIC,DEMIROVIĆ,Forward,FW,25/03/1998,28,Older,10,4,399.8,100,0,0,4,4,0.00%,39,29,74.40%,11,2.48,3,0.68,0.08,0.00x,TRUE,TRUE,FALSE,TRUE,TRUE,TRUE,TRUE,TRUE,FALSE,0,0,0,0,0,0,1,3,0,0,1,1,0,3,3,5,0,6.093739748,1,0,0,0,0,131,15,0,0,4517.669922,1161.540009,15763.73999,2140.350067,16839.92993,26,43,19,0,0,0,0,0,0,0,0,0,0,0,0,0,14,1,0,2,1,1,1,9,5,4,4,4,0,7,4,4,6,14,0,0,0,9,112,65,7,67,31,8,82,24,106,1,0,0,0,13,36,3,15,38,5,53,0,375,176,0,1,1,8.724612355,0,32.98895645,40423.22949,1,https://www.fifa.com/en/tournaments/mens/worldcup/canadamexicousa2026/statistics/player-statistics
448525,Ernest NUAMAH,NUAMAH,Forward,FW,1/11/2003,22,Younger,24,3,109.2,36.4,0,1,0,0,,29,20,69.00%,2,1.65,2,1.65,0,,TRUE,FALSE,FALSE,TRUE,TRUE,TRUE,TRUE,FALSE,FALSE,0,0,0,0,0,0,0,0,0,0,0,0,0,0,0,11,1,4.984748244,3,1,0,0,0,58,6,3,0,1844.170013,238.9200058,4529.380005,744.1900101,4694.719971,13,30,2,3,0,0,0,0,0,0,0,0,0,0,0,0,7,0,0,1,0,0,1,5,2,1,0,1,1,4,4,3,3,4,0,0,1,2,74,45,3,7,12,3,12,10,22,0,0,0,0,6,15,2,6,21,13,27,0,148,60,2,1,2,1.210042953,1,33.28796768,12051.38013,0,https://www.fifa.com/en/tournaments/mens/worldcup/canadamexicousa2026/statistics/player-statistics
464566,Esmir BAJRAKTAREVIC,BAJRAKTAREVIĆ,Forward,FW,10/03/2005,21,Younger,20,4,262.9,65.7,0,0,3,2,0.00%,71,58,81.70%,1,0.34,2,0.68,0.11,0.00x,TRUE,TRUE,TRUE,TRUE,TRUE,TRUE,TRUE,TRUE,TRUE,0,0,0,0,0,0,1,2,0,0,1,1,1,2,1,11,0,6.488029003,3,0,1,8,0,85,8,2,0,3513.73999,888.4999619,12784.96057,1726.12999,9703.459595,49,79,16,2,0,0,0,0,0,0,0,0,0,0,0,0,13,0,1,3,0,0,2,3,0,0,0,0,0,10,3,3,9,12,0,0,0,3,180,92,8,45,48,13,40,66,106,0,0,0,0,31,35,5,8,53,32,61,0,318,145,2,1,3,3.39682439,2,34.79839325,28616.78931,0,https://www.fifa.com/en/tournaments/mens/worldcup/canadamexicousa2026/statistics/player-statistics
485675,Evann GUESSAND,GUESSAND,Forward,FW,1/07/2001,24,Younger,22,2,27.8,13.9,0,0,1,0,0.00%,5,4,80.00%,1,3.24,0,0,0.14,0.00x,TRUE,FALSE,FALSE,FALSE,TRUE,TRUE,FALSE,FALSE,FALSE,0,0,0,1,0,0,0,0,0,0,1,0,0,0,0,1,0,2.823298454,0,0,0,0,0,9,2,0,0,334.0399895,147.6499939,975.8401489,161.360002,1117.959991,2,5,2,0,0,0,0,0,0,0,0,0,0,1,0,0,0,0,0,0,0,0,0,0,0,0,0,0,0,0,0,0,0,0,0,0,0,0,14,9,1,2,1,0,3,0,3,0,0,0,0,0,8,0,3,4,1,7,0,32,14,2,0,0,6.246511221,0,30.04859924,2736.849854,0,https://www.fifa.com/en/tournaments/mens/worldcup/canadamexicousa2026/statistics/player-statistics
430917,Evidence MAKGOPA,MAKGPA,Forward,FW,5/06/2000,26,Younger,17,4,241.3,60.3,0,0,4,3,0.00%,29,20,69.00%,1,0.37,1,0.37,0.42,0.00x,TRUE,TRUE,FALSE,TRUE,TRUE,TRUE,TRUE,TRUE,FALSE,0,0,0,0,1,0,1,1,0,1,4,3,1,0,0,3,0,6.212053537,0,0,0,0,0,76,9,0,0,3444.249924,387.2900162,10133.57983,1410.269989,10035.39008,13,27,15,0,0,0,0,0,0,0,0,0,0,2,0,0,4,1,0,1,1,0,0,3,1,1,0,0,0,2,1,0,1,0,1,0,0,0,77,42,10,32,10,1,35,8,43,2,0,0,0,9,30,3,6,22,12,28,0,319,106,2,1,0,10.35405052,0,32.45138931,25410.78174,0,https://www.fifa.com/en/tournaments/mens/worldcup/canadamexicousa2026/statistics/player-statistics
439956,Facundo PELLISTRI,F. PELLISTRI,Forward,FW,20/12/2001,24,Younger,11,0,0,,0,0,0,0,,0,0,,0,,0,,0,,FALSE,FALSE,FALSE,FALSE,TRUE,TRUE,FALSE,FALSE,FALSE,0,0,0,0,0,0,0,0,0,0,0,0,0,0,0,0,0,0,0,0,0,0,0,0,0,0,0,0,0,0,0,0,0,0,0,0,0,0,0,0,0,0,0,0,0,0,0,0,0,0,0,0,0,0,0,0,0,0,0,0,0,0,0,0,0,0,0,0,0,0,0,0,0,0,0,0,0,0,0,0,0,0,0,0,0,0,0,0,0,0,0,0,0,0,0,0,0,0,0,0,0,https://www.fifa.com/en/tournaments/mens/worldcup/canadamexicousa2026/statistics/player-statistics
520072,Fares GHEDJEMIS,GHEDJEMIS,Forward,FW,6/09/2002,23,Younger,25,1,2.8,2.8,0,0,0,0,,0,0,,0,0,0,0,0,,TRUE,FALSE,FALSE,FALSE,TRUE,TRUE,FALSE,FALSE,FALSE,0,0,0,0,0,0,0,0,0,0,0,0,0,0,0,0,0,1.620225072,0,0,0,0,0,2,0,0,0,45.90000153,4.329999924,97.43000031,73.23999786,79.12000275,0,0,0,0,0,0,0,0,0,0,0,0,0,0,0,0,0,0,0,0,0,0,0,0,0,0,0,0,0,0,0,0,0,0,0,0,0,0,0,0,0,0,0,0,0,0,0,0,0,0,0,0,0,0,0,0,0,0,0,5,4,1,0,0,0.697342694,0,26.10968781,300.0200195,0,https://www.fifa.com/en/tournaments/mens/worldcup/canadamexicousa2026/statistics/player-statistics
477536,Federico VINAS,F. VIÑAS,Forward,FW,30/06/1998,27,Younger,21,3,211.9,70.6,0,0,6,3,0.00%,29,18,62.10%,3,1.27,3,1.27,0.39,0.00x,TRUE,TRUE,FALSE,TRUE,TRUE,TRUE,TRUE,TRUE,FALSE,0,0,0,2,2,0,0,1,0,0,6,3,2,0,0,1,0,5.734709899,0,0,0,0,0,63,6,0,0,2417.940002,453.3600082,6581.280273,1107.23999,9665.889893,12,25,12,0,0,0,0,0,0,0,0,0,0,5,0,0,4,0,0,0,0,0,0,1,1,0,0,0,1,3,1,1,2,3,0,0,0,0,82,44,8,58,42,6,80,26,106,3,0,0,0,9,21,4,13,16,15,29,0,195,102,1,2,0,9.63076973,0,32.15550995,20225.71094,0,https://www.fifa.com/en/tournaments/mens/worldcup/canadamexicousa2026/statistics/player-statistics
419291,FERAS ALBRIKAN,FERAS,Forward,FW,14/05/2000,26,Younger,9,3,262.5,87.5,0,0,0,0,,51,32,62.70%,2,0.69,3,1.03,0,,TRUE,FALSE,TRUE,TRUE,TRUE,TRUE,TRUE,FALSE,TRUE,0,0,0,0,0,0,0,0,0,0,0,0,0,0,0,2,0,6.490321477,0,0,0,0,0,150,11,1,0,3520.819946,614.3999939,11967.18994,1466.689972,10717.26978,23,43,11,1,0,0,0,0,0,0,0,0,0,0,0,0,12,1,0,2,0,0,1,2,5,0,0,4,0,5,2,2,4,9,0,0,0,2,108,53,2,27,23,1,33,18,51,0,0,0,0,7,38,2,14,27,12,41,0,328,123,0,2,0,4.787886024,0,31.45275879,28286.36914,1,https://www.fifa.com/en/tournaments/mens/worldcup/canadamexicousa2026/statistics/player-statistics
405545,Ferran TORRES,FERRAN,Forward,FW,29/02/2000,26,Younger,7,8,349.3,43.7,1,1,14,4,7.10%,86,63,73.30%,6,1.55,4,1.03,2.72,0.37x,TRUE,TRUE,TRUE,TRUE,TRUE,TRUE,TRUE,TRUE,TRUE,0,2,1,2,1,0,1,8,0,1,13,4,8,1,0,11,0,6.375407994,5,0,0,6,0,94,11,0,0,3955.069977,990.7000008,12482.5401,2110.84008,16436.64954,42,81,8,0,0,0,0,0,0,0,0,1,0,5,0,0,23,2,0,2,1,0,0,12,12,6,4,8,2,9,5,3,5,11,1,0,1,6,251,127,22,118,96,29,204,39,243,3,0,0,0,50,96,12,19,51,65,70,0,345,197,7,1,2,22.36434162,1,33.55719376,35975.80103,1,https://www.fifa.com/en/tournaments/mens/worldcup/canadamexicousa2026/statistics/player-statistics
520217,Findlay CURTIS,CURTIS,Forward,FW,9/06/2006,20,Younger,25,2,21.4,10.7,0,0,0,0,,2,2,100.00%,1,4.21,0,0,0,,TRUE,FALSE,FALSE,FALSE,TRUE,TRUE,FALSE,FALSE,FALSE,0,0,0,0,0,0,0,0,0,0,0,0,0,0,0,2,0,5.609290123,2,0,0,2,0,12,0,0,0,471.75,171.7900009,1329.720001,164.6000042,781.4600067,3,6,1,0,0,0,0,0,0,0,0,0,0,0,0,0,2,0,0,1,1,1,1,2,1,1,1,1,0,0,0,0,0,2,0,0,0,2,9,4,0,5,3,0,2,6,8,0,0,0,0,2,2,0,1,2,2,3,0,35,16,2,0,1,0.736932978,0,33.78626251,2919.319946,1,https://www.fifa.com/en/tournaments/mens/worldcup/canadamexicousa2026/statistics/player-statistics
494375,Firas CHAOUAT,CHAOUAT,Forward,FW,8/05/1996,30,Older,19,3,66.1,22,0,0,0,0,,7,7,100.00%,1,1.36,2,2.72,0,,TRUE,FALSE,FALSE,FALSE,TRUE,TRUE,FALSE,FALSE,FALSE,0,0,0,0,0,0,0,0,0,0,0,0,0,0,0,0,0,6.196933905,0,0,0,0,0,18,0,0,0,991.2100525,251.3099937,3014.879913,417.0000076,2272.539978,3,3,0,0,0,0,0,0,0,0,0,0,0,0,0,0,0,0,0,0,0,0,0,0,0,0,0,0,0,0,0,0,0,0,0,0,0,0,14,9,0,22,3,0,20,5,25,3,0,0,0,1,5,1,2,3,2,5,0,83,35,3,0,0,7.365807772,0,34.35099411,6946.939941,0,https://www.fifa.com/en/tournaments/mens/worldcup/canadamexicousa2026/statistics/player-statistics
477859,Fiston MAYELE,MAYELE,Forward,FW,24/06/1994,31,Older,19,2,55.6,27.8,1,0,5,1,20.00%,11,7,63.60%,1,1.62,1,1.62,0.72,1.39x,TRUE,TRUE,FALSE,FALSE,TRUE,TRUE,FALSE,FALSE,FALSE,0,0,0,0,1,0,1,3,0,0,4,1,3,1,0,0,0,3.031463623,0,0,0,0,0,23,0,0,0,827.5599976,152.5500031,2521.47995,361.5600052,1914.590057,6,15,3,0,0,0,0,0,0,0,0,1,0,1,0,0,1,0,0,0,0,0,0,0,0,0,0,0,0,1,0,0,1,1,0,0,0,0,35,19,6,13,8,0,17,4,21,1,0,0,0,7,16,2,6,12,1,18,0,72,35,2,0,0,7.921570539,1,32.88674545,5777.740295,0,https://www.fifa.com/en/tournaments/mens/worldcup/canadamexicousa2026/statistics/player-statistics
466624,Folarin BALOGUN,BALOGUN,Forward,FW,3/07/2001,24,Younger,20,4,348.8,87.2,3,0,14,5,21.40%,44,30,68.20%,3,0.77,8,2.06,2.02,1.49x,TRUE,TRUE,FALSE,TRUE,TRUE,TRUE,TRUE,TRUE,FALSE,0,2,1,1,2,0,2,7,0,0,14,5,6,0,0,9,0,4.779363346,6,0,0,6,0,106,7,0,1,4100.720154,1007.869995,14860.50977,2018.519989,12964.02075,27,59,29,0,0,0,0,0,0,0,0,3,0,2,0,0,12,1,1,2,1,0,0,7,6,4,3,5,0,4,2,1,2,10,1,0,0,6,153,86,16,104,69,2,134,41,175,3,0,0,0,44,55,21,33,31,21,64,1,329,183,0,3,4,16.22389579,0,35.60237122,34951.63916,1,https://www.fifa.com/en/tournaments/mens/worldcup/canadamexicousa2026/statistics/player-statistics
485081,FRANCISCO CONCEICAO,F. CONCEIÇÃO,Forward,FW,14/12/2002,23,Younger,26,4,163.3,40.8,0,0,2,0,0.00%,73,65,89.00%,1,0.55,1,0.55,0.17,0.00x,TRUE,FALSE,TRUE,TRUE,TRUE,TRUE,TRUE,FALSE,TRUE,0,0,0,0,1,0,0,1,0,0,2,0,1,0,0,13,0,5.179506493,5,0,0,5,2,35,4,1,0,2589.249939,621.0899658,6698.840271,1124.350067,6498.419861,60,82,9,1,0,0,0,0,0,0,0,0,0,0,0,0,10,0,0,1,1,1,1,8,7,6,6,7,0,2,1,1,2,10,0,0,0,8,173,73,6,35,36,4,19,56,75,1,0,0,0,30,53,6,4,52,32,56,0,201,87,4,0,4,3.977273285,2,33.36128998,17531.9502,0,https://www.fifa.com/en/tournaments/mens/worldcup/canadamexicousa2026/statistics/player-statistics
418561,FRANCISCO TRINCAO,TRINCÃO,Forward,FW,29/12/1999,26,Younger,16,1,32.1,32.1,0,0,1,0,0.00%,16,13,81.30%,0,0,0,0,0.11,0.00x,TRUE,FALSE,FALSE,FALSE,TRUE,TRUE,FALSE,FALSE,FALSE,0,0,0,0,1,0,0,0,0,0,1,0,1,0,0,0,0,1.522179699,0,0,1,0,0,12,1,0,0,689,109.1500015,1727.069946,376.4200134,1165.310059,10,14,2,0,0,0,0,0,0,0,0,0,0,0,0,0,3,0,0,0,0,0,0,2,1,0,0,1,0,2,2,2,2,2,0,0,0,1,35,17,2,6,18,0,19,5,24,0,0,0,0,7,8,0,0,15,3,15,0,56,32,1,0,0,1.637695789,0,29.22711945,4066.949951,0,https://www.fifa.com/en/tournaments/mens/worldcup/canadamexicousa2026/statistics/player-statistics
431693,Frantzdy Pierrot,PIERROT,Forward,FW,29/03/1995,31,Older,20,3,169,56.3,0,0,3,1,0.00%,17,13,76.50%,5,2.66,4,2.13,0.25,0.00x,TRUE,TRUE,FALSE,TRUE,TRUE,TRUE,TRUE,TRUE,FALSE,0,1,0,0,1,0,0,1,0,1,3,1,1,0,0,2,0,5.980687618,0,0,0,0,0,41,3,0,0,2255.43,257.0599871,8910.169922,897.0899811,5662.820099,11,20,3,0,0,0,0,0,0,0,0,0,0,1,0,0,0,0,0,0,0,0,0,0,0,0,0,0,0,0,0,0,0,0,0,0,0,0,48,26,5,19,8,1,22,6,28,2,0,0,0,5,23,1,12,13,3,25,0,210,61,1,1,0,9.223032475,0,30.47353935,17982.57043,1,https://www.fifa.com/en/tournaments/mens/worldcup/canadamexicousa2026/statistics/player-statistics
463127,Gabriel AVALOS,AVALOS,Forward,FW,9/07/1991,34,Older,21,4,170.4,42.6,0,0,1,0,0.00%,23,12,52.20%,1,0.53,2,1.06,0.05,0.00x,TRUE,FALSE,FALSE,TRUE,TRUE,TRUE,TRUE,FALSE,FALSE,0,0,0,0,0,0,0,1,0,0,1,0,1,0,0,0,0,5.348611259,0,0,0,0,0,46,5,0,0,2607.079956,198.1200066,8383.679871,761.0799408,6814.839722,11,21,5,0,0,0,0,0,0,0,0,0,0,0,0,0,7,0,0,0,0,0,0,1,4,1,1,4,0,3,0,0,3,6,0,0,0,1,52,27,1,24,1,0,17,8,25,0,0,0,0,2,20,1,9,17,2,26,0,185,69,2,2,0,6.291923642,0,31.17420578,18764.79932,0,https://www.fifa.com/en/tournaments/mens/worldcup/canadamexicousa2026/statistics/player-statistics
430597,GABRIEL MARTINELLI,MARTINELLI,Forward,FW,18/06/2001,24,Younger,22,4,171.5,42.9,1,0,2,1,50.00%,65,59,90.80%,4,2.1,4,2.1,0.49,2.05x,TRUE,FALSE,TRUE,TRUE,TRUE,TRUE,TRUE,FALSE,TRUE,0,0,0,0,0,0,1,1,0,0,1,1,1,1,0,4,0,5.114130592,3,0,0,3,1,60,9,1,0,2585.149933,706.2399902,7201.72998,1016.939941,6967.830078,38,51,6,1,0,0,0,0,0,0,0,1,0,0,0,0,16,0,1,3,3,2,2,14,3,2,2,2,1,10,9,8,8,12,0,1,0,10,151,65,11,30,42,38,71,39,110,0,0,0,0,35,11,2,4,28,41,32,0,216,87,3,1,1,4.022201657,0,34.09315491,18477.88916,0,https://www.fifa.com/en/tournaments/mens/worldcup/canadamexicousa2026/statistics/player-statistics
336439,Gael KAKUTA,KAKUTA,Forward,FW,21/06/1991,34,Older,11,0,0,,0,0,0,0,,0,0,,0,,0,,0,,FALSE,FALSE,FALSE,FALSE,TRUE,TRUE,FALSE,FALSE,FALSE,0,0,0,0,0,0,0,0,0,0,0,0,0,0,0,0,0,0,0,0,0,0,0,0,0,0,0,0,0,0,0,0,0,0,0,0,0,0,0,0,0,0,0,0,0,0,0,0,0,0,0,0,0,0,0,0,0,0,0,0,0,0,0,0,0,0,0,0,0,0,0,0,0,0,0,0,0,0,0,0,0,0,0,0,0,0,0,0,0,0,0,0,0,0,0,0,0,0,0,0,0,https://www.fifa.com/en/tournaments/mens/worldcup/canadamexicousa2026/statistics/player-statistics
495431,George HIRST,HIRST,Forward,FW,15/02/1999,27,Younger,18,0,0,,0,0,0,0,,0,0,,0,,0,,0,,FALSE,FALSE,FALSE,FALSE,TRUE,TRUE,FALSE,FALSE,FALSE,0,0,0,0,0,0,0,0,0,0,0,0,0,0,0,0,0,0,0,0,0,0,0,0,0,0,0,0,0,0,0,0,0,0,0,0,0,0,0,0,0,0,0,0,0,0,0,0,0,0,0,0,0,0,0,0,0,0,0,0,0,0,0,0,0,0,0,0,0,0,0,0,0,0,0,0,0,0,0,0,0,0,0,0,0,0,0,0,0,0,0,0,0,0,0,0,0,0,0,0,0,https://www.fifa.com/en/tournaments/mens/worldcup/canadamexicousa2026/statistics/player-statistics
466372,Gervane KASTANEER,KASTANEER,Forward,FW,9/06/1996,30,Older,19,3,45.2,15.1,0,0,1,0,0.00%,9,7,77.80%,2,3.98,0,0,0.03,0.00x,TRUE,FALSE,FALSE,FALSE,TRUE,TRUE,FALSE,FALSE,FALSE,0,0,0,0,0,0,1,0,0,0,0,0,1,1,0,0,0,5.915079912,0,0,0,0,0,17,3,0,0,520.5000229,55.95999813,1748.010071,250.5599976,1885.399963,4,7,0,0,0,0,0,0,0,0,0,0,0,0,0,0,3,0,0,0,0,0,0,2,0,0,0,0,0,3,2,2,3,2,0,0,0,1,19,10,1,11,1,0,8,4,12,0,0,0,0,1,7,0,4,2,3,6,0,44,21,3,0,0,7.478001177,1,28.40241241,4460.429932,2,https://www.fifa.com/en/tournaments/mens/worldcup/canadamexicousa2026/statistics/player-statistics
477862,GILSON BENCHIMOL,BENCHIMOL,Forward,FW,29/12/2001,24,Younger,9,2,93.3,46.6,0,0,0,0,,11,9,81.80%,0,0,1,0.97,0,,TRUE,FALSE,FALSE,TRUE,TRUE,TRUE,TRUE,FALSE,FALSE,0,0,0,0,0,0,0,0,0,0,0,0,0,0,0,3,0,3.242996097,3,0,0,0,0,52,4,0,0,1318.51001,370.4600067,4263.159912,591.6099854,3450.089905,8,9,5,0,0,0,0,0,0,0,0,0,0,0,0,0,5,1,0,1,0,0,0,0,2,0,0,1,0,2,0,0,1,2,0,0,0,0,26,17,2,20,15,0,24,11,35,0,0,0,0,5,7,1,4,8,2,12,0,123,54,1,1,3,4.998858929,0,33.41233826,9993.82959,0,https://www.fifa.com/en/tournaments/mens/worldcup/canadamexicousa2026/statistics/player-statistics
485595,Giuliano SIMEONE,SIMEONE,Forward,FW,18/12/2002,23,Younger,17,3,217.1,72.4,0,0,1,0,0.00%,82,70,85.40%,9,3.73,1,0.41,0.05,0.00x,TRUE,FALSE,TRUE,TRUE,TRUE,TRUE,TRUE,FALSE,TRUE,0,0,0,0,0,0,0,1,0,0,1,0,1,0,0,4,0,2.452739954,2,0,0,6,0,74,14,1,0,3615.430176,796.5800018,9294.860107,1352.559998,8566.149902,52,71,11,1,0,0,0,0,0,0,0,0,0,0,0,0,14,0,0,2,2,2,2,10,3,3,2,2,1,9,5,4,8,13,0,0,1,9,194,84,5,36,40,9,25,60,85,1,0,0,0,31,48,6,6,42,50,48,0,296,114,1,2,1,3.531763434,3,35.19591141,23625.58008,0,https://www.fifa.com/en/tournaments/mens/worldcup/canadamexicousa2026/statistics/player-statistics
384751,GONCALO GUEDES,G. GUEDES,Forward,FW,29/11/1996,29,Older,19,0,0,,0,0,0,0,,0,0,,0,,0,,0,,FALSE,FALSE,FALSE,FALSE,TRUE,TRUE,FALSE,FALSE,FALSE,0,0,0,0,0,0,0,0,0,0,0,0,0,0,0,0,0,0,0,0,0,0,0,0,0,0,0,0,0,0,0,0,0,0,0,0,0,0,0,0,0,0,0,0,0,0,0,0,0,0,0,0,0,0,0,0,0,0,0,0,0,0,0,0,0,0,0,0,0,0,0,0,0,0,0,0,0,0,0,0,0,0,0,0,0,0,0,0,0,0,0,0,0,0,0,0,0,0,0,0,0,https://www.fifa.com/en/tournaments/mens/worldcup/canadamexicousa2026/statistics/player-statistics
448081,GONCALO RAMOS,G. RAMOS,Forward,FW,20/06/2001,24,Younger,9,2,58.6,29.3,1,0,2,1,50.00%,11,10,90.90%,0,0,0,0,0.13,7.42x,TRUE,FALSE,FALSE,FALSE,TRUE,TRUE,FALSE,FALSE,FALSE,0,0,0,1,1,0,0,0,0,0,2,1,1,0,0,1,0,2.833333206,0,0,0,0,0,32,3,0,0,1145.929993,188.2900085,2506.220154,524.8799896,2064.55011,4,7,5,0,0,0,0,0,0,0,0,1,0,2,0,0,0,0,0,0,0,0,0,0,0,0,0,0,0,0,0,0,0,0,0,0,0,0,31,15,2,8,4,0,11,1,12,0,0,0,0,3,10,1,4,7,7,11,0,101,40,2,0,0,5.379827499,0,31.91215897,6429.869873,0,https://www.fifa.com/en/tournaments/mens/worldcup/canadamexicousa2026/statistics/player-statistics
419020,Gonzalo PLATA,PLATA,Forward,FW,1/11/2000,25,Younger,19,4,407.5,101.9,1,0,8,5,12.50%,147,118,80.30%,5,1.1,4,0.88,1.16,0.86x,TRUE,TRUE,TRUE,TRUE,TRUE,TRUE,TRUE,TRUE,TRUE,0,1,0,0,1,0,2,5,0,0,4,2,3,4,3,23,1,6.520750523,13,1,4,9,1,135,11,2,0,5806.349854,750.6700058,19192.55029,2531.929932,16020.55957,96,143,14,2,0,0,0,0,0,0,0,1,0,1,0,0,44,2,1,5,4,2,2,25,8,3,2,6,0,31,18,16,28,33,1,1,0,17,362,178,22,31,119,24,112,62,174,0,0,0,0,67,86,3,13,95,76,108,0,494,187,0,0,8,5.233500481,4,32.20136642,44302.06152,1,https://www.fifa.com/en/tournaments/mens/worldcup/canadamexicousa2026/statistics/player-statistics
386339,Guillermo MARTINEZ,G. MARTÍNEZ,Forward,FW,15/03/1995,31,Older,22,2,87.8,43.9,0,0,0,0,,13,12,92.30%,3,3.08,1,1.03,0,,TRUE,FALSE,FALSE,FALSE,TRUE,TRUE,FALSE,FALSE,FALSE,0,0,0,0,0,0,0,0,0,0,0,0,0,0,0,0,0,2.535136414,0,0,0,1,0,41,4,0,0,1112.130051,131.5599937,4066.840088,523.370018,3528.019958,10,12,3,0,0,0,0,0,0,0,0,0,0,0,0,0,1,0,0,0,0,0,0,1,0,0,0,0,0,1,1,1,1,1,0,0,0,1,35,18,1,20,14,1,32,3,35,0,0,0,0,8,14,0,9,7,3,16,0,89,46,1,1,0,9.620937824,0,29.65867996,9361.919678,0,https://www.fifa.com/en/tournaments/mens/worldcup/canadamexicousa2026/statistics/player-statistics
489691,Gustaf NILSSON,NILSSON,Forward,FW,23/05/1997,29,Older,25,1,5,5,0,0,1,0,0.00%,2,1,50.00%,0,0,0,0,0.01,0.00x,TRUE,FALSE,FALSE,FALSE,TRUE,TRUE,FALSE,FALSE,FALSE,0,0,0,0,1,0,0,0,0,0,1,0,0,0,0,0,0,2.143563509,0,0,0,0,0,3,0,0,0,102.2899933,0,385.5799866,46.69999695,179.0800018,1,3,0,0,0,0,0,0,0,0,0,0,0,1,0,0,0,0,0,0,0,0,0,0,0,0,0,0,0,0,0,0,0,0,0,0,0,0,6,2,1,1,2,0,2,1,3,0,0,0,0,0,2,0,1,2,0,3,0,11,2,1,0,0,5.057769775,0,24.15871048,713.6499634,0,https://www.fifa.com/en/tournaments/mens/worldcup/canadamexicousa2026/statistics/player-statistics
424106,Haissem HASSAN,H. HASSAN,Forward,FW,8/02/2002,24,Younger,12,2,138.8,69.4,0,1,1,0,0.00%,41,35,85.40%,2,1.3,2,1.3,0.09,0.00x,TRUE,FALSE,FALSE,TRUE,TRUE,TRUE,TRUE,FALSE,FALSE,0,1,0,0,0,0,0,1,0,0,1,0,0,0,0,18,4,2.636876011,13,4,0,9,2,44,0,0,0,2307.76001,286.4999924,5857.059326,867.8699951,6077.619873,34,53,0,0,0,0,0,0,0,0,0,0,0,0,0,0,33,0,2,5,4,3,3,28,13,12,8,9,4,15,12,7,9,27,0,1,4,24,109,48,5,4,37,35,11,65,76,0,0,0,0,41,8,2,2,7,49,9,0,184,62,1,1,11,0.800935209,0,32.88076782,15396.80957,2,https://www.fifa.com/en/tournaments/mens/worldcup/canadamexicousa2026/statistics/player-statistics
390276,Haji WRIGHT,WRIGHT,Forward,FW,27/03/1998,28,Older,19,2,4.9,2.4,0,0,0,0,,1,1,100.00%,0,0,0,0,0,,TRUE,FALSE,FALSE,FALSE,TRUE,TRUE,FALSE,FALSE,FALSE,0,0,0,0,0,0,0,0,0,0,0,0,0,0,0,0,0,2.718599892,0,0,0,0,0,0,0,0,0,69.76000357,75.90999889,227.9200134,36.13000107,139.6000061,1,1,0,0,0,0,0,0,0,0,0,0,0,0,0,0,0,0,0,0,0,0,0,0,0,0,0,0,0,0,0,0,0,0,0,0,0,0,2,1,0,2,0,0,1,1,2,1,0,0,0,0,1,0,0,0,1,0,0,7,4,2,0,0,3.103828013,0,31.19637108,549.3199921,0,https://www.fifa.com/en/tournaments/mens/worldcup/canadamexicousa2026/statistics/player-statistics
495488,HAMZA ABDELKARIM,ABDELKARIM,Forward,FW,1/01/2008,18,Younger,9,4,83.1,20.8,0,0,0,0,,10,7,70.00%,2,2.17,0,0,0,,TRUE,FALSE,FALSE,FALSE,TRUE,TRUE,FALSE,FALSE,FALSE,0,0,0,0,0,0,0,0,0,0,0,0,0,0,0,0,0,5.319609165,0,0,0,1,0,36,6,0,0,1521.769989,376.2400093,3739.609924,676.5000076,3021.630005,2,6,8,0,0,0,0,0,0,0,0,0,0,0,0,0,7,2,0,2,0,0,0,1,2,0,0,0,0,3,1,1,1,6,0,0,0,0,30,19,1,17,4,0,17,4,21,0,0,0,0,0,6,1,3,3,7,6,0,120,56,4,0,0,11.5080924,0,31.65086174,9335.749878,0,https://www.fifa.com/en/tournaments/mens/worldcup/canadamexicousa2026/statistics/player-statistics
482984,Haris TABAKOVIC,TABAKOVIĆ,Forward,FW,20/06/1994,31,Older,23,1,25.4,25.4,0,0,0,0,,1,1,100.00%,0,0,0,0,0,,TRUE,FALSE,FALSE,FALSE,TRUE,TRUE,FALSE,FALSE,FALSE,0,0,0,0,0,0,0,0,0,0,0,0,0,0,0,0,0,1.342079639,0,0,0,0,0,0,0,0,0,157.1999969,30.42999649,814.1699829,29.44000053,1233.689941,1,1,0,0,0,0,0,0,0,0,0,0,0,0,0,0,0,0,0,0,0,0,0,0,0,0,0,0,0,0,0,0,0,0,0,0,0,0,3,1,0,4,0,0,3,1,4,0,0,0,0,0,2,0,0,1,0,1,0,12,3,1,0,0,4.861782551,0,28.95169258,2264.929932,0,https://www.fifa.com/en/tournaments/mens/worldcup/canadamexicousa2026/statistics/player-statistics
369419,Harry KANE,KANE,Forward,FW,28/07/1993,32,Older,9,7,732.1,104.6,6,1,23,11,26.10%,99,73,73.70%,8,0.98,9,1.11,3.69,1.63x,TRUE,TRUE,TRUE,TRUE,TRUE,TRUE,TRUE,TRUE,TRUE,0,3,1,2,4,1,4,8,2,1,18,10,8,5,1,9,2,5.643452585,3,2,0,3,1,262,22,2,0,10316.82935,1011.889977,32799.66943,4078.269958,30358.02954,50,93,25,3,0,0,0,0,0,0,0,6,0,5,1,0,58,8,4,14,6,2,2,33,11,6,1,1,2,33,21,15,19,27,3,1,2,22,276,150,31,44,64,26,111,23,134,2,0,2,2,42,70,6,17,64,64,81,0,859,260,0,2,1,19.14630485,1,32.36048889,78564.68945,0,https://www.fifa.com/en/tournaments/mens/worldcup/canadamexicousa2026/statistics/player-statistics
284190,HASSAN ALHAYDOS,ALHAYDOS,Forward,FW,11/12/1990,35,Older,10,2,69.7,34.8,1,0,1,1,100.00%,14,10,71.40%,1,1.29,1,1.29,0.66,1.51x,TRUE,FALSE,FALSE,FALSE,TRUE,TRUE,FALSE,FALSE,FALSE,0,0,0,0,1,0,0,0,0,0,1,1,0,0,0,1,0,4.747118632,0,0,0,0,0,46,1,0,0,1497.089981,57.38999939,3764.759979,488.0600204,2483.110046,8,14,8,0,0,0,0,0,0,0,0,1,0,0,0,0,6,1,0,2,0,0,1,2,1,0,0,0,0,3,2,2,2,6,0,0,0,2,31,14,3,10,10,1,11,10,21,0,0,0,0,6,7,0,2,14,0,16,0,147,43,1,1,0,1.584507495,2,30.80184937,8290.4104,0,https://www.fifa.com/en/tournaments/mens/worldcup/canadamexicousa2026/statistics/player-statistics
494374,Hazem MASTOURI,MASTOURI,Forward,FW,18/06/1997,28,Older,9,1,92.7,92.7,1,0,3,2,33.30%,10,7,70.00%,2,1.94,2,1.94,0.21,4.80x,TRUE,TRUE,FALSE,TRUE,TRUE,TRUE,TRUE,TRUE,FALSE,0,0,0,1,0,0,1,1,0,0,1,1,1,2,1,1,0,2.166080952,1,0,0,1,1,38,4,0,0,1235.72998,235.8899994,4211.97998,460.8099976,3896.729492,9,15,1,0,0,0,0,0,0,0,0,1,0,1,0,0,1,0,0,0,0,0,0,0,0,0,0,0,0,1,0,0,1,1,0,0,0,0,37,23,6,14,1,0,11,4,15,0,0,0,0,1,14,1,7,10,2,17,0,106,39,0,1,1,1.228283882,0,34.84346008,10041.13965,0,https://www.fifa.com/en/tournaments/mens/worldcup/canadamexicousa2026/statistics/player-statistics
430465,IBRAHIM ADEL,I. ADEL,Forward,FW,23/04/2001,25,Younger,20,1,7.1,7.1,0,0,0,0,,6,4,66.70%,0,0,0,0,0,,TRUE,FALSE,FALSE,FALSE,TRUE,TRUE,FALSE,FALSE,FALSE,0,0,0,0,0,0,0,0,0,0,0,0,0,0,0,0,0,1.70131588,0,0,0,0,0,4,2,0,0,188.8200073,32.86999893,430.9500122,125.7200012,228.1300201,2,4,2,0,0,0,0,0,0,0,0,0,0,0,0,0,5,1,0,1,1,0,0,5,2,2,1,1,0,2,2,1,1,4,1,0,0,4,12,5,1,3,6,1,2,8,10,0,0,0,0,3,4,0,0,1,5,1,0,18,8,1,0,0,0.944795787,0,27.88941193,1006.48999,0,https://www.fifa.com/en/tournaments/mens/worldcup/canadamexicousa2026/statistics/player-statistics
496358,Ibrahim MBAYE,I. MBAYE,Forward,FW,24/01/2008,18,Younger,20,4,203.7,50.9,1,0,4,1,25.00%,67,63,94.00%,0,0,2,0.88,0.29,3.43x,TRUE,TRUE,TRUE,TRUE,TRUE,TRUE,TRUE,TRUE,TRUE,0,1,1,0,1,0,0,2,0,0,4,1,2,0,0,12,0,5.554263592,4,0,0,8,1,41,6,0,0,2199.21994,810.4900284,7010.240173,1106.639969,7443.619507,57,78,2,0,0,0,0,0,0,0,0,1,0,0,0,0,16,1,1,2,1,0,0,9,9,4,2,7,1,5,4,2,2,13,1,0,1,6,176,75,10,36,38,21,26,69,95,0,0,0,0,40,41,4,2,56,35,58,0,191,104,3,1,4,3.000629246,2,34.71166229,18570.20923,0,https://www.fifa.com/en/tournaments/mens/worldcup/canadamexicousa2026/statistics/player-statistics
485068,Igor MATANOVIC,MATANOVIĆ,Forward,FW,31/03/2003,23,Younger,20,3,125.8,41.9,0,0,4,2,0.00%,14,11,78.60%,4,2.86,3,2.15,0.12,0.00x,TRUE,TRUE,FALSE,TRUE,TRUE,TRUE,TRUE,TRUE,FALSE,0,1,2,2,0,0,0,0,0,0,3,1,1,1,1,5,0,4.631386876,2,0,0,0,0,49,10,0,0,1913.870056,280.3299866,5378.480103,901.5400085,4292.570129,8,17,6,0,0,0,0,0,0,0,0,0,0,2,0,0,2,0,0,0,0,0,0,1,0,0,0,0,0,2,1,1,2,2,0,0,0,1,44,29,5,15,19,2,33,3,36,1,0,0,0,5,22,0,3,13,8,16,0,164,73,3,0,2,7.379687786,0,30.4525795,12766.79004,0,https://www.fifa.com/en/tournaments/mens/worldcup/canadamexicousa2026/statistics/player-statistics
368546,Igor Sergeev,SERGEEV,Forward,FW,30/04/1993,33,Older,21,3,46.7,15.6,0,0,0,0,,4,4,100.00%,0,0,0,0,0,,TRUE,FALSE,FALSE,FALSE,TRUE,TRUE,FALSE,FALSE,FALSE,0,0,0,0,0,0,0,0,0,0,0,0,0,0,0,0,0,6.93527317,0,0,0,0,0,21,2,0,0,946.8499908,11.28000069,2698.829834,375.7399979,1559.279938,3,3,0,0,0,0,0,0,0,0,0,0,0,0,0,0,0,0,0,0,0,0,0,0,0,0,0,0,0,0,0,0,0,0,0,0,0,0,9,5,0,9,4,0,10,3,13,1,0,0,0,2,3,0,1,1,3,2,0,79,26,3,0,0,14.32107639,0,26.98392868,5591.97998,0,https://www.fifa.com/en/tournaments/mens/worldcup/canadamexicousa2026/statistics/player-statistics
519836,IGOR THIAGO,THIAGO,Forward,FW,26/06/2001,24,Younger,25,1,65.1,65.1,0,0,2,1,0.00%,5,4,80.00%,2,2.76,0,0,0.4,0.00x,TRUE,FALSE,FALSE,FALSE,TRUE,TRUE,FALSE,FALSE,FALSE,0,0,0,0,1,0,0,1,0,0,2,1,0,0,0,2,0,1.381308651,1,0,0,0,0,25,5,0,0,1200.969971,159.2900085,3297.390137,480.2700195,2360.890137,4,7,5,0,0,0,0,0,0,0,0,0,0,1,0,0,3,0,1,1,0,0,0,0,0,0,0,0,0,2,0,0,1,3,0,0,0,0,21,11,2,15,1,0,12,4,16,0,0,0,0,0,9,0,1,6,3,7,0,95,43,0,1,1,4.281344414,0,33.20450592,7498.810547,0,https://www.fifa.com/en/tournaments/mens/worldcup/canadamexicousa2026/statistics/player-statistics
448815,Iliman NDIAYE,NDIAYE,Forward,FW,6/03/2000,26,Younger,13,3,134.2,44.7,1,2,3,2,33.30%,59,53,89.80%,2,1.34,1,0.67,0.21,4.77x,TRUE,TRUE,TRUE,TRUE,TRUE,TRUE,TRUE,TRUE,TRUE,0,0,1,0,0,0,1,1,0,0,2,1,1,1,1,12,0,5.169120073,9,0,0,2,0,41,8,0,0,2102.78006,431.5899887,6373.450073,785.1000214,4980.210205,50,67,6,0,0,0,0,0,0,0,0,0,1,0,0,0,16,2,0,3,2,1,1,10,4,2,1,2,0,9,6,5,7,11,1,0,0,5,137,55,11,17,36,14,33,34,67,0,0,0,0,28,38,3,5,44,21,49,0,188,74,2,1,6,3.634147167,0,32.61249924,14673.13062,0,https://www.fifa.com/en/tournaments/mens/worldcup/canadamexicousa2026/statistics/player-statistics
411376,Inaki WILLIAMS,WILLIAMS,Forward,FW,15/06/1994,31,Older,19,2,140.3,70.1,0,0,3,0,0.00%,23,15,65.20%,2,1.28,1,0.64,0.06,0.00x,TRUE,TRUE,FALSE,TRUE,TRUE,TRUE,TRUE,TRUE,FALSE,0,2,0,0,0,0,1,2,0,0,1,0,1,2,0,2,0,2.746053576,1,0,0,4,1,43,3,1,0,1337.870056,379.4200134,4269.02002,830.72995,6039.649658,14,28,3,1,0,0,0,0,0,0,0,0,0,0,0,0,8,1,1,3,2,1,1,5,3,2,2,2,0,2,1,0,0,7,0,1,0,4,67,34,3,26,12,0,17,21,38,1,0,0,0,9,23,0,0,25,8,25,0,117,64,0,2,1,2.045167029,0,33.52684021,12856.68945,1,https://www.fifa.com/en/tournaments/mens/worldcup/canadamexicousa2026/statistics/player-statistics
481242,Iqraam RAYNERS,RAYNERS,Forward,FW,19/12/1995,30,Older,15,4,182.1,45.5,0,0,1,0,0.00%,24,21,87.50%,1,0.49,1,0.49,0.11,0.00x,TRUE,FALSE,FALSE,TRUE,TRUE,TRUE,TRUE,FALSE,FALSE,0,1,0,0,1,0,0,0,0,0,1,0,0,0,0,1,0,6.677116275,1,0,0,2,0,83,2,0,0,2356.900009,911.530014,6776.299683,1202.650047,8062.429993,11,16,7,0,0,0,0,0,0,0,0,0,0,1,0,0,5,0,0,0,0,0,0,2,3,1,1,3,0,2,1,1,2,4,0,0,0,2,62,41,3,57,17,1,51,24,75,2,0,0,0,17,25,5,9,19,6,28,0,193,108,2,2,0,10.07323056,1,34.07123184,19309.81055,0,https://www.fifa.com/en/tournaments/mens/worldcup/canadamexicousa2026/statistics/player-statistics
472877,Irfan Can KAHVECI,KAHVECİ,Forward,FW,15/07/1995,30,Older,17,1,7.5,7.5,0,0,0,0,,2,2,100.00%,0,0,0,0,0,,TRUE,FALSE,FALSE,FALSE,TRUE,TRUE,FALSE,FALSE,FALSE,0,0,0,0,0,0,0,0,0,0,0,0,0,0,0,0,0,2.73845609,0,0,0,0,0,4,1,0,0,159.8699951,44.74000168,414.7399902,111.5500031,288.6900024,1,1,0,0,0,0,0,0,0,0,0,0,0,0,0,0,0,0,0,0,0,0,0,0,0,0,0,0,0,0,0,0,0,0,0,0,0,0,4,2,0,4,3,0,3,4,7,0,0,0,0,1,1,0,0,0,2,0,0,13,6,1,0,0,3.224440813,0,32.63275146,1019.589966,0,https://www.fifa.com/en/tournaments/mens/worldcup/canadamexicousa2026/statistics/player-statistics
489417,Isidro PITTA,PITTA,Forward,FW,14/08/1999,26,Younger,25,1,55.1,55.1,0,0,0,0,,4,3,75.00%,2,3.27,0,0,0,,TRUE,FALSE,FALSE,FALSE,TRUE,TRUE,FALSE,FALSE,FALSE,0,0,0,0,0,0,0,0,0,0,0,0,0,0,0,0,0,1.312722778,0,0,0,1,0,26,3,0,0,858.289978,164.1000214,2567.179932,318.2099915,2129.280029,3,5,2,0,0,0,0,0,0,0,0,0,0,0,0,0,3,0,0,0,0,0,0,1,1,0,0,1,0,2,1,1,2,3,0,0,0,1,15,10,0,5,0,0,3,2,5,2,0,0,0,0,5,0,1,7,1,8,0,77,23,0,1,0,1.211380601,0,33.63687134,6037.060059,0,https://www.fifa.com/en/tournaments/mens/worldcup/canadamexicousa2026/statistics/player-statistics
401889,Ismaila SARR,ISMAÏLA,Forward,FW,25/02/1998,28,Older,18,4,419.2,104.8,4,1,17,6,23.50%,73,57,78.10%,1,0.21,9,1.93,3.68,1.09x,TRUE,TRUE,TRUE,TRUE,TRUE,TRUE,TRUE,TRUE,TRUE,0,3,1,1,5,0,3,6,0,1,15,6,7,2,0,13,0,6.692768216,6,0,0,2,0,157,11,0,0,6384.209717,1329.029984,19889.73999,2967.860077,16149.04956,54,96,18,0,0,0,0,0,0,0,0,4,0,2,0,0,16,1,1,2,1,0,0,7,10,5,5,9,0,4,1,0,2,15,0,1,0,6,213,112,28,68,51,8,96,31,127,2,0,0,0,32,73,7,20,82,12,102,0,556,216,0,2,4,10.96894896,0,34.46630859,46719.89063,0,https://www.fifa.com/en/tournaments/mens/worldcup/canadamexicousa2026/statistics/player-statistics
359381,Ivan PERISIC,PERIŠIĆ,Forward,FW,2/02/1989,37,Older,14,4,413.7,103.4,1,1,2,2,50.00%,150,132,88.00%,4,0.87,1,0.22,0.32,3.15x,TRUE,FALSE,TRUE,TRUE,TRUE,TRUE,TRUE,FALSE,TRUE,0,0,0,0,0,0,1,0,0,0,2,2,0,0,0,5,1,6.038311481,4,1,2,19,3,88,13,3,0,5144.969971,1305.40004,14928.44019,2267.140167,17935.74951,79,108,12,3,0,0,0,0,0,0,0,1,0,1,0,0,53,4,9,20,12,7,7,31,9,5,2,4,1,24,14,8,10,33,2,3,1,19,335,142,14,67,47,21,34,101,135,0,0,0,0,47,44,10,0,57,98,57,0,452,183,0,0,2,1.832634434,15,33.52261353,41581.70117,2,https://www.fifa.com/en/tournaments/mens/worldcup/canadamexicousa2026/statistics/player-statistics
448198,Ivan TONEY,TONEY,Forward,FW,16/03/1996,30,Older,22,2,89.9,45,0,0,2,1,0.00%,21,15,71.40%,0,0,3,3,0.06,0.00x,TRUE,FALSE,FALSE,FALSE,TRUE,TRUE,FALSE,FALSE,FALSE,0,0,0,1,0,0,0,1,0,0,2,1,1,0,0,0,0,1.726583302,0,0,0,0,0,21,4,0,0,1101.969986,100.6599939,3498.779755,542.75,3885.650314,10,18,2,0,0,0,0,0,0,0,0,0,0,1,0,0,7,1,0,2,2,1,1,7,1,1,0,0,0,4,4,3,3,5,1,0,0,5,52,23,4,17,19,4,33,7,40,2,0,0,0,10,12,1,4,13,11,17,0,94,40,1,1,0,3.684852123,0,28.2734375,9129.809509,0,https://www.fifa.com/en/tournaments/mens/worldcup/canadamexicousa2026/statistics/player-statistics
405755,Jaminton CAMPAZ,CAMPAZ,Forward,FW,24/05/2000,26,Younger,21,3,99,33,1,0,6,3,16.70%,18,12,66.70%,2,1.82,3,2.73,0.64,1.56x,TRUE,TRUE,FALSE,TRUE,TRUE,TRUE,TRUE,TRUE,FALSE,0,0,1,0,1,0,3,1,0,0,3,1,3,3,2,7,2,4.049155045,5,2,0,3,0,41,5,0,0,1655.429855,224.920002,4122.59021,911.8499908,3731.070038,15,27,5,0,0,0,0,0,0,0,0,1,0,1,0,0,11,2,0,3,2,1,1,6,2,1,0,0,0,6,3,2,4,7,1,0,0,3,59,28,9,16,21,0,16,21,37,2,0,0,0,11,13,2,4,10,18,14,0,143,67,3,0,5,4.598382711,0,29.84779358,10645.85974,0,https://www.fifa.com/en/tournaments/mens/worldcup/canadamexicousa2026/statistics/player-statistics
441171,Jan KUCHTA,KUCHTA,Forward,FW,8/01/1997,29,Older,11,0,0,,0,0,0,0,,0,0,,0,,0,,0,,FALSE,FALSE,FALSE,FALSE,TRUE,TRUE,FALSE,FALSE,FALSE,0,0,0,0,0,0,0,0,0,0,0,0,0,0,0,0,0,0,0,0,0,0,0,0,0,0,0,0,0,0,0,0,0,0,0,0,0,0,0,0,0,0,0,0,0,0,0,0,0,0,0,0,0,0,0,0,0,0,0,0,0,0,0,0,0,0,0,0,0,0,0,0,0,0,0,0,0,0,0,0,0,0,0,0,0,0,0,0,0,0,0,0,0,0,0,0,0,0,0,0,0,https://www.fifa.com/en/tournaments/mens/worldcup/canadamexicousa2026/statistics/player-statistics
423933,Jayden Nelson,NELSON,Forward,FW,26/09/2002,23,Younger,26,1,12.6,12.6,0,0,1,0,0.00%,8,6,75.00%,0,0,0,0,0.07,0.00x,TRUE,FALSE,FALSE,FALSE,TRUE,TRUE,FALSE,FALSE,FALSE,0,1,0,0,0,0,0,0,0,0,0,0,0,1,0,3,0,1.385046196,3,0,0,0,0,2,0,0,0,232.1000214,43.63999939,581.7000122,69.19999695,535.6500244,7,11,1,0,0,0,0,0,0,0,0,0,0,0,0,0,3,0,0,0,0,0,0,1,0,0,0,0,0,3,1,1,3,3,0,0,0,1,20,8,1,0,2,2,1,3,4,0,0,0,0,4,2,0,0,7,3,7,0,19,5,1,0,2,0.671055198,0,28.97211647,1462.290039,0,https://www.fifa.com/en/tournaments/mens/worldcup/canadamexicousa2026/statistics/player-statistics
403094,Jean-Philippe MATETA,MATETA,Forward,FW,28/06/1997,28,Older,22,3,38.1,12.7,0,0,3,1,0.00%,2,2,100.00%,1,2.36,0,0,0.92,0.00x,TRUE,TRUE,FALSE,FALSE,TRUE,TRUE,FALSE,FALSE,FALSE,0,0,1,1,1,0,0,0,0,0,3,1,2,0,0,1,0,2.804369152,1,0,0,0,0,23,2,0,0,564.3699951,177.9999847,2186.790039,300.820015,1488.480042,3,6,1,0,0,0,0,0,0,0,0,0,0,1,0,0,0,0,0,0,0,0,0,0,0,0,0,0,0,0,0,0,0,0,0,0,0,0,11,6,3,13,5,0,13,5,18,0,0,0,0,2,3,1,3,2,1,5,0,44,23,3,0,1,10.96289122,0,30.33389664,4718.459961,0,https://www.fifa.com/en/tournaments/mens/worldcup/canadamexicousa2026/statistics/player-statistics
466363,Jearl MARGARITHA,MARGARITHA,Forward,FW,10/04/2000,26,Younger,16,2,50.8,25.4,0,0,1,0,0.00%,8,8,100.00%,0,0,0,0,0.05,0.00x,TRUE,FALSE,FALSE,FALSE,TRUE,TRUE,FALSE,FALSE,FALSE,0,0,0,0,0,0,0,1,0,0,1,0,1,0,0,2,0,4.543123404,0,0,0,0,0,23,1,0,0,750.769989,151.9000015,2495.910034,435.8800049,1851.140137,5,8,3,0,0,0,0,0,0,0,0,0,0,0,0,0,0,0,0,0,0,0,0,0,0,0,0,0,0,0,0,0,0,0,0,0,0,0,19,11,1,11,6,0,9,8,17,0,0,0,0,4,7,2,1,8,1,9,0,62,36,2,0,0,3.051889837,1,30.70113564,5685.600098,0,https://www.fifa.com/en/tournaments/mens/worldcup/canadamexicousa2026/statistics/player-statistics
424047,Jeremy Antonisse,ANTONISSE,Forward,FW,29/03/2002,24,Younger,11,2,85.3,42.7,0,0,1,0,0.00%,35,25,71.40%,0,0,0,0,0.05,0.00x,TRUE,FALSE,FALSE,FALSE,TRUE,TRUE,FALSE,FALSE,FALSE,0,0,0,0,0,0,1,0,0,0,1,0,1,0,0,2,1,4.848971526,1,1,2,6,3,39,3,5,0,1735.060059,377.539978,4532.290161,799.3200073,2917.019897,17,25,1,5,0,0,0,0,0,0,0,0,0,0,0,0,14,1,0,2,1,1,1,7,2,0,0,1,0,10,6,6,9,8,0,0,0,5,82,40,4,10,18,5,21,12,33,0,0,0,0,8,11,0,0,14,22,14,0,145,55,2,0,1,1.305640221,0,31.28423119,10361.22949,0,https://www.fifa.com/en/tournaments/mens/worldcup/canadamexicousa2026/statistics/player-statistics
514326,Jeremy AREVALO,AREVALO,Forward,FW,19/03/2005,21,Younger,24,0,0,,0,0,0,0,,0,0,,0,,0,,0,,FALSE,FALSE,FALSE,FALSE,TRUE,TRUE,FALSE,FALSE,FALSE,0,0,0,0,0,0,0,0,0,0,0,0,0,0,0,0,0,0,0,0,0,0,0,0,0,0,0,0,0,0,0,0,0,0,0,0,0,0,0,0,0,0,0,0,0,0,0,0,0,0,0,0,0,0,0,0,0,0,0,0,0,0,0,0,0,0,0,0,0,0,0,0,0,0,0,0,0,0,0,0,0,0,0,0,0,0,0,0,0,0,0,0,0,0,0,0,0,0,0,0,0,https://www.fifa.com/en/tournaments/mens/worldcup/canadamexicousa2026/statistics/player-statistics
448341,Jeremy DOKU,DOKU,Forward,FW,27/05/2002,24,Younger,11,5,341.7,68.3,0,0,3,1,0.00%,90,74,82.20%,4,1.05,18,4.74,0.14,0.00x,TRUE,TRUE,TRUE,TRUE,TRUE,TRUE,TRUE,TRUE,TRUE,0,0,1,0,0,0,0,2,0,0,3,1,2,0,0,53,0,5.215637922,26,0,0,11,4,134,18,1,0,5090.160004,746.6000061,12011.8996,1973.66008,15354.28064,92,147,15,1,0,0,0,0,0,0,0,0,0,0,0,0,45,4,0,6,4,1,2,34,16,13,8,10,2,23,17,12,17,44,3,0,2,34,263,146,18,51,73,23,58,89,147,0,0,0,0,50,88,5,14,73,63,87,0,443,172,1,3,21,3.578636229,2,34.68144608,35176.6001,0,https://www.fifa.com/en/tournaments/mens/worldcup/canadamexicousa2026/statistics/player-statistics
416652,Jesse RANDALL,RANDALL,Forward,FW,19/08/2002,23,Younger,21,3,79.1,26.4,0,0,1,0,0.00%,16,12,75.00%,0,0,1,1.14,0.01,0.00x,TRUE,FALSE,FALSE,FALSE,TRUE,TRUE,FALSE,FALSE,FALSE,0,0,0,0,0,0,1,0,0,0,0,0,1,1,0,4,0,7.79895703,3,0,3,5,2,15,2,0,0,1369.800003,556.1900063,3643.539856,825.3499832,2929.390106,14,22,3,0,0,0,0,0,0,0,0,0,0,0,0,0,2,0,0,1,1,1,1,1,1,0,0,1,0,0,0,0,0,2,0,0,0,1,50,28,3,23,21,2,20,26,46,0,0,0,0,8,6,2,1,15,7,16,0,113,69,3,0,2,4.21145457,0,34.60516357,9324.269775,0,https://www.fifa.com/en/tournaments/mens/worldcup/canadamexicousa2026/statistics/player-statistics
369530,Jhon CORDOBA,CORDOBA,Forward,FW,11/05/1993,33,Older,9,3,109,36.3,0,0,2,1,0.00%,12,9,75.00%,1,0.83,2,1.65,0.32,0.00x,TRUE,FALSE,FALSE,TRUE,TRUE,TRUE,TRUE,FALSE,FALSE,0,0,0,0,0,0,1,1,0,0,2,1,1,0,0,0,0,3.153240395,0,0,0,0,0,23,2,0,0,1059.229988,150.960001,3337.510147,421.8500023,4895.400116,2,5,2,0,0,0,0,0,0,0,0,0,0,1,0,0,0,0,0,0,0,0,0,0,0,0,0,0,0,0,0,0,0,0,0,0,0,0,32,20,3,22,9,0,25,6,31,2,0,0,0,7,13,3,7,2,7,9,0,104,33,1,2,0,13.01343107,0,32.14454269,9864.950256,0,https://www.fifa.com/en/tournaments/mens/worldcup/canadamexicousa2026/statistics/player-statistics
418535,JOAO FELIX,JOÃO FÉLIX,Forward,FW,10/11/1999,26,Younger,11,3,219,73,0,0,6,1,0.00%,60,47,78.30%,3,1.23,6,2.47,0.62,0.00x,TRUE,TRUE,TRUE,TRUE,TRUE,TRUE,TRUE,TRUE,TRUE,0,1,1,1,0,0,1,3,0,0,4,1,4,2,0,15,0,3.936809158,6,0,0,4,0,99,14,0,0,3084.299988,612.2299652,10207.33984,1190.27002,8690.469971,48,81,23,0,0,0,0,0,0,0,0,0,0,1,0,0,25,2,1,3,2,0,0,16,9,3,1,6,1,13,11,8,9,25,1,1,1,16,162,76,14,56,58,23,95,42,137,0,0,0,0,34,49,7,7,65,15,72,0,276,94,0,3,5,3.613392949,2,32.70502472,23784.60938,0,https://www.fifa.com/en/tournaments/mens/worldcup/canadamexicousa2026/statistics/player-statistics
405920,John YEBOAH,YEBOAH ZAMORA,Forward,FW,23/06/2000,25,Younger,9,4,330.3,82.6,0,0,8,3,0.00%,104,85,81.70%,0,0,4,1.09,0.72,0.00x,TRUE,TRUE,TRUE,TRUE,TRUE,TRUE,TRUE,TRUE,TRUE,0,0,2,0,0,0,2,4,0,0,4,2,5,4,1,15,1,5.743861198,12,0,3,9,4,73,20,0,0,4266.850159,898.7199936,12046.6499,1967.23999,12321.38989,84,119,44,0,0,0,0,0,0,0,0,0,0,0,0,0,31,2,0,4,2,1,2,18,9,6,5,6,1,18,10,9,15,28,1,0,0,16,262,132,18,39,55,20,43,71,114,0,0,0,0,44,52,3,7,79,44,86,0,395,169,0,4,9,2.324905872,2,33.86237335,31500.84961,0,https://www.fifa.com/en/tournaments/mens/worldcup/canadamexicousa2026/statistics/player-statistics
441257,Jonathan DAVID,J. DAVID,Forward,FW,14/01/2000,26,Younger,10,5,475.9,95.2,3,0,18,9,16.70%,103,76,73.80%,5,0.95,5,0.95,2.71,1.11x,TRUE,TRUE,TRUE,TRUE,TRUE,TRUE,TRUE,TRUE,TRUE,0,3,0,1,3,1,5,7,0,1,13,9,6,5,0,2,1,6.611299229,1,1,0,6,0,227,21,1,0,7539.909912,1093.959991,22187.43091,3080.51001,18312.47021,48,83,45,1,0,0,0,0,0,0,0,3,0,0,0,0,33,4,1,5,3,0,0,18,10,6,4,5,1,18,9,6,12,20,2,1,0,9,307,167,24,64,117,28,133,76,209,0,0,0,0,74,93,11,17,80,66,97,0,667,256,0,1,1,11.68377626,1,32.34904099,52214.28027,1,https://www.fifa.com/en/tournaments/mens/worldcup/canadamexicousa2026/statistics/player-statistics
353235,Jordan AYEW,J. AYEW,Forward,FW,11/09/1991,34,Older,9,4,323.8,81,0,0,0,0,,47,33,70.20%,7,1.95,7,1.95,0,,TRUE,FALSE,FALSE,TRUE,TRUE,TRUE,TRUE,FALSE,FALSE,0,0,0,0,0,0,0,0,0,0,0,0,0,0,0,3,1,6.469852328,1,0,6,9,1,212,19,7,0,4400.619934,563.9000168,15614.64038,2156.670044,12147.65015,23,34,23,7,0,0,0,0,0,0,0,0,0,0,0,0,11,0,0,0,0,0,0,1,3,0,0,3,0,8,1,1,8,5,0,0,0,0,124,83,2,51,28,7,58,28,86,1,0,0,0,17,37,4,15,30,17,45,0,416,167,0,4,1,6.385858268,1,30.98309898,34883.48096,0,https://www.fifa.com/en/tournaments/mens/worldcup/canadamexicousa2026/statistics/player-statistics
402985,Jordy CAICEDO,J. CAICEDO,Forward,FW,18/11/1997,28,Older,16,3,40.2,13.4,0,0,1,0,0.00%,6,6,100.00%,2,4.47,0,0,0.05,0.00x,TRUE,FALSE,FALSE,FALSE,TRUE,TRUE,FALSE,FALSE,FALSE,0,1,0,0,0,0,1,0,0,0,1,0,0,0,0,0,0,4.603886485,0,0,0,0,0,12,1,0,0,570.7200012,89.47000027,1605.140015,204.989994,1638.350037,6,7,1,0,0,0,0,0,0,0,0,0,0,0,0,0,0,0,0,0,0,0,0,0,0,0,0,0,0,0,0,0,0,0,0,0,0,0,20,10,1,4,1,0,3,2,5,0,0,0,0,2,9,0,3,6,1,9,0,44,22,3,0,0,9.379956007,0,30.3794136,4108.669983,0,https://www.fifa.com/en/tournaments/mens/worldcup/canadamexicousa2026/statistics/player-statistics
419662,Jorgen STRAND LARSEN,STRAND LARSEN,Forward,FW,6/02/2000,26,Younger,11,2,117.4,58.7,0,0,2,1,0.00%,24,18,75.00%,0,0,2,1.53,0.85,0.00x,TRUE,FALSE,FALSE,TRUE,TRUE,TRUE,TRUE,FALSE,FALSE,0,0,0,0,0,0,0,1,1,0,2,1,1,0,0,0,0,2.080508629,0,0,0,0,0,56,4,0,0,1297.949966,238.2500038,4380.19043,647.4499435,5139.700317,15,22,8,0,0,0,0,0,0,0,0,0,0,0,0,0,2,0,0,0,0,0,0,0,1,0,0,1,0,1,0,0,1,2,0,0,0,0,54,29,5,34,16,2,47,5,52,1,0,1,0,10,21,1,9,17,2,26,0,120,47,1,0,0,7.576265812,0,31.05547523,11703.54016,0,https://www.fifa.com/en/tournaments/mens/worldcup/canadamexicousa2026/statistics/player-statistics
411174,Jose FAJARDO,FAJARDO,Forward,FW,18/08/1993,32,Older,17,3,176.1,58.7,0,0,1,0,0.00%,18,11,61.10%,4,2.04,3,1.53,0.25,0.00x,TRUE,FALSE,FALSE,TRUE,TRUE,TRUE,TRUE,FALSE,FALSE,0,0,0,0,1,0,0,0,0,0,1,0,0,0,0,0,0,6.497665723,0,0,0,0,0,99,19,0,0,2948.910095,708.0800018,8274.630005,1398.070007,5877.690063,6,12,18,0,0,0,0,0,0,0,0,0,0,1,0,0,2,0,0,0,0,0,0,2,1,1,1,1,0,1,1,1,1,2,0,0,0,2,50,33,2,47,9,0,44,12,56,1,0,0,0,11,19,1,5,11,9,16,0,236,110,2,1,0,8.924165964,0,33.21218872,19207.37891,1,https://www.fifa.com/en/tournaments/mens/worldcup/canadamexicousa2026/statistics/player-statistics
495054,Jose Manuel LOPEZ,LOPEZ,Forward,FW,6/12/2000,25,Younger,21,2,28.2,14.1,0,1,1,0,0.00%,2,2,100.00%,1,3.19,0,0,0.04,0.00x,TRUE,FALSE,FALSE,FALSE,TRUE,TRUE,FALSE,FALSE,FALSE,0,0,0,0,0,0,0,1,0,0,1,0,1,0,0,2,0,1.636493444,0,0,0,0,0,9,3,0,0,467.3300018,51.5,1365.159912,195.3700027,1001.880096,2,5,2,0,0,0,0,0,0,0,0,0,0,0,0,0,1,0,0,0,0,0,0,0,1,0,0,1,0,0,0,0,0,1,0,0,0,0,8,5,2,12,0,0,9,3,12,0,0,0,0,2,5,0,0,5,0,5,0,43,17,2,0,0,6.344505072,0,30.07066154,3081.23999,1,https://www.fifa.com/en/tournaments/mens/worldcup/canadamexicousa2026/statistics/player-statistics
510757,Josue CASIMIR,CASIMIR,Forward,FW,24/09/2001,24,Younger,21,3,208.6,69.5,0,0,1,0,0.00%,52,43,82.70%,4,1.73,4,1.73,0.01,0.00x,TRUE,FALSE,TRUE,TRUE,TRUE,TRUE,TRUE,FALSE,TRUE,0,0,0,0,0,0,0,1,0,0,0,0,1,1,0,6,0,6.051074823,3,0,0,2,0,81,13,3,0,2690.940002,734.890007,7327.620117,1522.910004,8704.439819,35,49,9,3,0,0,0,0,0,0,0,0,0,0,0,0,13,1,0,3,2,2,2,8,3,1,1,2,0,7,5,5,6,7,0,0,0,5,121,55,3,39,29,3,35,36,71,0,0,0,0,23,20,2,6,40,17,46,0,246,113,1,1,2,1.996192992,1,34.41753387,20980.80029,1,https://www.fifa.com/en/tournaments/mens/worldcup/canadamexicousa2026/statistics/player-statistics
519954,Jovo LUKIC,LUKIĆ,Forward,FW,28/11/1998,27,Younger,25,2,77.4,38.7,1,0,3,2,33.30%,13,7,53.80%,1,1.16,0,0,0.46,2.18x,TRUE,TRUE,FALSE,FALSE,TRUE,TRUE,FALSE,FALSE,FALSE,0,0,0,0,1,0,0,1,0,0,3,2,1,0,0,1,0,3.162315488,0,0,0,0,0,34,2,0,0,1179.389954,193.1100006,3306.529816,507.7299805,3082.430023,4,14,5,0,0,0,0,0,0,0,0,1,0,3,0,0,4,1,0,1,0,0,0,0,1,0,0,0,0,2,0,0,1,4,0,0,0,0,35,21,3,2,7,0,7,2,9,0,0,0,0,2,14,0,8,6,3,14,0,100,42,1,1,0,2.894823432,0,32.05430222,8269.190186,1,https://www.fifa.com/en/tournaments/mens/worldcup/canadamexicousa2026/statistics/player-statistics
407680,Juergen LOCADIA,LOCADIA,Forward,FW,7/11/1993,32,Older,9,3,250.2,83.4,0,0,1,0,0.00%,48,37,77.10%,3,1.08,4,1.44,0.08,0.00x,TRUE,FALSE,FALSE,TRUE,TRUE,TRUE,TRUE,FALSE,FALSE,0,0,0,0,0,0,0,0,0,1,1,0,1,0,0,2,1,5.709290028,0,1,0,0,0,76,4,0,0,2491.590027,429.3399887,10510.8999,1182.670013,9178.550049,25,37,7,0,0,0,0,0,0,0,0,0,0,0,0,0,5,0,0,0,0,0,0,2,1,1,1,1,0,4,1,1,4,4,0,0,0,1,108,64,5,47,20,0,44,23,67,2,0,0,0,22,42,2,12,30,12,42,0,227,92,0,3,0,5.124895334,0,32.64011383,23793.0498,0,https://www.fifa.com/en/tournaments/mens/worldcup/canadamexicousa2026/statistics/player-statistics
416081,Julian ALVAREZ,J. ALVAREZ,Forward,FW,31/01/2000,26,Younger,9,8,690.6,86.3,1,0,11,5,9.10%,215,183,85.10%,11,1.43,4,0.52,1.39,0.72x,TRUE,TRUE,TRUE,TRUE,TRUE,TRUE,TRUE,TRUE,TRUE,0,0,1,0,0,0,3,6,0,1,7,4,5,4,1,9,4,6.234911978,6,4,0,1,0,285,37,1,0,8803.819885,1676.980072,31846.84937,4194.52005,24818.36938,137,183,38,1,0,0,0,0,0,0,0,0,1,0,0,0,30,0,0,0,0,0,0,23,4,2,1,3,1,26,21,20,25,21,0,0,1,15,494,224,30,111,118,70,189,110,299,2,0,0,0,90,116,3,14,106,124,120,0,787,340,3,3,3,17.60255492,2,34.97664642,71340.54053,0,https://www.fifa.com/en/tournaments/mens/worldcup/canadamexicousa2026/statistics/player-statistics
429157,Julian QUINONES,J. QUIÑONES,Forward,FW,24/03/1997,29,Older,16,5,440.2,88,4,1,14,6,28.60%,135,111,82.20%,5,1.02,7,1.43,2.27,1.76x,TRUE,TRUE,TRUE,TRUE,TRUE,TRUE,TRUE,TRUE,TRUE,0,2,1,0,2,0,4,7,0,0,8,5,6,6,1,9,2,6.430876255,6,2,0,4,2,162,12,0,0,6575.940186,1235.120026,19021.80005,2983.289978,17458.73975,95,136,13,0,0,0,0,0,0,0,0,4,0,2,0,0,38,4,0,5,5,1,1,34,7,7,2,2,1,26,22,17,21,28,4,0,1,25,355,168,31,99,115,34,120,128,248,1,0,0,0,81,84,6,17,124,44,141,0,581,251,0,4,5,5.568570256,2,33.01201248,47274.88867,0,https://www.fifa.com/en/tournaments/mens/worldcup/canadamexicousa2026/statistics/player-statistics
483496,Julian RYERSON,RYERSON,Forward,FW,17/11/1997,28,Older,26,4,248.3,62.1,0,0,0,0,,149,131,87.90%,6,2.17,1,0.36,0,,TRUE,FALSE,TRUE,TRUE,TRUE,TRUE,TRUE,FALSE,TRUE,0,0,0,0,0,0,0,0,0,0,0,0,0,0,0,5,0,4.337310712,3,0,7,14,7,53,13,6,0,3424.329941,255.1000061,11001.14984,1226.860001,10367.80988,59,78,31,6,0,0,0,0,0,0,0,0,0,0,0,0,66,3,2,25,21,18,20,46,13,6,4,8,2,28,19,15,21,33,1,2,1,20,316,115,10,3,15,3,7,14,21,0,0,0,0,6,26,1,2,57,80,59,0,285,91,0,3,3,0.235552264,20,30.18564034,26275.25024,0,https://www.fifa.com/en/tournaments/mens/worldcup/canadamexicousa2026/statistics/player-statistics
441234,Julio ENCISO,ENCISO,Forward,FW,23/01/2004,22,Younger,19,5,431.2,86.2,1,2,8,1,12.50%,68,55,80.90%,3,0.63,10,2.09,0.74,1.36x,TRUE,TRUE,TRUE,TRUE,TRUE,TRUE,TRUE,TRUE,TRUE,0,2,4,0,1,0,2,1,0,0,6,1,5,2,0,33,2,6.429983711,20,1,2,7,3,209,17,5,0,6560.190002,1668.10997,19577.45947,3032.26004,15250.53931,53,96,20,5,0,0,0,0,0,0,0,1,0,1,0,0,13,0,0,0,0,0,0,9,3,1,1,3,0,10,8,8,10,10,0,0,0,7,201,128,15,38,41,11,43,47,90,0,0,0,0,37,50,5,17,64,27,81,0,538,237,0,3,11,3.963813841,0,33.89073563,46088.55957,0,https://www.fifa.com/en/tournaments/mens/worldcup/canadamexicousa2026/statistics/player-statistics
411367,Kai HAVERTZ,HAVERTZ,Forward,FW,11/06/1999,27,Younger,7,4,393,98.2,3,0,12,7,25.00%,117,101,86.30%,3,0.69,4,0.92,2,1.50x,TRUE,TRUE,TRUE,TRUE,TRUE,TRUE,TRUE,TRUE,TRUE,0,2,0,1,4,0,1,5,1,0,11,7,2,1,0,8,0,6.926447272,2,0,0,3,2,99,14,1,0,6891.630127,1075.429977,18215.09009,2780.049927,15934.82983,67,98,19,1,0,0,0,0,0,0,0,3,0,7,0,0,10,0,1,1,0,0,0,6,2,0,0,2,0,7,6,6,6,6,0,0,0,2,290,144,22,95,88,21,127,77,204,1,0,1,1,58,80,8,19,59,73,78,0,577,202,0,2,1,14.43663263,1,32.92556,44897.02979,1,https://www.fifa.com/en/tournaments/mens/worldcup/canadamexicousa2026/statistics/player-statistics
448523,Kamaldeen SULEMANA,KAMALDEEN,Forward,FW,15/02/2002,24,Younger,22,2,136.3,68.2,0,0,1,0,0.00%,31,27,87.10%,2,1.32,1,0.66,0.01,0.00x,TRUE,FALSE,FALSE,TRUE,TRUE,TRUE,TRUE,FALSE,FALSE,0,1,0,0,0,0,1,0,0,0,0,0,0,1,0,11,3,3.324509501,5,3,0,4,3,62,8,0,0,2024.539917,270.2999954,5701.279785,835.1799927,5964.679932,25,38,3,0,0,0,0,0,0,0,0,0,0,0,0,0,15,1,0,1,1,0,0,12,4,3,1,2,1,10,8,6,8,12,1,0,1,9,85,41,3,19,34,11,21,43,64,1,0,0,0,16,12,1,4,15,26,19,0,172,75,0,2,4,0.769667581,0,33.24063873,14795.979,0,https://www.fifa.com/en/tournaments/mens/worldcup/canadamexicousa2026/statistics/player-statistics
506038,Kamogelo SEBELEBELE,SEBELEBELE,Forward,FW,21/07/2002,23,Younger,25,1,13.3,13.3,0,0,0,0,,5,4,80.00%,1,6.76,0,0,0,,TRUE,FALSE,FALSE,FALSE,TRUE,TRUE,FALSE,FALSE,FALSE,0,0,0,0,0,0,0,0,0,0,0,0,0,0,0,0,0,1.943646908,0,0,0,1,0,4,0,0,0,358.8699951,64.48000336,777.789978,126.0299988,415.7600098,2,3,1,0,0,0,0,0,0,0,0,0,0,0,0,0,1,0,0,0,0,0,0,0,0,0,0,0,0,1,0,0,1,0,0,0,0,0,13,6,0,2,3,0,2,3,5,0,0,0,0,3,2,1,1,1,5,2,0,27,11,1,0,0,1.33091116,0,28.32905388,1742.930054,0,https://www.fifa.com/en/tournaments/mens/worldcup/canadamexicousa2026/statistics/player-statistics
464339,Keisuke GOTO,GOTO,Forward,FW,3/06/2005,21,Younger,9,1,12,12,0,0,0,0,,1,1,100.00%,0,0,1,7.51,0,,TRUE,FALSE,FALSE,FALSE,TRUE,TRUE,FALSE,FALSE,FALSE,0,0,0,0,0,0,0,0,0,0,0,0,0,0,0,0,0,1.746627688,0,0,0,0,0,6,3,0,0,180.4199982,137.769989,454.9200134,126.1299973,497.0700073,1,1,1,0,0,0,0,0,0,0,0,0,0,0,0,0,3,1,0,1,1,0,0,3,1,1,0,0,0,1,1,0,0,3,1,0,0,3,2,1,0,9,6,0,14,1,15,0,0,0,0,1,1,0,0,1,0,1,0,15,10,1,0,0,5.624412537,0,31.12957191,1396.310059,0,https://www.fifa.com/en/tournaments/mens/worldcup/canadamexicousa2026/statistics/player-statistics
484112,Kenan YILDIZ,YILDIZ,Forward,FW,4/05/2005,21,Younger,11,3,249,83,0,0,14,1,0.00%,121,108,89.30%,2,0.72,4,1.45,0.38,0.00x,TRUE,TRUE,TRUE,TRUE,TRUE,TRUE,TRUE,TRUE,TRUE,0,7,2,0,0,0,2,10,0,0,11,0,5,3,1,19,1,6.045770645,8,0,0,8,1,32,5,1,0,2784.869934,363.7399998,10425.04004,995.0599976,10628.92993,101,142,7,1,0,0,0,0,0,0,0,0,0,0,0,0,27,1,0,2,0,0,1,17,10,7,6,8,1,15,10,9,13,24,0,0,1,16,307,144,33,38,28,18,30,54,84,0,0,0,0,36,92,2,6,122,27,128,0,236,78,1,1,8,3.180711448,6,31.80844307,25197.64014,0,https://www.fifa.com/en/tournaments/mens/worldcup/canadamexicousa2026/statistics/player-statistics
466352,Kenji GORRE,GORRÉ,Forward,FW,29/09/1994,31,Older,14,1,20.3,20.3,0,0,0,0,,2,0,0.00%,0,0,0,0,0,,TRUE,FALSE,FALSE,FALSE,TRUE,TRUE,FALSE,FALSE,FALSE,0,0,0,0,0,0,0,0,0,0,0,0,0,0,0,0,0,2.203862349,0,0,0,0,0,8,1,0,0,442.7999878,35.86000061,850.9700317,98.16999817,829.210022,0,2,0,0,0,0,0,0,0,0,0,0,0,0,0,0,0,0,0,0,0,0,0,0,0,0,0,0,0,0,0,0,0,0,0,0,0,0,5,3,0,0,2,0,1,1,2,0,0,0,0,2,3,0,0,1,2,1,0,32,8,1,0,0,0.214768961,0,27.9555397,2257.009766,0,https://www.fifa.com/en/tournaments/mens/worldcup/canadamexicousa2026/statistics/player-statistics
520218,Kento SHIOGAI,SHIOGAI,Forward,FW,26/03/2005,21,Younger,26,1,12.9,12.9,0,0,0,0,,1,1,100.00%,0,0,0,0,0,,TRUE,FALSE,FALSE,FALSE,TRUE,TRUE,FALSE,FALSE,FALSE,0,0,0,0,0,0,0,0,0,0,0,0,0,0,0,0,0,2.036355019,0,0,0,0,0,6,2,0,0,279.0700073,115.2200089,768.210083,125.75,467.1400146,1,1,0,0,0,0,0,0,0,0,0,0,0,0,0,0,1,0,0,0,0,0,0,1,0,0,0,0,0,1,1,1,1,1,0,0,0,1,2,1,0,6,5,0,9,2,11,0,0,0,0,0,1,0,0,0,1,0,0,20,11,1,0,0,3.255154371,0,32.77160645,1755.390137,0,https://www.fifa.com/en/tournaments/mens/worldcup/canadamexicousa2026/statistics/player-statistics
441188,Kerem AKTURKOGLU,AKTÜRKOĞLU,Forward,FW,21/10/1998,27,Younger,7,2,144,72,0,0,3,1,0.00%,15,9,60.00%,0,0,2,1.25,0.59,0.00x,TRUE,TRUE,FALSE,TRUE,TRUE,TRUE,TRUE,TRUE,FALSE,0,1,1,0,0,0,1,1,0,0,2,1,0,1,0,2,0,4.205668767,0,0,0,2,1,38,2,0,0,1597.73999,353.570015,5907.190186,854.9299622,6520.600098,6,16,10,0,0,0,0,0,0,0,0,0,0,0,0,0,1,0,0,0,0,0,0,0,0,0,0,0,0,1,0,0,1,0,0,0,0,0,45,27,8,57,12,2,66,5,71,0,0,0,0,10,18,2,5,15,3,20,0,147,73,0,2,0,11.2556963,0,32.39842606,15234.02979,0,https://www.fifa.com/en/tournaments/mens/worldcup/canadamexicousa2026/statistics/player-statistics
504990,Kerim ALAJBEGOVIC,ALAJBEGOVIĆ,Forward,FW,21/09/2007,18,Younger,19,4,312.5,78.1,1,0,4,1,25.00%,90,69,76.70%,4,1.15,6,1.73,0.14,7.25x,TRUE,TRUE,TRUE,TRUE,TRUE,TRUE,TRUE,TRUE,TRUE,0,2,1,0,0,1,1,1,0,0,1,0,1,3,1,27,1,6.345623374,17,0,7,16,1,98,8,3,0,4145.56012,553.6600075,13582.41968,1458.700035,13250.6394,73,116,9,3,0,0,0,0,0,0,0,0,1,0,0,0,55,4,5,11,5,2,2,31,13,10,5,6,3,31,16,11,19,47,3,0,2,27,241,124,14,33,63,19,27,88,115,1,0,0,0,50,50,2,4,73,45,77,0,365,130,1,2,12,1.913286611,1,31.8549366,32990.97949,0,https://www.fifa.com/en/tournaments/mens/worldcup/canadamexicousa2026/statistics/player-statistics
448310,Kevin RODRIGUEZ,RODRIGUEZ,Forward,FW,4/03/2000,26,Younger,11,4,146.1,36.5,0,1,6,1,0.00%,27,23,85.20%,3,1.85,1,0.62,0.68,0.00x,TRUE,TRUE,FALSE,TRUE,TRUE,TRUE,TRUE,TRUE,FALSE,0,1,1,2,1,0,0,2,0,0,6,1,4,0,0,4,0,6.302146077,3,0,0,1,0,26,6,0,0,2383.299896,378.8499832,5477.860107,1004.319977,5893.430115,19,32,2,0,0,0,0,0,0,0,0,0,0,2,0,0,6,0,0,0,0,0,0,5,3,2,1,2,1,3,3,2,2,6,0,0,1,5,79,43,14,33,15,1,38,11,49,0,0,0,0,13,35,3,20,15,8,35,0,187,89,4,0,1,15.19070387,0,33.36056137,15137.75952,0,https://www.fifa.com/en/tournaments/mens/worldcup/canadamexicousa2026/statistics/player-statistics
419300,KHALID ALGHANNAM,KHALID,Forward,FW,8/11/2000,25,Younger,17,1,8.5,8.5,0,0,0,0,,0,0,,0,0,0,0,0,,TRUE,FALSE,FALSE,FALSE,TRUE,TRUE,FALSE,FALSE,FALSE,0,0,0,0,0,0,0,0,0,0,0,0,0,0,0,0,0,1.854157766,0,0,0,0,0,6,0,0,0,116.5899887,0,420.269989,36.61999893,216.8099976,0,0,0,0,0,0,0,0,0,0,0,0,0,0,0,0,0,0,0,0,0,0,0,0,0,0,0,0,0,0,0,0,0,0,0,0,0,0,0,0,0,0,0,0,0,0,0,0,0,0,0,0,0,0,0,0,0,0,0,10,4,1,0,0,0.212110534,0,23.40555,790.289917,0,https://www.fifa.com/en/tournaments/mens/worldcup/canadamexicousa2026/statistics/player-statistics
403293,Koki OGAWA,OGAWA,Forward,FW,8/08/1997,28,Older,19,3,56.6,18.9,0,1,3,0,0.00%,3,3,100.00%,1,1.59,0,0,0.22,0.00x,TRUE,TRUE,FALSE,FALSE,TRUE,TRUE,FALSE,FALSE,FALSE,0,0,0,1,2,0,0,0,0,0,3,0,1,0,0,0,0,4.724312663,0,0,0,0,0,18,0,0,0,883.3600159,78.03999901,2393.099945,338.8499985,2246.389954,2,4,3,0,0,0,0,0,0,0,0,0,0,2,0,0,0,0,0,0,0,0,0,0,0,0,0,0,0,0,0,0,0,0,0,0,0,0,12,6,3,12,10,2,22,2,24,0,0,0,0,3,5,1,0,4,2,4,0,78,29,3,0,0,9.698498249,0,28.05260658,5939.73996,0,https://www.fifa.com/en/tournaments/mens/worldcup/canadamexicousa2026/statistics/player-statistics
269592,Kosta BARBAROUSES,BARBAROUSES,Forward,FW,19/02/1990,36,Older,17,0,0,,0,0,0,0,,0,0,,0,,0,,0,,FALSE,FALSE,FALSE,FALSE,TRUE,TRUE,FALSE,FALSE,FALSE,0,0,0,0,0,0,0,0,0,0,0,0,0,0,0,0,0,0,0,0,0,0,0,0,0,0,0,0,0,0,0,0,0,0,0,0,0,0,0,0,0,0,0,0,0,0,0,0,0,0,0,0,0,0,0,0,0,0,0,0,0,0,0,0,0,0,0,0,0,0,0,0,0,0,0,0,0,0,0,0,0,0,0,0,0,0,0,0,0,0,0,0,0,0,0,0,0,0,0,0,0,https://www.fifa.com/en/tournaments/mens/worldcup/canadamexicousa2026/statistics/player-statistics
389867,Kylian MBAPPE,MBAPPE,Forward,FW,20/12/1998,27,Younger,10,8,769.8,96.2,10,4,41,23,24.40%,232,201,86.60%,6,0.7,9,1.05,6.54,1.53x,TRUE,TRUE,TRUE,TRUE,TRUE,TRUE,TRUE,TRUE,TRUE,0,4,5,0,1,1,4,27,2,1,27,17,14,14,6,74,12,5.208929718,40,11,5,10,1,166,15,3,0,6312.500244,1960.599991,22441.07007,2811.740021,33200.65918,166,281,18,3,0,0,0,0,0,0,0,8,2,0,0,0,98,8,1,10,8,1,1,80,31,25,15,18,5,57,47,36,43,75,6,1,4,58,626,292,73,191,163,77,282,149,431,7,0,2,1,160,165,29,14,170,149,184,0,529,250,0,4,28,23.28016877,1,37.6148262,66726.56934,1,https://www.fifa.com/en/tournaments/mens/worldcup/canadamexicousa2026/statistics/player-statistics
484320,Lamine YAMAL,LAMINE YAMAL,Forward,FW,13/07/2007,18,Younger,19,8,697.6,87.2,1,0,27,12,3.70%,265,225,84.90%,14,1.81,9,1.16,2.44,0.41x,TRUE,TRUE,TRUE,TRUE,TRUE,TRUE,TRUE,TRUE,TRUE,0,4,4,0,1,4,6,12,0,0,13,5,11,14,7,86,3,5.601423085,44,3,15,40,8,147,27,4,0,6168.25,1540.010023,22384.97949,3090.229988,31035.89038,208,328,22,4,0,0,0,0,0,0,0,1,0,0,0,0,96,8,0,8,5,0,0,64,36,26,16,22,6,52,33,23,38,70,5,0,5,51,740,352,56,119,164,34,119,198,317,7,0,0,0,139,224,33,19,169,200,188,0,559,262,1,3,35,7.801290095,1,32.91780472,64219.35864,0,https://www.fifa.com/en/tournaments/mens/worldcup/canadamexicousa2026/statistics/player-statistics
402920,Lautaro MARTINEZ,L. MARTINEZ,Forward,FW,22/08/1997,28,Older,22,7,368.9,52.7,3,1,10,4,30.00%,71,60,84.50%,8,1.95,5,1.22,2.17,1.38x,TRUE,TRUE,TRUE,TRUE,TRUE,TRUE,TRUE,TRUE,TRUE,0,2,0,0,5,0,1,2,1,1,9,4,4,1,0,6,0,5.317851841,1,0,0,2,1,181,19,0,0,4371.180115,716.3900032,16530.05945,1885.120026,14218.18005,33,55,26,0,0,0,0,0,0,0,0,3,0,2,0,0,4,0,0,1,0,0,1,2,2,1,1,2,0,1,1,1,1,2,0,0,0,1,185,99,17,95,70,13,131,47,178,2,0,1,1,39,58,4,13,47,35,60,0,369,151,3,4,1,31.35360312,0,31.53190041,37720.93005,1,https://www.fifa.com/en/tournaments/mens/worldcup/canadamexicousa2026/statistics/player-statistics
484045,Lawrence SHANKLAND,SHANKLAND,Forward,FW,10/08/1995,30,Older,20,2,183.8,91.9,0,0,4,0,0.00%,34,20,58.80%,5,2.45,3,1.47,0.35,0.00x,TRUE,TRUE,FALSE,TRUE,TRUE,TRUE,TRUE,TRUE,FALSE,0,1,0,1,2,0,0,1,0,0,4,0,2,0,0,0,0,4.589297613,0,0,0,0,0,61,9,0,0,3047.950073,234.909996,9508.819824,927.3400269,7332.480957,14,29,4,0,0,0,0,0,0,0,0,0,0,2,0,0,5,0,0,0,0,0,0,0,2,0,0,2,0,3,0,0,3,3,0,0,0,0,83,45,8,46,45,6,80,17,97,1,0,0,0,20,29,1,11,19,14,30,0,258,70,0,2,0,4.619541645,0,29.22607231,21051.49902,0,https://www.fifa.com/en/tournaments/mens/worldcup/canadamexicousa2026/statistics/player-statistics
448355,Leandro TROSSARD,TROSSARD,Forward,FW,4/12/1994,31,Older,10,6,561.8,93.6,2,2,17,4,11.80%,199,171,85.90%,4,0.64,8,1.28,1.67,1.20x,TRUE,TRUE,TRUE,TRUE,TRUE,TRUE,TRUE,TRUE,TRUE,0,8,2,0,0,0,5,10,0,0,10,2,3,7,2,17,4,6.768001,14,3,0,11,5,168,12,0,0,9557.859863,1164.830017,28334.71997,3519.040222,20572.30981,129,175,26,0,0,0,0,0,0,0,0,2,0,0,0,0,71,5,6,13,9,2,2,50,11,6,2,2,4,47,35,26,32,57,2,5,2,42,500,238,45,84,95,34,105,108,213,1,0,0,0,54,92,10,14,81,156,95,0,802,276,0,4,10,6.285376877,5,33.1709938,63148.75977,0,https://www.fifa.com/en/tournaments/mens/worldcup/canadamexicousa2026/statistics/player-statistics
485676,Lenny JOSEPH,JOSEPH,Forward,FW,12/10/2000,25,Younger,16,3,135,45,0,0,2,0,0.00%,20,13,65.00%,6,4,1,0.67,0.33,0.00x,TRUE,FALSE,FALSE,TRUE,TRUE,TRUE,TRUE,FALSE,FALSE,0,0,1,0,1,0,0,0,0,0,2,0,1,0,0,12,1,5.97202603,7,1,0,0,0,43,5,0,0,1365.340042,286.25,5025.689941,750.9800262,5494.270142,11,27,4,0,0,0,0,0,0,0,0,0,0,0,0,0,6,0,1,1,1,0,0,3,3,1,1,3,0,2,1,0,1,5,0,1,0,2,61,41,4,31,17,2,39,11,50,0,0,0,0,8,28,1,6,22,5,28,0,120,60,2,1,5,8.87065053,0,32.17963409,12922.53003,0,https://www.fifa.com/en/tournaments/mens/worldcup/canadamexicousa2026/statistics/player-statistics
229397,Lionel MESSI,MESSI,Forward,FW,24/06/1987,38,Older,10,8,853.2,106.7,8,4,35,19,22.90%,367,288,78.50%,3,0.32,20,2.11,6.18,1.29x,TRUE,TRUE,TRUE,TRUE,TRUE,TRUE,TRUE,TRUE,TRUE,0,5,3,0,1,10,3,15,2,1,16,10,11,19,9,61,5,4.533356249,40,4,38,46,18,194,23,30,0,5803.010071,490.829994,14066.86963,2724.279938,41334.38147,231,349,26,30,0,0,0,0,0,0,1,5,3,0,0,0,174,13,3,21,13,4,5,108,36,21,9,10,13,117,74,59,88,116,6,3,6,80,899,403,69,59,121,65,157,88,245,5,0,2,0,130,151,5,28,163,249,191,0,527,204,1,1,25,11.43931001,1,30.76586914,64419.37061,0,https://www.fifa.com/en/tournaments/mens/worldcup/canadamexicousa2026/statistics/player-statistics
390205,Logan ROGERSON,ROGERSON,Forward,FW,28/05/1998,28,Older,7,0,0,,0,0,0,0,,0,0,,0,,0,,0,,FALSE,FALSE,FALSE,FALSE,TRUE,TRUE,FALSE,FALSE,FALSE,0,0,0,0,0,0,0,0,0,0,0,0,0,0,0,0,0,0,0,0,0,0,0,0,0,0,0,0,0,0,0,0,0,0,0,0,0,0,0,0,0,0,0,0,0,0,0,0,0,0,0,0,0,0,0,0,0,0,0,0,0,0,0,0,0,0,0,0,0,0,0,0,0,0,0,0,0,0,0,0,0,0,0,0,0,0,0,0,0,0,0,0,0,0,0,0,0,0,0,0,0,https://www.fifa.com/en/tournaments/mens/worldcup/canadamexicousa2026/statistics/player-statistics
481027,Louicius DEEDSON,LOUICIUS,Forward,FW,11/02/2001,25,Younger,11,3,129.9,43.3,0,0,2,0,0.00%,15,13,86.70%,3,2.08,1,0.69,0.05,0.00x,TRUE,FALSE,FALSE,TRUE,TRUE,TRUE,TRUE,FALSE,FALSE,0,1,1,0,0,0,0,1,0,0,1,0,1,1,0,11,0,5.907766024,6,0,1,5,1,30,4,1,0,1775.080017,359.3699799,5024.97998,914.8900146,5202.369629,12,22,3,1,0,0,0,0,0,0,0,0,0,0,0,0,15,2,0,2,1,0,0,9,5,3,0,1,2,8,5,2,4,10,1,0,2,9,54,32,5,21,16,4,15,26,41,1,0,0,0,15,14,0,3,11,14,14,0,145,67,2,1,5,2.89530611,1,32.0303421,13276.68994,0,https://www.fifa.com/en/tournaments/mens/worldcup/canadamexicousa2026/statistics/player-statistics
428886,Luis DIAZ,LUIS DIAZ,Forward,FW,13/01/1997,29,Older,7,5,525.3,105.1,1,1,19,7,5.30%,166,145,87.30%,7,1.2,9,1.54,1.47,0.68x,TRUE,TRUE,TRUE,TRUE,TRUE,TRUE,TRUE,TRUE,TRUE,0,3,2,0,1,0,3,13,0,0,15,6,7,4,1,20,10,6.045196533,11,10,3,6,1,103,11,0,0,6153.369995,1484.279938,20035.69019,2893.009979,22428.45044,92,147,29,0,0,0,0,0,0,0,0,1,0,0,0,0,38,1,1,2,2,0,0,28,14,7,3,10,3,22,19,14,17,28,1,1,3,20,415,184,43,148,121,26,130,165,295,9,0,0,0,100,116,11,12,92,110,104,0,510,248,0,2,7,7.863509536,9,35.12513351,52994.7998,0,https://www.fifa.com/en/tournaments/mens/worldcup/canadamexicousa2026/statistics/player-statistics
428905,Luis SUAREZ,SUAREZ,Forward,FW,2/12/1997,28,Older,25,5,365.9,73.2,0,1,9,0,0.00%,53,39,73.60%,7,1.72,8,1.97,0.96,0.00x,TRUE,TRUE,TRUE,TRUE,TRUE,TRUE,TRUE,TRUE,TRUE,0,4,0,0,3,0,2,3,0,1,7,0,4,2,0,6,0,5.344295311,3,0,0,3,1,106,15,0,0,3107.880127,1169.040024,10131.71954,1684.890015,16625.07031,29,54,13,0,0,0,0,0,0,0,0,0,0,2,0,0,11,2,0,2,1,0,0,6,2,1,0,0,0,7,4,3,5,10,1,0,0,6,148,79,17,81,108,2,167,24,191,1,0,0,0,38,59,5,13,39,23,52,0,267,155,2,3,2,17.8248508,0,35.05101395,32718.60083,1,https://www.fifa.com/en/tournaments/mens/worldcup/canadamexicousa2026/statistics/player-statistics
448420,LUIZ HENRIQUE,L. HENRIQUE,Forward,FW,2/01/2001,25,Younger,21,1,38.9,38.9,0,0,0,0,,12,12,100.00%,0,0,1,2.31,0,,TRUE,FALSE,FALSE,FALSE,TRUE,TRUE,FALSE,FALSE,FALSE,0,0,0,0,0,0,0,0,0,0,0,0,0,0,0,0,0,1.200572968,0,0,0,0,0,10,3,1,0,608.8800049,116.7099991,1368.900024,345.4200134,1456.949951,8,8,2,1,0,0,0,0,0,0,0,0,0,0,0,0,9,1,0,2,2,1,1,9,3,3,1,1,1,4,4,2,2,6,1,0,1,6,27,14,2,0,3,0,0,3,3,0,0,0,0,3,3,0,1,5,6,6,0,60,26,1,0,0,0.320165485,0,29.01681519,3896.860107,0,https://www.fifa.com/en/tournaments/mens/worldcup/canadamexicousa2026/statistics/player-statistics
419211,Lyle FOSTER,FOSTER,Forward,FW,3/09/2000,25,Younger,9,1,59.9,59.9,0,0,1,0,0.00%,5,1,20.00%,0,0,1,1.5,0.07,0.00x,TRUE,FALSE,FALSE,FALSE,TRUE,TRUE,FALSE,FALSE,FALSE,0,0,0,0,0,0,0,1,0,0,1,0,1,0,0,1,0,1.493385315,0,0,0,0,0,25,1,0,0,643.4099731,88.36000061,2225.550293,263.1399841,2748.040039,1,7,1,0,0,0,0,0,0,0,0,0,0,1,0,0,1,0,0,0,0,0,0,0,1,0,0,1,0,0,0,0,0,1,0,0,0,0,15,9,1,10,8,2,12,8,20,0,0,0,0,4,6,0,3,4,2,7,0,66,16,0,1,0,1.984041095,0,31.23765182,5968.5,0,https://www.fifa.com/en/tournaments/mens/worldcup/canadamexicousa2026/statistics/player-statistics
430098,Lyndon DYKES,DYKES,Forward,FW,7/10/1995,30,Older,9,2,49.2,24.6,0,0,1,0,0.00%,11,7,63.60%,2,3.66,0,0,0.15,0.00x,TRUE,FALSE,FALSE,FALSE,TRUE,TRUE,FALSE,FALSE,FALSE,0,0,0,1,0,0,0,0,0,0,1,0,1,0,0,1,0,4.825301647,0,0,0,1,0,22,3,0,0,1006.829987,120.4300003,2434.390015,551.8000031,1785.960022,5,11,3,0,0,0,0,0,0,0,0,0,0,1,0,0,6,1,0,1,0,0,0,1,4,1,1,3,0,1,0,0,0,3,0,0,0,1,27,14,2,11,16,0,24,3,27,0,0,0,0,2,13,0,6,5,3,11,0,78,34,2,0,0,3.705111504,0,28.17955399,5899.410156,0,https://www.fifa.com/en/tournaments/mens/worldcup/canadamexicousa2026/statistics/player-statistics
396950,MAHMOUD ALMARDI,ALMARDI,Forward,FW,6/10/1993,32,Older,13,3,152.9,51,0,0,1,1,0.00%,39,32,82.10%,4,2.35,2,1.18,0.02,0.00x,TRUE,FALSE,FALSE,TRUE,TRUE,TRUE,TRUE,FALSE,FALSE,0,0,0,0,0,0,0,1,0,0,1,1,0,0,0,7,0,7.384884357,3,0,1,7,1,90,16,4,0,3736.160339,176.7599983,8422.039795,1188.76001,5337.710083,27,40,6,4,0,0,0,0,0,0,0,0,0,0,0,0,21,3,1,4,4,0,0,16,5,3,0,2,0,12,9,5,8,13,3,1,0,10,105,55,3,28,48,4,49,31,80,0,0,0,0,26,17,4,5,32,15,37,0,328,87,2,1,3,1.662255853,1,30.09258461,18861.42969,0,https://www.fifa.com/en/tournaments/mens/worldcup/canadamexicousa2026/statistics/player-statistics
482931,Marco PASALIC,M. PAŠALIĆ,Forward,FW,14/09/2000,25,Younger,24,3,115,38.3,0,0,3,2,0.00%,37,23,62.20%,0,0,2,1.57,0.52,0.00x,TRUE,TRUE,FALSE,TRUE,TRUE,TRUE,TRUE,TRUE,FALSE,0,0,0,0,0,0,0,2,0,1,3,2,1,0,0,12,2,5.436052442,10,1,1,12,1,40,7,0,0,1748.649994,472.5600319,5442.350037,1088.390038,4206.510071,27,52,5,0,0,0,0,0,0,0,0,0,0,0,0,0,22,2,1,4,1,0,1,14,9,8,5,5,2,9,5,2,4,17,1,0,2,11,115,55,6,21,17,4,9,33,42,2,0,0,0,18,33,6,2,30,25,32,0,142,82,2,1,8,3.634459853,1,33.33578491,12958.45984,0,https://www.fifa.com/en/tournaments/mens/worldcup/canadamexicousa2026/statistics/player-statistics
401470,Marcus RASHFORD,RASHFORD,Forward,FW,31/10/1997,28,Older,11,6,258.8,43.1,1,1,12,5,8.30%,104,92,88.50%,5,1.74,1,0.35,1.03,0.97x,TRUE,TRUE,TRUE,TRUE,TRUE,TRUE,TRUE,TRUE,TRUE,0,1,3,0,3,1,1,4,0,0,9,3,7,3,2,17,1,5.178852797,10,1,0,19,2,60,3,2,0,3247.229919,1301.250034,12068.09988,1703.690025,10469.96982,74,118,2,2,0,0,0,0,0,0,0,1,0,2,0,0,51,4,1,5,4,0,0,34,19,15,9,12,3,27,15,9,19,41,4,0,2,26,284,123,21,85,48,17,50,100,150,1,0,0,0,62,71,15,4,66,75,70,0,285,147,3,2,7,6.511933744,3,35.17277908,28790.24036,0,https://www.fifa.com/en/tournaments/mens/worldcup/canadamexicousa2026/statistics/player-statistics
403109,Marcus THURAM,THURAM,Forward,FW,6/08/1997,28,Older,9,1,2.2,2.2,0,0,0,0,,0,0,,0,0,0,0,0,,TRUE,FALSE,FALSE,FALSE,TRUE,TRUE,FALSE,FALSE,FALSE,0,0,0,0,0,0,0,0,0,0,0,0,0,0,0,0,0,1.035215378,0,0,0,0,0,0,0,0,0,73.99000549,0,113.1100006,20.98999977,87.70999908,0,0,0,0,0,0,0,0,0,0,0,0,0,0,0,0,0,0,0,0,0,0,0,0,0,0,0,0,0,0,0,0,0,0,0,0,0,0,0,0,0,3,0,0,3,0,3,0,0,0,0,0,0,0,0,0,0,0,0,5,2,1,0,0,7.892109394,0,22.11260414,295.7999878,0,https://www.fifa.com/en/tournaments/mens/worldcup/canadamexicousa2026/statistics/player-statistics
299200,Marko ARNAUTOVIC,ARNAUTOVIC,Forward,FW,19/04/1989,37,Older,7,4,173.9,43.5,2,0,3,3,66.70%,32,25,78.10%,3,1.55,1,0.52,1.31,1.53x,TRUE,TRUE,FALSE,TRUE,TRUE,TRUE,TRUE,TRUE,FALSE,0,0,0,0,0,0,1,1,1,0,3,3,0,0,0,1,0,5.43582654,1,0,0,1,0,35,1,0,0,1758.389923,196.999999,6100.889893,689.1400299,7017.459839,17,28,5,0,0,0,0,0,0,0,0,2,0,0,0,0,1,0,0,0,0,0,0,1,0,0,0,0,0,1,1,1,1,1,0,0,0,1,75,40,4,17,8,0,19,6,25,5,0,1,1,4,25,5,5,25,3,30,0,156,57,3,1,0,13.58897567,0,31.80858803,15762.87939,1,https://www.fifa.com/en/tournaments/mens/worldcup/canadamexicousa2026/statistics/player-statistics
484262,MARKO FARJI,MARKO,Forward,FW,16/03/2004,22,Younger,21,2,62.8,31.4,0,0,0,0,,11,7,63.60%,0,0,2,2.87,0,,TRUE,FALSE,FALSE,FALSE,TRUE,TRUE,FALSE,FALSE,FALSE,0,0,0,0,0,0,0,0,0,0,0,0,0,0,0,6,0,4.545251369,1,0,0,2,1,34,2,0,0,1047.019989,110.5599976,2954.780029,349.2599945,2513.850037,8,18,2,0,0,0,0,0,0,0,0,0,0,0,0,0,5,0,1,2,0,0,1,1,1,1,1,1,0,2,0,0,1,5,0,0,0,1,36,20,2,19,19,2,9,31,40,0,0,0,0,8,5,2,2,15,2,17,0,96,30,2,0,1,0.710896343,0,31.87550545,6975.470215,0,https://www.fifa.com/en/tournaments/mens/worldcup/canadamexicousa2026/statistics/player-statistics
430609,MATHEUS CUNHA,CUNHA,Forward,FW,27/05/1999,27,Younger,9,5,324.1,64.8,3,0,10,4,30.00%,90,78,86.70%,1,0.28,3,0.83,1.21,2.49x,TRUE,TRUE,TRUE,TRUE,TRUE,TRUE,TRUE,TRUE,TRUE,0,1,1,0,1,0,2,6,0,0,5,3,4,5,1,14,0,6.203185749,6,0,3,5,0,133,16,1,0,4902.770081,545.8000183,12030.87036,1526.619965,14485.73071,60,90,9,1,0,0,0,0,0,0,0,3,0,1,0,0,36,4,1,5,3,0,0,21,11,4,1,6,1,20,14,10,14,27,2,1,1,14,223,103,17,53,92,39,146,38,184,1,0,0,0,55,46,2,10,61,43,71,0,417,134,1,4,3,6.455537438,2,31.94343567,33491.79004,0,https://www.fifa.com/en/tournaments/mens/worldcup/canadamexicousa2026/statistics/player-statistics
321697,Mathew LECKIE,LECKIE,Forward,FW,4/02/1991,35,Older,7,1,67.5,67.5,0,0,1,0,0.00%,10,7,70.00%,1,1.33,1,1.33,0.1,0.00x,TRUE,FALSE,FALSE,FALSE,TRUE,TRUE,FALSE,FALSE,FALSE,0,0,0,0,0,0,1,0,0,0,1,0,1,0,0,1,0,1.637905121,0,0,0,1,0,30,4,0,0,1080.359985,136.3400116,3748.300293,354.3100281,2039.160034,6,9,2,0,0,0,0,0,0,0,0,0,0,0,0,0,4,0,1,1,0,0,0,2,0,0,0,0,0,3,2,2,2,3,0,0,0,1,33,19,1,3,3,1,6,1,7,0,0,0,0,2,9,1,6,8,6,14,0,100,31,0,1,0,0.446702838,0,32.4117012,7358.470703,0,https://www.fifa.com/en/tournaments/mens/worldcup/canadamexicousa2026/statistics/player-statistics
494025,Matias FERNANDEZ-PARDO,FERNANDEZ-PARDO,Forward,FW,3/02/2005,21,Younger,26,3,57.8,19.3,0,0,3,0,0.00%,15,13,86.70%,0,0,0,0,0.25,0.00x,TRUE,TRUE,FALSE,FALSE,TRUE,TRUE,FALSE,FALSE,FALSE,0,1,1,0,0,0,0,2,0,0,2,0,2,1,0,4,0,3.908092499,4,0,0,3,0,25,4,0,0,1000.779984,444.0300064,2519.779968,603.6000137,2534.489868,14,20,2,0,0,0,0,0,0,0,0,0,0,0,0,0,3,0,0,0,0,0,0,2,3,2,2,3,0,0,0,0,0,1,0,0,0,0,43,20,7,15,5,1,8,13,21,0,0,0,0,8,18,2,2,7,13,9,0,83,52,3,0,4,5.103072226,0,34.82068634,7102.679932,0,https://www.fifa.com/en/tournaments/mens/worldcup/canadamexicousa2026/statistics/player-statistics
484850,Maximilian BEIER,BEIER,Forward,FW,17/10/2002,23,Younger,14,1,33.1,33.1,0,0,0,0,,13,6,46.20%,1,2.72,1,2.72,0,,TRUE,FALSE,FALSE,FALSE,TRUE,TRUE,FALSE,FALSE,FALSE,0,0,0,0,0,0,0,0,0,0,0,0,0,0,0,1,0,1.621240139,0,0,0,0,0,9,1,0,0,521.4699707,177.9299927,1611.410034,203.3900146,1059.719971,5,9,1,0,0,0,0,0,0,0,0,0,0,0,0,0,8,0,2,2,0,0,0,2,1,0,0,1,0,5,2,2,3,4,0,0,0,1,26,16,0,4,8,0,1,11,12,0,0,0,0,5,7,0,4,3,6,7,0,46,16,1,0,0,1.640553117,4,32.69520187,3573.919922,0,https://www.fifa.com/en/tournaments/mens/worldcup/canadamexicousa2026/statistics/player-statistics
403236,Mehdi GHAYEDI,MEHDI GHAYEDI,Forward,FW,5/12/1998,27,Younger,10,1,50.2,50.2,0,0,1,0,0.00%,9,6,66.70%,2,3.58,1,1.79,0.05,0.00x,TRUE,FALSE,FALSE,FALSE,TRUE,TRUE,FALSE,FALSE,FALSE,0,1,0,0,0,0,0,1,0,0,0,0,0,1,0,1,0,1.864268621,0,0,1,3,1,13,2,0,0,624.5300293,159.4199982,1649.589966,287.7900085,1961.900024,5,11,3,0,0,0,0,0,0,0,0,0,0,0,0,0,2,0,0,0,0,0,0,2,1,1,1,1,0,1,1,1,1,2,0,0,0,2,29,17,5,3,3,0,4,2,6,0,0,0,0,2,7,5,1,10,4,11,0,50,24,1,0,0,0.974577487,0,30.20575142,4683.22998,0,https://www.fifa.com/en/tournaments/mens/worldcup/canadamexicousa2026/statistics/player-statistics
388475,Mehdi TAREMI,TAREMI,Forward,FW,18/07/1992,33,Older,9,3,293.8,97.9,0,0,5,2,0.00%,71,58,81.70%,3,0.92,5,1.53,1.34,0.00x,TRUE,TRUE,TRUE,TRUE,TRUE,TRUE,TRUE,TRUE,TRUE,0,1,0,0,1,0,0,3,1,0,4,2,2,1,0,11,0,6.229473432,4,0,0,2,0,100,7,0,0,3893.350098,774.3900146,12374.65039,1935.75,11427.2002,51,78,17,0,0,0,0,0,0,0,0,0,0,1,0,0,12,1,0,2,1,1,1,4,4,1,1,3,0,6,2,2,5,12,0,0,0,4,185,93,11,53,29,12,63,31,94,2,0,1,0,26,55,3,13,56,29,69,0,345,156,0,1,3,4.506830931,0,34.04976654,30405.33984,0,https://www.fifa.com/en/tournaments/mens/worldcup/canadamexicousa2026/statistics/player-statistics
336098,Memphis DEPAY,MEMPHIS,Forward,FW,13/02/1994,32,Older,10,3,68.4,22.8,0,1,0,0,,17,15,88.20%,1,1.32,1,1.32,0,,TRUE,FALSE,FALSE,FALSE,TRUE,TRUE,FALSE,FALSE,FALSE,0,0,0,0,0,0,0,0,0,0,0,0,0,0,0,1,1,5.391097903,0,1,1,1,1,31,2,0,0,1450.460022,157.2599945,3373.199951,631.090004,2572.400085,12,15,0,0,0,0,0,0,0,0,0,0,0,0,0,0,3,0,0,0,0,0,0,3,2,2,1,1,1,1,1,0,0,2,0,0,1,2,39,21,3,19,14,2,31,4,35,0,0,0,0,12,17,0,3,15,3,18,0,137,50,3,0,0,8.028226376,0,31.33581924,8184.410156,1,https://www.fifa.com/en/tournaments/mens/worldcup/canadamexicousa2026/statistics/player-statistics
426506,Meschack ELIA,MESCHACK,Forward,FW,6/08/1997,28,Older,13,2,59.7,29.8,0,1,2,2,0.00%,14,13,92.90%,2,3.02,0,0,0.05,0.00x,TRUE,FALSE,FALSE,FALSE,TRUE,TRUE,FALSE,FALSE,FALSE,0,0,0,0,0,0,1,1,0,0,0,0,0,2,2,5,0,3.311635971,2,0,0,2,0,25,3,0,0,872.210022,302.8100052,2637.970093,440.5799866,2277.210083,9,19,1,0,0,0,0,0,0,0,0,0,0,0,0,0,10,2,0,2,2,0,0,7,5,3,1,3,0,3,2,0,1,10,2,0,0,7,41,20,6,6,8,0,3,11,14,0,0,0,0,6,12,3,0,9,14,9,0,86,41,2,0,0,1.862415135,0,34.30286789,6530.780029,0,https://www.fifa.com/en/tournaments/mens/worldcup/canadamexicousa2026/statistics/player-statistics
401131,Michael Gregoritsch,GREGORITSCH,Forward,FW,18/04/1994,32,Older,11,3,207,69,0,1,1,0,0.00%,29,20,69.00%,1,0.43,1,0.43,0.18,0.00x,TRUE,FALSE,FALSE,TRUE,TRUE,TRUE,TRUE,FALSE,FALSE,0,0,0,0,1,0,0,0,0,0,1,0,1,0,0,0,0,4.447483659,0,0,0,0,0,110,3,0,0,2423.130005,216.3700027,8614.380371,1065.720001,7812.480225,14,24,9,0,0,0,0,0,0,0,0,0,0,1,0,0,7,1,0,1,0,0,0,2,2,0,0,1,0,4,2,2,3,7,0,0,0,2,62,30,4,23,12,0,25,10,35,2,0,0,0,5,21,1,5,20,4,25,0,213,86,1,2,0,6.32554245,0,30.09558296,20132.08008,0,https://www.fifa.com/en/tournaments/mens/worldcup/canadamexicousa2026/statistics/player-statistics
485655,Michael OLISE,OLISE,Forward,FW,12/12/2001,24,Younger,11,8,720,90,0,7,20,5,0.00%,417,362,86.80%,5,0.63,16,2,2.34,0.00x,TRUE,TRUE,TRUE,TRUE,TRUE,TRUE,TRUE,TRUE,TRUE,0,5,2,0,2,0,3,13,0,0,10,2,10,10,3,47,3,7.074130893,29,3,25,20,5,289,32,15,0,12546.74988,2236.890007,37367.96875,5484.98999,26862.97998,278,361,50,15,0,0,0,0,0,0,0,0,0,0,0,0,162,8,4,22,17,10,10,121,28,21,10,11,9,112,83,69,91,108,4,3,7,85,952,416,69,75,199,91,234,131,365,0,0,0,0,149,140,9,17,211,244,228,0,1054,388,0,4,17,8.259577334,4,34.65202713,84499.57715,1,https://www.fifa.com/en/tournaments/mens/worldcup/canadamexicousa2026/statistics/player-statistics
430751,Mikel OYARZABAL,OYARZABAL,Forward,FW,21/04/1997,29,Older,21,8,664.9,83.1,5,1,23,12,21.70%,149,124,83.20%,4,0.54,5,0.68,4.33,1.15x,TRUE,TRUE,TRUE,TRUE,TRUE,TRUE,TRUE,TRUE,TRUE,0,1,4,2,4,0,2,9,1,1,16,8,9,7,4,8,2,5.930540442,7,1,0,8,1,272,16,1,0,8665.599915,1496.810036,24401.58972,4172.75,26814.48096,85,137,58,1,0,0,0,0,0,0,0,5,0,5,0,0,26,1,0,1,1,0,0,21,4,1,0,3,0,21,19,18,20,25,1,0,0,20,392,192,33,148,129,14,236,55,291,1,0,1,1,79,125,13,24,108,66,132,0,745,319,0,6,2,29.94395864,1,32.20309448,65551.22998,0,https://www.fifa.com/en/tournaments/mens/worldcup/canadamexicousa2026/statistics/player-statistics
477790,Mohamed AMOURA,AMOURA,Forward,FW,9/05/2000,26,Younger,18,1,31.8,31.8,0,0,0,0,,8,7,87.50%,1,2.83,0,0,0,,TRUE,FALSE,FALSE,FALSE,TRUE,TRUE,FALSE,FALSE,FALSE,0,0,0,0,0,0,0,0,0,0,0,0,0,0,0,0,0,1.744659781,0,0,0,0,0,32,1,0,0,668.7000122,98.48000336,1813.420044,298.0799866,920.8400879,4,5,2,0,0,0,0,0,0,0,0,0,0,0,0,0,0,0,0,0,0,0,0,0,0,0,0,0,0,0,0,0,0,0,0,0,0,0,16,9,1,8,17,2,24,3,27,0,0,0,0,5,5,0,0,5,2,5,0,57,24,1,0,0,4.528765678,1,29.0056057,3799.52002,0,https://www.fifa.com/en/tournaments/mens/worldcup/canadamexicousa2026/statistics/player-statistics
498458,MOHAMED MANAI,MANAI,Forward,FW,25/10/2002,23,Younger,26,3,91.5,30.5,0,0,0,0,,15,7,46.70%,3,2.95,0,0,0,,TRUE,FALSE,FALSE,TRUE,TRUE,TRUE,TRUE,FALSE,FALSE,0,0,0,0,0,0,0,0,0,0,0,0,0,0,0,1,0,6.987171809,1,0,0,0,0,52,3,0,0,1835.090057,159.2199993,4168.500122,648.0199509,3355.530151,4,9,2,0,0,0,0,0,0,0,0,0,0,0,0,0,11,1,2,4,2,0,1,5,3,1,0,2,0,4,2,0,1,6,1,1,0,3,34,18,1,2,8,6,9,7,16,0,1,0,0,4,5,0,1,7,9,8,0,153,43,3,0,1,1.383088216,1,30.20553589,10166.36011,0,https://www.fifa.com/en/tournaments/mens/worldcup/canadamexicousa2026/statistics/player-statistics
344654,MOHAMED SALAH,M. SALAH,Forward,FW,15/06/1992,33,Older,10,5,469.1,93.8,1,2,9,4,11.10%,136,112,82.40%,5,0.96,13,2.49,0.95,1.05x,TRUE,TRUE,TRUE,TRUE,TRUE,TRUE,TRUE,TRUE,TRUE,0,0,0,0,2,0,2,4,0,0,7,4,5,2,0,20,0,6.319469643,9,0,15,16,3,150,9,7,0,5571.990356,1014.730011,22244.91016,2463.110077,17867.29053,69,115,18,7,0,0,0,0,0,0,0,1,0,1,0,0,41,4,0,4,1,0,0,24,9,4,2,4,1,28,19,17,23,27,1,0,1,18,339,176,36,68,112,17,112,85,197,1,0,0,0,74,93,5,16,76,78,92,0,493,201,0,3,4,8.512283087,1,33.60222626,49162.0293,0,https://www.fifa.com/en/tournaments/mens/worldcup/canadamexicousa2026/statistics/player-statistics
498806,Mohamed TOURE,TOURE,Forward,FW,26/03/2004,22,Younger,9,3,182.9,61,0,0,4,1,0.00%,16,12,75.00%,4,1.97,2,0.98,0.26,0.00x,TRUE,TRUE,FALSE,TRUE,TRUE,TRUE,TRUE,TRUE,FALSE,0,1,1,0,1,0,2,0,0,0,4,1,2,0,0,8,0,4.759974599,3,0,0,2,0,86,5,0,0,2478.109985,569.0800171,8418.329834,842.9199982,7199.59021,10,26,3,0,0,0,0,0,0,0,0,0,0,1,0,0,3,0,0,0,0,0,0,2,2,1,1,2,0,1,1,1,1,3,0,0,0,2,53,35,6,18,7,0,16,9,25,1,0,0,0,8,17,6,7,18,4,25,0,217,79,1,2,2,5.095058322,0,35.77244949,19508.02979,0,https://www.fifa.com/en/tournaments/mens/worldcup/canadamexicousa2026/statistics/player-statistics
431208,MOHAMMAD ABUZRAIQ,ABU ZRAIQ,Forward,FW,30/12/1997,28,Older,7,2,12.1,6.1,0,0,0,0,,5,4,80.00%,1,7.43,0,0,0,,TRUE,FALSE,FALSE,FALSE,TRUE,TRUE,FALSE,FALSE,FALSE,0,0,0,0,0,0,0,0,0,0,0,0,0,0,0,0,0,5.369405429,0,0,0,0,0,10,3,0,0,330.8600082,60.38999748,684.1699829,165.3999977,402.3399963,2,3,0,0,0,0,0,0,0,0,0,0,0,0,0,0,1,0,0,1,0,0,1,0,0,0,0,0,0,0,0,0,0,1,0,0,0,0,10,4,0,1,1,0,0,2,2,0,0,0,0,0,0,0,0,2,3,2,0,24,15,2,0,0,1.567523956,1,31.40174675,1643.159912,1,https://www.fifa.com/en/tournaments/mens/worldcup/canadamexicousa2026/statistics/player-statistics
385070,MOHAMMED MUNTARI,MUNTARI,Forward,FW,20/12/1993,32,Older,9,0,0,,0,0,0,0,,0,0,,0,,0,,0,,FALSE,FALSE,FALSE,FALSE,TRUE,TRUE,FALSE,FALSE,FALSE,0,0,0,0,0,0,0,0,0,0,0,0,0,0,0,0,0,0,0,0,0,0,0,0,0,0,0,0,0,0,0,0,0,0,0,0,0,0,0,0,0,0,0,0,0,0,0,0,0,0,0,0,0,0,0,0,0,0,0,0,0,0,0,0,0,0,0,0,0,0,0,0,0,0,0,0,0,0,0,0,0,0,0,0,0,0,0,0,0,0,0,0,0,0,0,0,0,0,0,0,0,https://www.fifa.com/en/tournaments/mens/worldcup/canadamexicousa2026/statistics/player-statistics
422968,MOHANAD ALI,MOHANAD,Forward,FW,20/06/2000,25,Younger,10,1,20,20,0,0,0,0,,2,1,50.00%,0,0,0,0,0,,TRUE,FALSE,FALSE,FALSE,TRUE,TRUE,FALSE,FALSE,FALSE,0,0,0,0,0,0,0,0,0,0,0,0,0,0,0,0,0,2.360175133,0,0,0,0,0,14,1,0,0,368.0599976,46.34000015,979.7000122,198.6399994,775.2199707,0,0,1,0,0,0,0,0,0,0,0,0,0,0,0,0,0,0,0,0,0,0,0,0,0,0,0,0,0,0,0,0,0,0,0,0,0,0,4,3,0,4,0,0,3,1,4,0,0,0,0,0,0,1,0,1,1,1,0,36,16,1,0,0,1.674313664,0,28.92793465,2367.959961,0,https://www.fifa.com/en/tournaments/mens/worldcup/canadamexicousa2026/statistics/player-statistics
484003,Mojmir CHYTIL,CHYTIL,Forward,FW,29/04/1999,27,Younger,13,1,12.5,12.5,0,0,0,0,,2,2,100.00%,1,7.2,0,0,0,,TRUE,FALSE,FALSE,FALSE,TRUE,TRUE,FALSE,FALSE,FALSE,0,0,0,0,0,0,0,0,0,0,0,0,0,0,0,0,0,2.597281456,0,0,0,0,0,4,1,0,0,191.3299866,62.70999527,719.4299927,118.1600037,535.6300049,2,2,1,0,0,0,0,0,0,0,0,0,0,0,0,0,1,0,0,0,0,0,0,1,1,1,1,1,0,0,0,0,0,1,0,0,0,1,4,2,2,2,0,0,1,1,2,0,0,0,0,1,2,0,0,2,0,2,0,17,8,1,0,0,2.318748236,0,29.74909782,1627.26001,0,https://www.fifa.com/en/tournaments/mens/worldcup/canadamexicousa2026/statistics/player-statistics
431211,MOUSA ALTAMARI,ALTAMARI,Forward,FW,10/06/1997,29,Older,10,3,230.2,76.7,1,1,8,3,12.50%,36,28,77.80%,2,0.78,3,1.17,1.13,0.89x,TRUE,TRUE,FALSE,TRUE,TRUE,TRUE,TRUE,TRUE,FALSE,0,2,1,0,2,0,0,3,0,1,4,1,2,4,2,12,0,6.069408099,6,0,0,1,1,82,7,1,0,2809.619995,1055.060013,8510.849976,1421.180023,9323.239746,26,47,10,1,0,0,0,0,0,0,0,1,0,0,0,0,11,1,0,1,1,0,0,8,4,3,2,3,0,6,4,3,5,11,1,0,0,8,102,55,10,47,25,9,50,31,81,1,0,0,0,23,33,6,8,37,10,45,0,243,120,1,2,3,3.863259733,0,34.58567429,23119.94873,0,https://www.fifa.com/en/tournaments/mens/worldcup/canadamexicousa2026/statistics/player-statistics
520071,Nadhir BENBOUALI,BENBOUALI,Forward,FW,17/04/2000,26,Younger,12,1,52.4,52.4,1,0,2,2,50.00%,8,6,75.00%,0,0,0,0,0.16,6.14x,TRUE,FALSE,FALSE,FALSE,TRUE,TRUE,FALSE,FALSE,FALSE,0,0,0,1,0,0,0,1,0,0,2,2,0,0,0,0,0,1.596432447,0,0,0,1,0,19,4,0,0,774.2199097,122.1800003,2260.409912,363.8900146,2065.389893,5,10,6,0,0,0,0,0,0,0,0,1,0,2,0,0,1,0,0,0,0,0,0,1,0,0,0,0,0,1,1,1,1,0,0,0,0,0,28,16,2,7,3,2,11,1,12,0,0,0,0,4,8,2,5,8,1,13,0,66,35,1,0,0,5.147247791,0,30.13421249,5586.089844,0,https://www.fifa.com/en/tournaments/mens/worldcup/canadamexicousa2026/statistics/player-statistics
486306,Nestory IRANKUNDA,IRANKUNDA,Forward,FW,9/02/2006,20,Younger,17,4,285.9,71.5,1,0,6,3,16.70%,44,32,72.70%,4,1.26,5,1.57,0.81,1.23x,TRUE,TRUE,FALSE,TRUE,TRUE,TRUE,TRUE,TRUE,FALSE,0,2,2,0,1,0,3,0,0,0,4,3,1,2,0,8,1,5.66310358,2,0,0,1,0,116,3,0,0,3133.450073,1169.549957,11031.71033,1427.050003,10517.23999,21,46,13,0,0,0,0,0,0,0,0,1,0,1,0,0,5,0,0,0,0,0,0,4,1,1,1,1,0,4,3,3,4,5,0,0,0,4,124,72,10,34,20,1,36,19,55,0,0,0,0,13,43,6,9,42,15,51,0,263,129,1,3,1,8.107731462,0,35.12529755,27278.99951,0,https://www.fifa.com/en/tournaments/mens/worldcup/canadamexicousa2026/statistics/player-statistics
314197,NEYMAR JR,NEYMAR JR,Forward,FW,5/02/1992,34,Older,10,2,55.4,27.7,1,0,3,2,33.30%,26,21,80.80%,1,1.62,1,1.62,0.82,1.22x,TRUE,TRUE,FALSE,FALSE,TRUE,TRUE,FALSE,FALSE,FALSE,0,0,1,0,0,0,1,0,1,0,3,2,0,0,0,5,0,2.592688656,3,0,5,7,1,39,7,1,0,868.2799988,39.79000092,2775.519897,251.1100006,1911.720032,13,23,0,1,0,0,0,0,0,0,0,1,0,0,0,0,17,1,0,1,0,0,0,10,2,0,0,0,1,14,10,10,12,9,0,0,0,8,72,37,7,2,21,9,19,13,32,0,0,1,1,15,11,1,0,8,26,8,0,71,18,2,0,1,4.466059566,0,27.31280327,5846.419922,1,https://www.fifa.com/en/tournaments/mens/worldcup/canadamexicousa2026/statistics/player-statistics
498416,Nick WOLTEMADE,WOLTEMADE,Forward,FW,14/02/2002,24,Younger,11,1,44.6,44.6,0,0,2,0,0.00%,1,1,100.00%,0,0,0,0,0.09,0.00x,TRUE,FALSE,FALSE,FALSE,TRUE,TRUE,FALSE,FALSE,FALSE,0,2,0,0,0,0,2,0,0,0,2,0,0,0,0,0,0,1.402781725,0,0,0,0,0,6,1,0,0,393.9599915,105.4700012,1643.149902,192.9700012,1863.530029,1,3,0,0,0,0,0,0,0,0,0,0,0,0,0,0,0,0,0,0,0,0,0,0,0,0,0,0,0,0,0,0,0,0,0,0,0,0,7,4,3,5,7,0,11,1,12,0,0,0,0,2,3,0,0,3,0,3,0,37,13,1,0,0,4.646743298,0,31.41736794,4199.080078,0,https://www.fifa.com/en/tournaments/mens/worldcup/canadamexicousa2026/statistics/player-statistics
441422,Nico PAZ,NICO PAZ,Forward,FW,8/09/2004,21,Younger,18,2,81.5,40.8,0,0,1,0,0.00%,56,54,96.40%,2,2.21,1,1.1,0.08,0.00x,TRUE,FALSE,TRUE,FALSE,TRUE,TRUE,FALSE,FALSE,FALSE,0,0,0,0,0,0,1,0,0,0,0,0,1,1,0,3,2,1.740001917,1,2,0,1,0,44,6,0,0,1312.819916,208.4199982,4134.119995,442.0199966,3092.090027,50,56,7,0,0,0,0,0,0,0,0,0,0,0,0,0,10,1,0,2,2,1,1,10,2,2,1,1,0,6,6,5,5,10,1,0,0,10,125,39,2,7,47,19,50,23,73,0,0,0,0,33,12,0,2,49,12,51,0,110,39,1,1,1,0.955551624,0,31.06811905,9189.469727,0,https://www.fifa.com/en/tournaments/mens/worldcup/canadamexicousa2026/statistics/player-statistics
447855,Nico WILLIAMS,WILLIAMS JR.,Forward,FW,12/07/2002,23,Younger,17,6,159.8,26.6,0,1,4,2,0.00%,50,45,90.00%,2,1.13,1,0.56,0.56,0.00x,TRUE,TRUE,TRUE,TRUE,TRUE,TRUE,TRUE,TRUE,TRUE,0,1,1,0,0,0,0,3,0,0,2,1,1,2,1,13,0,5.024745166,6,0,3,9,2,42,1,0,0,2108.300034,636.8600082,6357.910339,1222.720001,6317.959961,42,65,11,0,0,0,0,0,0,0,0,0,0,1,0,0,12,0,1,1,0,0,0,8,6,5,4,5,1,5,3,2,3,11,0,0,1,7,139,67,9,63,34,9,44,62,106,1,0,0,0,31,49,5,9,25,40,34,0,185,116,6,0,4,11.5701102,1,33.89324951,16643.75049,0,https://www.fifa.com/en/tournaments/mens/worldcup/canadamexicousa2026/statistics/player-statistics
418795,Nicolas JACKSON,N. JACKSON,Forward,FW,20/06/2001,24,Younger,11,4,271.6,67.9,0,1,7,3,0.00%,45,36,80.00%,2,0.66,0,0,0.56,0.00x,TRUE,TRUE,FALSE,TRUE,TRUE,TRUE,TRUE,TRUE,FALSE,0,2,0,0,2,0,0,4,0,0,6,2,2,1,1,4,0,6.119541407,2,0,0,1,0,106,13,0,0,3458.06012,1051.319984,11611.7002,1704.240021,10308.13989,25,42,10,0,0,0,0,0,0,0,0,0,0,2,0,0,10,0,0,0,0,0,0,7,4,2,2,4,0,6,5,5,6,9,0,0,0,6,114,59,12,73,40,14,96,31,127,5,0,0,0,24,38,4,8,34,16,42,0,304,154,2,1,2,13.62845194,1,33.51836777,28133.45972,0,https://www.fifa.com/en/tournaments/mens/worldcup/canadamexicousa2026/statistics/player-statistics
402261,Nicolas PEPE,PEPE,Forward,FW,29/05/1995,31,Older,19,4,255.3,63.8,2,1,6,3,33.30%,109,93,85.30%,1,0.35,1,0.35,1.42,1.41x,TRUE,TRUE,TRUE,TRUE,TRUE,TRUE,TRUE,TRUE,TRUE,0,1,1,0,1,0,1,3,0,0,5,3,0,1,0,14,0,6.052033186,9,0,6,10,3,97,15,2,0,3364.689972,978.1600189,8848.670135,2036.290039,10010.10022,66,93,19,2,0,0,0,0,0,0,0,2,0,0,0,0,29,3,1,6,3,2,2,18,10,6,4,6,1,13,9,7,8,14,1,0,1,9,267,113,17,51,64,21,88,48,136,1,0,0,0,53,59,8,15,42,77,57,0,289,154,1,3,5,2.996892691,0,33.77352142,25237.91101,1,https://www.fifa.com/en/tournaments/mens/worldcup/canadamexicousa2026/statistics/player-statistics
448312,Nilson ANGULO,ANGULO,Forward,FW,19/06/2003,22,Younger,20,4,240.2,60,1,0,2,2,50.00%,78,63,80.80%,4,1.5,3,1.12,0.04,25.98x,TRUE,FALSE,TRUE,TRUE,TRUE,TRUE,TRUE,FALSE,TRUE,0,0,1,0,0,0,0,1,0,0,0,0,0,2,2,24,0,6.362580061,18,0,7,8,3,83,18,0,0,3541.190033,1029.370003,8879.369751,1600.479996,10096.83008,63,87,7,0,0,0,0,0,0,0,0,0,1,0,0,0,37,5,0,8,4,3,3,22,14,7,4,7,2,15,11,8,8,25,1,0,2,17,193,99,8,28,26,11,22,43,65,0,0,0,0,20,43,2,7,48,39,55,0,274,136,2,2,16,3.534329951,2,33.77939606,25147.24023,0,https://www.fifa.com/en/tournaments/mens/worldcup/canadamexicousa2026/statistics/player-statistics
491166,Nishan VELUPILLAY,VELUPILLAY,Forward,FW,7/05/2001,25,Younger,23,2,88.1,44.1,0,0,0,0,,12,6,50.00%,1,1.02,0,0,0,,TRUE,FALSE,FALSE,FALSE,TRUE,TRUE,FALSE,FALSE,FALSE,0,0,0,0,0,0,0,0,0,0,0,0,0,0,0,3,0,3.374863029,1,0,0,0,0,57,4,0,0,1575.900024,218.8199997,4338.609985,634.4700012,3062.330078,4,10,1,0,0,0,0,0,0,0,0,0,0,0,0,0,5,0,0,1,0,0,1,0,0,0,0,0,0,4,0,0,4,3,0,0,0,0,35,22,1,5,6,1,8,4,12,0,0,0,0,3,6,0,1,9,7,10,0,140,53,1,1,1,1.074954093,0,31.06988144,9830.129883,0,https://www.fifa.com/en/tournaments/mens/worldcup/canadamexicousa2026/statistics/player-statistics
448153,Noa LANG,LANG,Forward,FW,17/06/1999,26,Younger,17,2,17.4,8.7,0,0,0,0,,13,11,84.60%,0,0,1,5.18,0,,TRUE,FALSE,FALSE,FALSE,TRUE,TRUE,FALSE,FALSE,FALSE,0,0,0,0,0,0,0,0,0,0,0,0,0,0,0,1,0,3.648735046,1,0,0,1,0,6,1,1,0,368.6300125,46.09999943,886.4599915,189.0499954,631.9499969,7,10,2,1,0,0,0,0,0,0,0,0,0,0,0,0,3,0,0,0,0,0,0,2,2,2,2,2,0,1,0,0,1,3,0,0,0,2,26,9,1,1,5,2,1,7,8,0,0,0,0,7,5,0,0,2,10,2,0,35,12,2,0,1,2.285647094,1,28.6643734,2122.189941,0,https://www.fifa.com/en/tournaments/mens/worldcup/canadamexicousa2026/statistics/player-statistics
448127,Noah OKAFOR,OKAFOR,Forward,FW,24/05/2000,26,Younger,19,1,25.8,25.8,0,0,1,0,0.00%,9,7,77.80%,0,0,0,0,0.18,0.00x,TRUE,FALSE,FALSE,FALSE,TRUE,TRUE,FALSE,FALSE,FALSE,0,1,0,0,0,0,0,1,0,0,1,0,0,0,0,2,0,1.12942338,1,0,0,0,0,11,3,0,0,488.9200439,76.88999939,1242.839844,111.6900024,994.0900879,6,10,1,0,0,0,0,0,0,0,0,0,0,0,0,0,2,0,0,0,0,0,0,0,2,0,0,2,0,0,0,0,0,2,0,0,0,0,23,10,2,3,3,0,4,2,6,0,0,0,0,4,9,0,2,7,3,9,0,38,11,1,0,1,0.60297817,0,32.89493179,2914.429932,0,https://www.fifa.com/en/tournaments/mens/worldcup/canadamexicousa2026/statistics/player-statistics
489732,Noni MADUEKE,MADUEKE,Forward,FW,10/03/2002,24,Younger,20,5,315.6,63.1,0,0,6,1,0.00%,94,82,87.20%,2,0.57,3,0.86,0.61,0.00x,TRUE,TRUE,TRUE,TRUE,TRUE,TRUE,TRUE,TRUE,TRUE,0,2,0,0,0,0,2,4,0,0,4,1,3,2,0,22,0,3.658501446,12,0,0,22,9,80,16,0,0,3925.279999,1159.229965,10296.80981,1718.759979,13478.10046,60,97,9,0,0,0,0,0,0,0,0,0,0,0,0,0,40,3,1,5,2,0,1,28,14,11,8,10,1,21,15,12,16,24,2,0,1,16,277,132,18,80,75,20,38,137,175,1,0,0,0,52,68,17,7,33,106,40,0,335,147,1,4,10,4.199827135,4,34.30588913,30578.17969,0,https://www.fifa.com/en/tournaments/mens/worldcup/canadamexicousa2026/statistics/player-statistics
511875,ODEH FAKHOURY,ODEH,Forward,FW,22/11/2005,20,Younger,11,3,163.6,54.5,0,0,2,1,0.00%,21,17,81.00%,2,1.1,4,2.2,0.08,0.00x,TRUE,FALSE,FALSE,TRUE,TRUE,TRUE,TRUE,FALSE,FALSE,0,1,0,0,0,0,1,0,0,0,0,0,0,2,1,4,1,7.006052653,1,1,2,1,0,99,5,1,0,2944.809753,428.27001,8297.530029,1227.799988,5814.859985,10,19,7,1,0,0,0,0,0,0,0,0,0,0,0,0,4,0,0,1,0,0,1,3,0,0,0,0,0,3,3,3,3,3,0,0,0,2,53,32,7,48,33,3,49,35,84,1,0,0,0,14,9,3,3,16,7,19,0,275,98,1,2,1,4.179835379,0,34.53596115,18713.27002,0,https://www.fifa.com/en/tournaments/mens/worldcup/canadamexicousa2026/statistics/player-statistics
486076,Oguz AYDIN,OĞUZ,Forward,FW,27/10/2000,25,Younger,24,1,97.1,97.1,0,0,0,0,,46,39,84.80%,0,0,2,1.85,0,,TRUE,FALSE,FALSE,TRUE,TRUE,TRUE,TRUE,FALSE,FALSE,0,0,0,0,0,0,0,0,0,0,0,0,0,0,0,2,0,2.126746655,1,0,0,3,0,24,9,0,0,1241.659912,402.789978,4127.55957,753.5100098,3796.320068,28,38,3,0,0,0,0,0,0,0,0,0,0,0,0,0,9,0,0,1,1,1,1,7,3,2,2,3,0,5,4,4,5,6,0,0,0,5,94,42,3,10,4,1,6,9,15,0,0,0,0,5,15,2,1,26,15,27,0,103,55,0,1,0,0.444673121,9,34.50609207,10321.83984,0,https://www.fifa.com/en/tournaments/mens/worldcup/canadamexicousa2026/statistics/player-statistics
448586,OH Hyeongyu,HYEONGYU,Forward,FW,12/04/2001,25,Younger,18,3,145,48.3,1,0,4,2,25.00%,22,15,68.20%,0,0,1,0.62,0.6,1.67x,TRUE,TRUE,FALSE,TRUE,TRUE,TRUE,TRUE,TRUE,FALSE,0,0,0,1,3,0,0,0,0,0,4,2,0,0,0,5,0,6.258803844,1,0,0,1,0,51,5,0,0,1760.480011,202.7499962,6232.299927,739.8700104,6080.810181,14,29,4,0,0,0,0,0,0,0,0,1,0,2,0,0,2,0,0,0,0,0,0,1,2,1,1,2,0,0,0,0,0,2,0,0,0,1,62,31,7,35,27,3,52,13,65,0,0,0,0,13,22,3,8,18,7,26,0,158,64,2,1,1,10.50603271,0,29.74771118,15016.20996,0,https://www.fifa.com/en/tournaments/mens/worldcup/canadamexicousa2026/statistics/player-statistics
448203,Ollie WATKINS,WATKINS,Forward,FW,30/12/1995,30,Older,19,2,65.4,32.7,0,0,1,0,0.00%,10,9,90.00%,1,1.38,0,0,0.04,0.00x,TRUE,FALSE,FALSE,FALSE,TRUE,TRUE,FALSE,FALSE,FALSE,0,0,0,0,0,0,0,1,0,0,1,0,1,0,0,3,0,1.731258392,3,0,0,3,1,16,3,0,0,978.8299255,416.9400406,2535.449707,508.2699966,2639.220123,12,16,1,0,0,0,0,0,0,0,0,0,0,0,0,0,3,0,0,0,0,0,0,2,2,2,2,2,0,1,0,0,1,3,0,0,0,2,31,14,3,22,6,0,17,11,28,0,0,0,0,8,13,3,4,6,7,10,0,83,39,2,0,3,7.04102695,0,34.20101547,7078.710327,0,https://www.fifa.com/en/tournaments/mens/worldcup/canadamexicousa2026/statistics/player-statistics
430476,OMAR MARMOUSH,MARMOUSH,Forward,FW,7/02/1999,27,Younger,22,5,369.6,73.9,0,0,11,1,0.00%,77,65,84.40%,3,0.73,8,1.95,0.91,0.00x,TRUE,TRUE,TRUE,TRUE,TRUE,TRUE,TRUE,TRUE,TRUE,0,4,3,0,0,0,2,5,0,0,8,0,6,3,1,18,3,5.728166008,10,3,3,5,0,109,11,3,0,3728.349823,1051.210007,13495.19971,1770.839996,15430.76074,50,85,27,3,0,0,0,0,0,0,0,0,0,0,0,0,34,4,0,4,3,0,0,25,12,9,4,6,2,18,13,8,12,30,3,0,2,22,218,124,19,73,79,14,93,73,166,0,0,0,0,47,58,5,15,69,31,84,0,321,165,2,2,6,7.036629498,2,35.17372131,35476.36011,0,https://www.fifa.com/en/tournaments/mens/worldcup/canadamexicousa2026/statistics/player-statistics
419223,Oswin APPOLLIS,APPOLLIS,Forward,FW,25/08/2001,24,Younger,7,4,287.6,71.9,0,0,4,1,0.00%,99,82,82.80%,1,0.31,2,0.63,0.15,0.00x,TRUE,TRUE,TRUE,TRUE,TRUE,TRUE,TRUE,TRUE,TRUE,0,0,1,0,0,0,1,2,0,0,0,0,3,4,1,10,1,6.389164448,8,1,7,7,1,115,9,3,0,4585.660004,618.939991,13143.49994,2131.450043,10234.72003,72,98,12,3,0,0,0,0,0,0,0,0,0,0,0,0,28,1,1,6,5,3,4,18,3,1,0,1,1,19,12,10,16,22,1,1,0,15,231,115,14,85,102,22,102,107,209,0,0,0,0,56,46,2,3,80,29,83,0,405,182,1,1,5,3.578824222,2,32.19345093,30714.27148,0,https://www.fifa.com/en/tournaments/mens/worldcup/canadamexicousa2026/statistics/player-statistics
477777,Oumar DIAKITE,DIAKITE,Forward,FW,20/12/2003,22,Younger,14,2,40.3,20.2,0,0,0,0,,19,17,89.50%,0,0,0,0,0,,TRUE,FALSE,FALSE,FALSE,TRUE,TRUE,FALSE,FALSE,FALSE,0,0,0,0,0,0,0,0,0,0,0,0,0,0,0,7,0,3.244806767,3,0,0,1,0,11,1,0,0,503.1900024,178.6299953,1717.980042,266.8600006,1506.460022,12,19,3,0,0,0,0,0,0,0,0,0,0,0,0,0,7,1,0,1,1,0,0,4,3,1,0,2,0,3,2,1,2,7,1,0,0,4,46,18,0,3,5,1,5,4,9,0,0,0,0,5,12,2,2,12,12,14,0,46,22,2,0,3,2.134711623,0,32.09699249,4173.120361,0,https://www.fifa.com/en/tournaments/mens/worldcup/canadamexicousa2026/statistics/player-statistics
398680,Ousmane DEMBELE,DEMBELE,Forward,FW,15/05/1997,29,Older,7,8,648.7,81.1,6,2,20,10,30.00%,297,236,79.50%,0,0,4,0.55,2.1,2.86x,TRUE,TRUE,TRUE,TRUE,TRUE,TRUE,TRUE,TRUE,TRUE,0,2,0,1,1,0,1,16,0,1,13,8,8,7,2,18,6,6.214161873,12,5,17,36,6,257,16,5,0,9652.249939,825.2299995,25952.5,4281.030029,26791.88989,163,249,28,5,0,0,0,0,0,0,0,4,2,1,0,0,107,11,0,16,9,4,5,63,29,18,9,13,5,62,36,27,46,71,5,0,4,40,734,311,54,68,88,39,79,116,195,3,0,0,0,91,176,11,12,137,210,149,0,817,274,1,5,9,12.29051858,3,30.50511932,67502.90088,0,https://www.fifa.com/en/tournaments/mens/worldcup/canadamexicousa2026/statistics/player-statistics
463286,Patrick WIMMER,WIMMER,Forward,FW,30/05/2001,25,Younger,21,2,39.9,19.9,0,0,1,0,0.00%,13,7,53.80%,3,6.77,1,2.26,0.12,0.00x,TRUE,FALSE,FALSE,FALSE,TRUE,TRUE,FALSE,FALSE,FALSE,0,0,0,0,0,0,0,1,0,0,1,0,1,0,0,3,0,3.336666107,2,0,0,0,0,15,6,0,0,736.8999939,222.3300018,1728.200073,298.4300079,1393.440002,6,16,4,0,0,0,0,0,0,0,0,0,0,1,0,0,6,1,0,3,3,2,2,6,2,2,1,1,0,1,1,0,0,5,1,0,0,5,32,17,1,10,6,1,4,13,17,0,0,0,0,4,11,0,2,12,3,14,0,54,23,2,0,0,2.739833355,0,31.46917534,4379.299805,0,https://www.fifa.com/en/tournaments/mens/worldcup/canadamexicousa2026/statistics/player-statistics
401481,Patrik Schick,SCHICK,Forward,FW,24/01/1996,30,Older,10,3,199.7,66.6,0,0,2,1,0.00%,28,24,85.70%,1,0.45,3,1.35,0.27,0.00x,TRUE,FALSE,FALSE,TRUE,TRUE,TRUE,TRUE,FALSE,FALSE,0,0,0,1,1,0,0,0,0,0,2,1,1,0,0,3,0,6.811888854,1,0,0,0,0,74,4,0,0,2983.100037,156.7100029,11627.12964,1044.220016,7025.590088,19,27,7,0,0,0,0,0,0,0,0,0,0,2,0,0,8,2,0,2,0,0,0,2,3,1,1,1,0,3,1,1,1,7,0,0,0,1,75,43,3,23,21,0,34,10,44,0,0,0,0,8,27,0,4,28,6,32,0,251,76,1,1,1,7.876387358,0,29.01687241,22836.75,0,https://www.fifa.com/en/tournaments/mens/worldcup/canadamexicousa2026/statistics/player-statistics
486082,Pavel SULC,ŠULC,Forward,FW,29/12/2000,25,Younger,15,3,209.1,69.7,0,0,2,0,0.00%,51,39,76.50%,2,0.86,1,0.43,0.03,0.00x,TRUE,FALSE,TRUE,TRUE,TRUE,TRUE,TRUE,FALSE,TRUE,0,1,1,0,0,0,1,0,0,0,0,0,1,2,0,7,0,6.648441156,3,0,0,1,1,104,12,0,0,3755.309998,605.1399841,9052.540039,1271.589996,8172.239746,36,53,6,0,0,0,0,0,0,0,0,0,0,0,0,0,9,0,0,2,1,1,2,2,3,0,0,3,0,4,1,1,4,7,0,0,0,1,129,64,4,39,59,2,55,45,100,1,0,0,0,23,36,4,7,40,19,47,0,338,102,1,1,2,2.448958278,0,32.99546814,22856.81934,0,https://www.fifa.com/en/tournaments/mens/worldcup/canadamexicousa2026/statistics/player-statistics
418548,PEDRO NETO,NETO,Forward,FW,9/03/2000,26,Younger,18,5,381.4,76.3,0,1,1,0,0.00%,155,137,88.40%,4,0.94,3,0.71,0,,TRUE,FALSE,TRUE,TRUE,TRUE,TRUE,TRUE,FALSE,TRUE,0,1,0,0,0,0,1,0,0,0,0,0,0,1,0,20,2,5.930567551,13,1,0,13,3,86,8,0,0,4436.709778,1560.450012,12715.97949,2420.629974,16447.45996,102,138,9,0,0,0,0,0,0,0,0,0,0,0,0,0,39,4,0,4,3,0,0,29,11,8,4,5,2,24,18,14,18,33,3,0,1,25,374,152,15,83,81,19,49,134,183,0,0,0,0,49,79,8,8,75,103,83,0,368,208,0,4,7,3.39307645,3,35.33224106,37581.22998,0,https://www.fifa.com/en/tournaments/mens/worldcup/canadamexicousa2026/statistics/player-statistics
389754,Petar Musa,MUSA,Forward,FW,4/03/1998,28,Older,26,2,119.5,59.8,1,0,1,1,100.00%,11,7,63.60%,1,0.75,1,0.75,0.34,2.91x,TRUE,FALSE,FALSE,TRUE,TRUE,TRUE,TRUE,FALSE,FALSE,0,0,0,0,0,0,0,1,0,0,1,1,0,0,0,1,0,3.351445198,1,0,0,0,0,76,11,0,0,1894.240051,176.3000031,5588.159668,850.8400269,4708.380127,8,12,9,0,0,0,0,0,0,0,0,1,0,0,0,0,8,2,0,2,1,0,0,4,3,1,0,1,0,3,2,1,1,8,1,0,0,4,29,17,1,33,9,1,38,5,43,0,0,0,0,2,10,0,6,7,2,13,0,160,61,0,2,1,6.92778039,0,31.39832115,13217.91992,0,https://www.fifa.com/en/tournaments/mens/worldcup/canadamexicousa2026/statistics/player-statistics
514401,Prince ADU,PRINCE,Forward,FW,23/09/2003,22,Younger,25,3,62.5,20.8,0,0,1,0,0.00%,5,4,80.00%,4,5.76,0,0,0.25,0.00x,TRUE,FALSE,FALSE,FALSE,TRUE,TRUE,FALSE,FALSE,FALSE,0,0,0,0,0,0,1,0,0,0,1,0,0,0,0,2,0,4.512411714,0,0,0,0,0,25,4,0,0,895.0800171,182.8599892,2520.710083,425.0900116,2242.780029,3,7,0,0,0,0,0,0,0,0,0,0,0,0,0,0,1,0,0,0,0,0,0,1,0,0,0,0,0,1,1,1,1,0,0,0,0,0,17,11,1,10,7,0,12,5,17,0,0,0,0,1,8,1,4,5,1,9,0,70,31,3,1,0,5.455717564,0,33.71748734,6266.520264,0,https://www.fifa.com/en/tournaments/mens/worldcup/canadamexicousa2026/statistics/player-statistics
493970,Promise DAVID,PROMISE,Forward,FW,3/07/2001,24,Younger,24,4,105.8,26.4,1,1,5,3,20.00%,16,8,50.00%,4,3.4,2,1.7,0.75,1.34x,TRUE,TRUE,FALSE,TRUE,TRUE,TRUE,TRUE,TRUE,FALSE,0,0,0,0,1,0,1,3,0,0,3,3,2,2,0,0,1,4.434744167,0,1,0,0,0,23,1,0,0,982.1900024,155.9399967,3422.129944,483.4400024,4750.909851,8,18,6,0,0,0,0,0,0,0,0,1,0,1,0,0,3,0,0,0,0,0,0,2,1,0,0,1,0,2,2,2,2,3,0,0,0,2,46,24,7,15,7,0,18,4,22,0,0,0,0,3,18,2,9,9,5,18,0,79,41,4,0,0,13.90402675,0,30.14336014,9794.609863,0,https://www.fifa.com/en/tournaments/mens/worldcup/canadamexicousa2026/statistics/player-statistics
418550,RAFAEL LEAO,RAFA LEÃO,Forward,FW,10/06/1999,27,Younger,17,5,203.6,40.7,1,1,4,1,25.00%,82,71,86.60%,1,0.44,2,0.88,0.33,3.07x,TRUE,TRUE,TRUE,TRUE,TRUE,TRUE,TRUE,TRUE,TRUE,0,0,1,0,0,0,2,1,0,0,3,1,3,1,0,28,2,5.725968838,14,1,3,8,4,35,4,0,0,2097.529984,609.8500004,5877.839386,918.1500092,9010.120178,62,96,5,0,0,0,0,0,0,0,0,1,0,0,0,0,28,0,0,2,2,2,2,21,8,5,5,8,0,18,14,14,18,25,0,0,0,18,205,97,11,20,48,8,10,66,76,0,0,0,0,31,43,4,3,60,46,63,0,188,75,4,0,12,2.317295462,1,34.9467392,18513.48975,0,https://www.fifa.com/en/tournaments/mens/worldcup/canadamexicousa2026/statistics/player-statistics
433872,RAPHINHA,RAPHINHA,Forward,FW,14/12/1996,29,Older,11,2,143.9,71.9,0,0,3,2,0.00%,44,30,68.20%,1,0.63,2,1.25,0.34,0.00x,TRUE,TRUE,FALSE,TRUE,TRUE,TRUE,TRUE,TRUE,FALSE,0,1,0,0,1,0,0,2,0,0,1,1,0,2,1,6,0,2.596801186,2,0,7,10,3,59,7,0,0,2308.049927,788.75,5747.610229,1298.960022,5666.149902,25,43,10,0,0,0,0,0,0,0,0,0,0,0,0,0,11,2,0,2,0,0,0,3,4,1,1,2,0,5,2,2,3,8,0,0,0,3,120,60,8,39,41,6,40,46,86,2,0,0,0,29,28,5,2,35,23,37,0,189,108,0,1,2,3.400457978,0,33.34115982,15809.52051,0,https://www.fifa.com/en/tournaments/mens/worldcup/canadamexicousa2026/statistics/player-statistics
356731,Raul JIMENEZ,RAÚL,Forward,FW,5/05/1991,35,Older,9,4,349,87.2,3,0,18,7,16.70%,66,48,72.70%,7,1.81,2,0.52,3,1.00x,TRUE,TRUE,TRUE,TRUE,TRUE,TRUE,TRUE,TRUE,TRUE,0,5,1,1,7,1,1,6,1,0,13,6,6,5,1,3,0,4.432355595,2,0,0,1,0,87,10,1,0,3798.940002,630.1600342,11180.30981,1542.350006,14931.58984,38,68,27,1,0,0,0,0,0,0,0,2,1,7,0,0,19,2,0,2,1,0,0,12,8,5,3,5,1,9,6,4,6,13,1,0,1,7,190,99,25,73,72,4,107,42,149,2,0,1,1,42,75,6,20,54,28,74,0,295,141,0,3,1,11.64617634,1,33.3072052,32083.34961,0,https://www.fifa.com/en/tournaments/mens/worldcup/canadamexicousa2026/statistics/player-statistics
475036,RAYAN,RAYAN,Forward,FW,3/08/2006,19,Younger,26,4,327.1,81.8,0,1,5,2,0.00%,99,93,93.90%,5,1.38,4,1.1,0.76,0.00x,TRUE,TRUE,TRUE,TRUE,TRUE,TRUE,TRUE,TRUE,TRUE,0,0,1,0,0,0,0,3,0,0,3,1,3,2,1,9,1,4.946234989,6,1,1,10,2,112,10,1,0,4472.119934,680.9700165,13074.21021,1760.910004,13439.03955,79,99,15,1,0,0,0,0,0,0,0,0,0,1,0,0,18,0,0,0,0,0,0,11,5,5,5,5,0,13,6,6,13,15,0,0,0,10,245,110,24,33,19,2,23,31,54,1,0,0,0,16,75,7,9,67,47,76,0,395,135,1,2,5,4.973352194,4,33.20985413,33427.25098,0,https://www.fifa.com/en/tournaments/mens/worldcup/canadamexicousa2026/statistics/player-statistics
520247,Rayan ELLOUMI,ELLOUMI,Forward,FW,17/09/2007,18,Younger,18,0,0,,0,0,0,0,,0,0,,0,,0,,0,,FALSE,FALSE,FALSE,FALSE,TRUE,TRUE,FALSE,FALSE,FALSE,0,0,0,0,0,0,0,0,0,0,0,0,0,0,0,0,0,0,0,0,0,0,0,0,0,0,0,0,0,0,0,0,0,0,0,0,0,0,0,0,0,0,0,0,0,0,0,0,0,0,0,0,0,0,0,0,0,0,0,0,0,0,0,0,0,0,0,0,0,0,0,0,0,0,0,0,0,0,0,0,0,0,0,0,0,0,0,0,0,0,0,0,0,0,0,0,0,0,0,0,0,https://www.fifa.com/en/tournaments/mens/worldcup/canadamexicousa2026/statistics/player-statistics
486161,Relebohile MOFOKENG,MOFOKENG,Forward,FW,23/10/2004,21,Younger,10,3,184.2,61.4,0,0,3,1,0.00%,54,44,81.50%,3,1.47,2,0.98,0.12,0.00x,TRUE,TRUE,TRUE,TRUE,TRUE,TRUE,TRUE,TRUE,TRUE,0,0,0,0,0,0,2,1,0,0,0,0,2,3,1,1,2,5.72614634,1,2,1,2,0,107,13,0,0,3992.739868,423.230011,11738.64917,1406.01001,5884.290161,27,34,18,0,0,0,0,0,0,0,0,0,0,0,0,0,26,3,0,3,1,0,0,18,6,3,2,3,0,17,14,13,14,11,1,0,0,9,130,63,12,18,34,4,37,19,56,0,0,0,0,14,34,3,5,17,44,22,0,341,100,1,2,0,2.054185718,0,32.25748062,23444.91992,0,https://www.fifa.com/en/tournaments/mens/worldcup/canadamexicousa2026/statistics/player-statistics
419082,Ricardo PEPI,PEPI,Forward,FW,9/01/2003,23,Younger,9,5,247.7,49.5,0,0,5,0,0.00%,38,33,86.80%,5,1.82,2,0.73,0.38,0.00x,TRUE,TRUE,FALSE,TRUE,TRUE,TRUE,TRUE,TRUE,FALSE,0,2,0,0,3,0,0,2,0,0,5,0,2,0,0,4,0,7.20782671,4,0,0,1,0,84,15,0,0,4676.340057,777.3500366,11755.56958,1897.279953,8764.370239,25,35,18,0,0,0,0,0,0,0,0,0,0,2,0,0,4,0,0,0,0,0,0,2,1,1,1,1,0,3,1,1,3,4,0,0,0,2,103,52,9,69,53,7,104,25,129,2,0,0,0,18,40,2,12,30,15,42,0,366,148,3,1,4,18.04561198,0,33.23985291,27870.91016,0,https://www.fifa.com/en/tournaments/mens/worldcup/canadamexicousa2026/statistics/player-statistics
379942,Riyad Mahrez,MAHREZ,Forward,FW,21/02/1991,35,Older,7,4,288.4,72.1,2,1,6,3,33.30%,147,127,86.40%,1,0.31,7,2.18,1.49,1.34x,TRUE,TRUE,TRUE,TRUE,TRUE,TRUE,TRUE,TRUE,TRUE,0,3,0,0,2,1,0,3,0,0,4,3,0,2,0,6,6,6.475965977,0,6,5,9,3,102,13,7,0,4334.059937,478.1300125,12590.45056,1807.910049,11897.16992,85,110,22,7,0,0,0,0,0,0,0,2,0,0,0,0,40,3,1,6,3,1,2,23,9,6,3,4,2,25,14,11,19,32,2,0,1,17,325,137,17,83,59,19,62,99,161,1,0,0,0,45,51,4,6,67,82,73,0,382,130,1,2,0,5.963317633,11,31.51922798,31107.71973,0,https://www.fifa.com/en/tournaments/mens/worldcup/canadamexicousa2026/statistics/player-statistics
403585,Roberto ALVARADO,R. ALVARADO,Forward,FW,7/09/1998,27,Younger,25,5,476.8,95.4,0,3,5,0,0.00%,201,163,81.10%,3,0.57,5,0.94,0.28,0.00x,TRUE,TRUE,TRUE,TRUE,TRUE,TRUE,TRUE,TRUE,TRUE,0,1,0,0,0,0,1,4,0,0,2,0,4,3,0,12,1,6.34210043,9,1,14,34,11,75,13,7,0,6637.369995,624.4399681,21798.79004,2620.130035,18616.05908,134,183,6,7,0,0,0,0,0,0,0,0,0,0,0,0,89,9,4,19,11,5,6,46,17,8,4,7,1,53,27,21,39,61,4,2,0,32,477,209,32,57,100,41,74,124,198,1,0,0,0,76,82,3,8,94,121,102,0,567,185,0,2,7,2.16315712,6,33.21228409,50296.79004,0,https://www.fifa.com/en/tournaments/mens/worldcup/canadamexicousa2026/statistics/player-statistics
332897,Rodrigo AGUIRRE,R. AGUIRRE,Forward,FW,1/10/1994,31,Older,19,1,8.2,8.2,0,0,0,0,,1,0,0.00%,0,0,0,0,0,,TRUE,FALSE,FALSE,FALSE,TRUE,TRUE,FALSE,FALSE,FALSE,0,0,0,0,0,0,0,0,0,0,0,0,0,0,0,0,0,2.154564222,0,0,0,0,0,0,0,0,0,167.4700012,30.29999924,285.3500061,81.73000336,333.8299866,0,1,0,0,0,0,0,0,0,0,0,0,0,0,0,0,0,0,0,0,0,0,0,0,0,0,0,0,0,0,0,0,0,0,0,0,0,0,2,1,0,1,1,0,1,1,2,0,0,0,0,1,1,0,0,1,0,1,0,12,4,1,0,0,6.788815022,0,30.56973267,898.6799927,0,https://www.fifa.com/en/tournaments/mens/worldcup/canadamexicousa2026/statistics/player-statistics
358112,Romelu LUKAKU,LUKAKU,Forward,FW,13/05/1993,33,Older,9,6,279.8,46.6,3,1,6,3,50.00%,42,32,76.20%,2,0.64,0,0,0.77,3.91x,TRUE,TRUE,FALSE,TRUE,TRUE,TRUE,TRUE,TRUE,FALSE,0,2,0,0,3,0,1,2,0,0,6,3,1,0,0,1,0,5.466885805,1,0,0,0,0,56,1,0,0,2733.649994,378.6300144,8704.940186,971.5600052,10903.01004,26,38,5,0,0,0,0,0,0,0,0,3,0,2,0,0,4,0,0,0,0,0,0,3,3,2,2,3,0,1,1,1,1,3,0,0,0,3,110,56,12,85,41,3,107,22,129,1,0,0,0,25,53,1,14,29,16,43,0,227,79,5,1,1,19.36522388,0,32.41727448,23691.78906,1,https://www.fifa.com/en/tournaments/mens/worldcup/canadamexicousa2026/statistics/player-statistics
442433,Ross STEWART,STEWART,Forward,FW,11/07/1996,29,Older,14,1,7.7,7.7,0,0,0,0,,0,0,,0,0,0,0,0,,TRUE,FALSE,FALSE,FALSE,TRUE,TRUE,FALSE,FALSE,FALSE,0,0,0,0,0,0,0,0,0,0,0,0,0,0,0,0,0,3.095592181,0,0,0,0,0,5,0,0,0,296.7999573,26.86999893,535.4799805,89.33999634,208.6499786,0,0,0,0,0,0,0,0,0,0,0,0,0,0,0,0,0,0,0,0,0,0,0,0,0,0,0,0,0,0,0,0,0,0,0,0,0,0,0,0,0,1,1,0,1,1,2,0,0,0,0,0,0,0,0,0,0,0,0,22,7,1,0,0,2.675769091,0,27.61821747,1157.140015,0,https://www.fifa.com/en/tournaments/mens/worldcup/canadamexicousa2026/statistics/player-statistics
485664,Ruben PROVIDENCE,PROVIDENCE,Forward,FW,7/07/2001,24,Younger,15,3,237.1,79,0,0,4,1,0.00%,48,42,87.50%,3,1.14,4,1.52,0.19,0.00x,TRUE,TRUE,FALSE,TRUE,TRUE,TRUE,TRUE,TRUE,FALSE,0,0,0,0,0,0,3,1,0,0,4,1,2,0,0,14,0,6.085875829,5,0,1,7,2,100,9,0,0,3467.5,640.0899963,9584.269775,1489.049988,8824.470459,41,64,7,0,0,0,0,0,0,0,0,0,0,0,0,0,8,0,0,0,0,0,0,5,3,2,2,2,1,5,3,3,4,7,0,0,0,4,144,75,6,31,61,8,44,56,100,0,0,0,0,29,27,4,6,41,32,47,0,312,115,0,3,4,1.671345949,1,33.96805191,24005.38086,0,https://www.fifa.com/en/tournaments/mens/worldcup/canadamexicousa2026/statistics/player-statistics
448131,Ruben VARGAS,VARGAS,Forward,FW,5/08/1998,27,Younger,17,6,314,52.3,2,1,6,4,33.30%,88,65,73.90%,6,1.72,6,1.72,1.31,1.53x,TRUE,TRUE,TRUE,TRUE,TRUE,TRUE,TRUE,TRUE,TRUE,0,1,0,0,1,1,0,4,0,0,4,3,1,2,1,20,0,6.219075123,9,0,11,24,6,94,19,6,0,4276.690063,1002.230045,10601.70981,1957.15004,13767.58014,48,88,14,6,0,0,0,0,0,0,0,2,0,0,0,0,33,1,0,1,0,0,0,16,16,7,6,12,3,16,9,8,12,22,0,0,1,9,237,125,23,63,26,4,37,56,93,2,0,0,0,25,75,7,4,40,71,44,0,373,170,3,3,7,6.082720399,3,34.31449127,31605.35852,0,https://www.fifa.com/en/tournaments/mens/worldcup/canadamexicousa2026/statistics/player-statistics
355642,RYAN MENDES,RYAN,Forward,FW,8/01/1990,36,Older,20,4,366,91.5,0,1,6,0,0.00%,82,70,85.40%,1,0.25,2,0.49,0.07,0.00x,TRUE,TRUE,TRUE,TRUE,TRUE,TRUE,TRUE,TRUE,TRUE,0,3,1,0,0,0,4,1,0,0,3,0,3,3,0,11,1,6.203289986,7,1,0,5,0,102,14,0,0,5260.51001,776.960022,14840.82007,2169.430054,14782.48022,55,79,24,0,0,0,0,0,0,0,0,0,0,0,0,0,20,1,1,3,2,0,1,15,4,2,1,3,0,13,11,9,11,15,1,1,0,10,211,110,13,52,84,15,50,101,151,2,0,0,0,47,35,0,8,43,61,51,0,468,170,0,2,6,2.222913012,1,33.76730347,37830.20068,0,https://www.fifa.com/en/tournaments/mens/worldcup/canadamexicousa2026/statistics/player-statistics
353790,Sadio MANE,MANÉ,Forward,FW,10/04/1992,34,Older,10,4,421.1,105.3,0,1,6,3,0.00%,129,106,82.20%,4,0.85,10,2.14,0.58,0.00x,TRUE,TRUE,TRUE,TRUE,TRUE,TRUE,TRUE,TRUE,TRUE,0,1,0,0,1,1,0,4,0,0,4,1,2,2,2,30,2,6.015022039,13,2,1,22,6,129,16,2,0,5056.060303,949.0799866,16677.34961,2635.570068,16906.75,87,147,14,2,0,0,0,0,0,0,0,0,0,0,0,0,38,1,0,1,1,0,0,32,14,10,9,13,0,23,21,20,22,27,1,0,0,22,350,168,23,85,65,14,84,80,164,3,0,0,0,55,86,18,17,86,80,103,0,435,204,0,1,10,5.844326556,5,32.28486633,42224.81152,0,https://www.fifa.com/en/tournaments/mens/worldcup/canadamexicousa2026/statistics/player-statistics
425804,SALEH ALSHEHRI,ALSHEHRI,Forward,FW,1/11/1993,32,Older,11,0,0,,0,0,0,0,,0,0,,0,,0,,0,,FALSE,FALSE,FALSE,FALSE,TRUE,TRUE,FALSE,FALSE,FALSE,0,0,0,0,0,0,0,0,0,0,0,0,0,0,0,0,0,0,0,0,0,0,0,0,0,0,0,0,0,0,0,0,0,0,0,0,0,0,0,0,0,0,0,0,0,0,0,0,0,0,0,0,0,0,0,0,0,0,0,0,0,0,0,0,0,0,0,0,0,0,0,0,0,0,0,0,0,0,0,0,0,0,0,0,0,0,0,0,0,0,0,0,0,0,0,0,0,0,0,0,0,https://www.fifa.com/en/tournaments/mens/worldcup/canadamexicousa2026/statistics/player-statistics
339745,SALEM ALDAWSARI,SALEM,Forward,FW,19/08/1991,34,Older,10,3,276.5,92.2,0,0,3,1,0.00%,81,58,71.60%,3,0.98,4,1.3,0.08,0.00x,TRUE,TRUE,TRUE,TRUE,TRUE,TRUE,TRUE,TRUE,TRUE,0,1,0,0,1,0,1,1,0,0,1,0,1,2,1,9,1,6.355222384,7,1,0,2,0,120,15,1,0,4483.17981,683.2799835,10954.23022,1896.169922,11435.20996,46,71,15,1,0,0,0,0,0,0,0,0,0,0,0,0,26,1,1,4,4,2,2,17,4,3,2,3,0,18,10,8,16,18,1,1,0,12,193,86,3,61,33,10,50,54,104,1,0,0,0,30,50,3,8,56,33,64,0,400,160,0,1,7,1.84341073,2,33.31848907,29452.07031,1,https://www.fifa.com/en/tournaments/mens/worldcup/canadamexicousa2026/statistics/player-statistics
485063,Samed BAZDAR,BAŽDAR,Forward,FW,31/01/2004,22,Younger,9,1,35,35,0,0,0,0,,5,2,40.00%,1,2.57,1,2.57,0,,TRUE,FALSE,FALSE,FALSE,TRUE,TRUE,FALSE,FALSE,FALSE,0,0,0,0,0,0,0,0,0,0,0,0,0,0,0,3,0,1.570770025,1,0,0,0,0,6,2,0,0,437.5499878,124.5199966,1428.869995,213.3600006,1445.589966,3,7,2,0,0,0,0,0,0,0,0,0,0,0,0,0,5,1,0,1,0,0,0,0,3,0,0,2,0,1,0,0,0,5,0,0,0,0,17,12,0,1,2,0,2,1,3,0,0,0,0,0,8,0,4,4,2,8,0,28,13,1,0,1,2.015161753,0,29.77983475,3649.889893,0,https://www.fifa.com/en/tournaments/mens/worldcup/canadamexicousa2026/statistics/player-statistics
430759,Santiago GIMENEZ,S. GIMENEZ,Forward,FW,18/04/2001,25,Younger,11,4,117.5,29.4,0,0,2,1,0.00%,13,7,53.80%,1,0.77,3,2.3,0.34,0.00x,TRUE,FALSE,FALSE,TRUE,TRUE,TRUE,TRUE,FALSE,FALSE,0,0,0,0,0,0,0,2,0,0,2,1,1,0,0,2,0,4.856148911,0,0,0,0,0,27,3,1,0,1433.160004,259.3499832,4556.340088,515.2900009,4420.23999,5,12,3,1,0,0,0,0,0,0,0,0,0,0,0,0,0,0,0,0,0,0,0,0,0,0,0,0,0,0,0,0,0,0,0,0,0,0,41,25,3,36,16,0,34,18,52,0,0,0,0,12,19,3,5,14,6,19,0,140,40,4,0,0,9.661447763,0,32.08695221,11184.38025,0,https://www.fifa.com/en/tournaments/mens/worldcup/canadamexicousa2026/statistics/player-statistics
430100,Sasa KALAJDZIC,KALAJDZIC,Forward,FW,7/07/1997,28,Older,14,3,88.4,29.5,1,0,3,1,33.30%,24,16,66.70%,2,2.04,2,2.04,0.39,2.58x,TRUE,TRUE,FALSE,FALSE,TRUE,TRUE,FALSE,FALSE,FALSE,0,0,0,0,1,0,0,2,0,0,2,1,2,1,0,3,1,4.816790938,1,0,0,1,0,40,2,0,0,1627.359955,139.8499985,3908.839874,729.5599785,3238.309959,8,21,8,0,0,0,0,0,0,0,0,1,0,2,0,0,5,1,0,1,0,0,0,1,2,0,0,1,0,2,1,1,1,5,0,0,0,1,61,29,6,9,8,0,13,4,17,0,0,0,0,5,28,0,5,12,15,17,0,137,62,2,1,1,7.731719851,0,29.71381378,9643.919861,0,https://www.fifa.com/en/tournaments/mens/worldcup/canadamexicousa2026/statistics/player-statistics
481180,Shahriyar MOGHANLOO,SHAHRIYAR,Forward,FW,21/12/1994,31,Older,20,3,109,36.3,0,0,3,0,0.00%,25,15,60.00%,1,0.83,1,0.83,0.51,0.00x,TRUE,TRUE,FALSE,TRUE,TRUE,TRUE,TRUE,TRUE,FALSE,0,0,0,0,0,0,1,2,0,0,2,0,2,1,0,1,1,7.096232096,0,0,0,2,0,52,4,0,0,1949.879913,149.5200059,5223.089966,691.1199799,4240.549988,8,21,6,0,0,0,0,0,0,0,0,0,0,1,0,0,6,1,0,1,0,0,0,1,2,1,1,1,0,3,0,0,2,3,0,0,0,1,66,33,7,13,6,0,15,4,19,1,0,0,0,7,22,4,9,8,14,17,0,168,47,2,1,0,7.781891108,1,28.93494987,12254.15991,0,https://www.fifa.com/en/tournaments/mens/worldcup/canadamexicousa2026/statistics/player-statistics
448569,Shuto MACHINO,MACHINO,Forward,FW,30/09/1999,26,Younger,6,1,23.4,23.4,0,0,0,0,,4,3,75.00%,1,3.85,0,0,0,,TRUE,FALSE,FALSE,FALSE,TRUE,TRUE,FALSE,FALSE,FALSE,0,0,0,0,0,0,0,0,0,0,0,0,0,0,0,1,1,1.593625188,1,1,0,1,0,4,1,0,0,290.8200378,69.91999817,1128.780029,94.47000122,903.6799927,3,4,1,0,0,0,0,0,0,0,0,0,0,0,0,0,2,0,0,1,0,0,1,1,0,0,0,0,0,1,1,1,1,0,0,0,0,0,10,4,0,2,5,0,2,5,7,0,0,0,0,1,3,0,1,1,3,2,0,27,8,1,0,1,0.506902933,1,32.63193893,2487.669922,0,https://www.fifa.com/en/tournaments/mens/worldcup/canadamexicousa2026/statistics/player-statistics
477778,Simon ADINGRA,ADINGRA,Forward,FW,1/01/2002,24,Younger,10,1,22.8,22.8,0,0,0,0,,10,9,90.00%,0,0,0,0,0,,TRUE,FALSE,FALSE,FALSE,TRUE,TRUE,FALSE,FALSE,FALSE,0,0,0,0,0,0,0,0,0,0,0,0,0,0,0,1,0,1.818842053,0,0,1,1,1,11,1,0,0,400.8699646,120.6999969,1109.439941,186.980011,951.0900269,5,7,0,0,0,0,0,0,0,0,0,0,0,0,0,0,3,0,0,1,1,1,1,2,0,0,0,0,0,2,1,1,2,3,0,0,0,2,23,12,1,11,8,6,5,20,25,0,0,0,0,8,5,0,0,4,8,4,0,35,14,1,0,0,1.348943353,0,29.98577118,2769.080078,0,https://www.fifa.com/en/tournaments/mens/worldcup/canadamexicousa2026/statistics/player-statistics
477835,Simon BANZA,BANZA,Forward,FW,13/08/1996,29,Older,23,2,49.1,24.5,0,0,0,0,,6,4,66.70%,1,1.83,0,0,0,,TRUE,FALSE,FALSE,FALSE,TRUE,TRUE,FALSE,FALSE,FALSE,0,0,0,0,0,0,0,0,0,0,0,0,0,0,0,0,1,3.474007607,0,0,0,0,0,25,3,0,0,800.4599609,117.4799995,2108.940063,337.1199951,1766.52002,3,5,3,0,0,0,0,0,0,0,0,0,0,0,0,0,1,0,0,0,0,0,0,0,0,0,0,0,0,1,0,0,1,1,0,0,0,0,14,6,1,17,7,0,20,4,24,0,0,0,0,3,4,1,2,5,0,7,0,70,23,2,0,0,5.102122545,0,29.87535477,5130.52002,0,https://www.fifa.com/en/tournaments/mens/worldcup/canadamexicousa2026/statistics/player-statistics
307849,SON Heungmin,HEUNGMIN,Forward,FW,8/07/1992,33,Older,7,3,183.9,61.3,0,0,7,1,0.00%,58,49,84.50%,0,0,4,1.96,0.81,0.00x,TRUE,TRUE,TRUE,TRUE,TRUE,TRUE,TRUE,TRUE,TRUE,0,2,0,0,2,0,0,5,0,0,4,1,3,3,0,6,0,6.139447371,5,0,3,3,1,54,0,2,0,1901.069824,730.3300095,7422.639893,1220.290009,7483.050293,39,57,9,2,0,0,0,0,0,0,0,0,0,0,0,0,9,0,1,1,1,0,0,7,2,1,1,2,0,6,5,4,5,7,0,1,0,6,142,71,15,51,34,12,70,27,97,2,0,0,0,29,35,6,6,44,19,50,0,169,96,1,2,4,6.932167768,1,35.1706543,18757.37988,0,https://www.fifa.com/en/tournaments/mens/worldcup/canadamexicousa2026/statistics/player-statistics
424056,Sontje HANSEN,HANSEN,Forward,FW,18/05/2002,24,Younger,12,1,50.2,50.2,0,0,1,1,0.00%,6,5,83.30%,0,0,0,0,0.03,0.00x,TRUE,FALSE,FALSE,FALSE,TRUE,TRUE,FALSE,FALSE,FALSE,0,0,0,0,0,0,0,1,0,0,0,0,0,1,1,1,0,1.956376553,0,0,0,0,0,31,1,0,0,613.8099976,136.4499969,1828.51001,357.9700012,1974.01001,5,8,2,0,0,0,0,0,0,0,0,0,0,0,0,0,1,0,0,0,0,0,0,0,0,0,0,0,0,1,0,0,1,1,0,0,0,0,20,12,2,15,6,0,13,8,21,0,0,0,0,1,7,1,1,6,3,7,0,59,26,0,1,0,1.180489063,0,33.07010269,4910.75,0,https://www.fifa.com/en/tournaments/mens/worldcup/canadamexicousa2026/statistics/player-statistics
433426,Soufiane RAHIMI,RAHIMI,Forward,FW,2/06/1996,30,Older,9,6,215.5,35.9,2,1,6,4,33.30%,37,27,73.00%,5,2.09,6,2.51,1.59,1.26x,TRUE,TRUE,FALSE,TRUE,TRUE,TRUE,TRUE,TRUE,FALSE,0,0,1,1,1,0,0,2,0,0,5,3,2,1,1,7,0,7.268104792,3,0,0,5,2,73,11,0,0,3989.130035,952.4899864,9866.620209,1877.740005,8642.459747,18,37,5,0,0,0,0,0,0,0,0,2,0,2,0,0,11,1,0,1,0,0,0,3,5,2,2,4,0,5,1,1,4,9,0,0,0,2,112,54,8,69,26,5,78,22,100,2,0,0,0,25,32,11,10,23,23,33,0,317,137,6,0,2,22.01071501,0,34.57664871,25328.43958,0,https://www.fifa.com/en/tournaments/mens/worldcup/canadamexicousa2026/statistics/player-statistics
494800,SULTAN MANDASH,MANDASH,Forward,FW,17/10/1994,31,Older,20,1,71.1,71.1,0,0,0,0,,9,7,77.80%,1,1.27,2,2.53,0,,TRUE,FALSE,FALSE,FALSE,TRUE,TRUE,FALSE,FALSE,FALSE,0,0,0,0,0,0,0,0,0,0,0,0,0,0,0,1,0,2.37805589,0,0,0,0,0,22,5,0,0,1232.369995,281.0800171,3384.260254,789.1800537,2777.580078,6,9,15,0,0,0,0,0,0,0,0,0,0,0,0,0,1,0,0,0,0,0,0,1,0,0,0,0,0,1,1,1,1,0,0,0,0,0,29,18,1,11,6,5,8,14,22,0,0,0,0,4,4,1,2,12,2,14,0,107,50,0,1,0,0.897162318,0,33.05046463,8464.470703,0,https://www.fifa.com/en/tournaments/mens/worldcup/canadamexicousa2026/statistics/player-statistics
514202,Taha ALI,ALI,Forward,FW,1/07/1998,27,Younger,26,2,46.2,23.1,0,0,0,0,,16,15,93.80%,0,0,2,3.9,0,,TRUE,FALSE,FALSE,FALSE,TRUE,TRUE,FALSE,FALSE,FALSE,0,0,0,0,0,0,0,0,0,0,0,0,0,0,0,9,0,3.126889586,6,0,0,1,0,15,0,2,0,724.4199829,128.1900024,1886.530029,366.3200226,1716.320251,11,18,4,2,0,0,0,0,0,0,0,0,0,0,0,0,7,1,0,2,2,1,1,7,2,2,1,1,0,3,3,2,2,6,1,0,0,6,40,26,3,2,11,6,1,18,19,0,0,0,0,10,9,1,2,8,11,10,0,61,26,2,0,4,0.711082399,2,31.15878105,4821.780151,0,https://www.fifa.com/en/tournaments/mens/worldcup/canadamexicousa2026/statistics/player-statistics
486639,TAHSIN MOHAMMED,TAHSIN MOHAMMED,Forward,FW,16/06/2006,19,Younger,24,0,0,,0,0,0,0,,0,0,,0,,0,,0,,FALSE,FALSE,FALSE,FALSE,TRUE,TRUE,FALSE,FALSE,FALSE,0,0,0,0,0,0,0,0,0,0,0,0,0,0,0,0,0,0,0,0,0,0,0,0,0,0,0,0,0,0,0,0,0,0,0,0,0,0,0,0,0,0,0,0,0,0,0,0,0,0,0,0,0,0,0,0,0,0,0,0,0,0,0,0,0,0,0,0,0,0,0,0,0,0,0,0,0,0,0,0,0,0,0,0,0,0,0,0,0,0,0,0,0,0,0,0,0,0,0,0,0,https://www.fifa.com/en/tournaments/mens/worldcup/canadamexicousa2026/statistics/player-statistics
430138,Tajon BUCHANAN,BUCHANAN,Forward,FW,8/02/1999,27,Younger,17,5,401.9,80.4,0,0,6,3,0.00%,95,76,80.00%,5,1.12,8,1.79,0.68,0.00x,TRUE,TRUE,TRUE,TRUE,TRUE,TRUE,TRUE,TRUE,TRUE,0,2,1,0,1,0,2,2,0,0,3,2,1,3,1,23,1,6.582232571,9,1,1,17,3,136,32,0,0,6377.119995,1290.939987,18774.54053,2720.019958,14812.66992,74,122,29,0,0,0,0,0,0,0,0,0,0,0,0,0,28,2,1,5,3,2,2,17,9,5,4,7,0,14,9,8,11,22,1,0,0,16,262,138,15,55,34,6,25,70,95,2,0,0,0,36,73,14,6,91,39,97,0,537,213,0,5,6,6.925360084,9,34.15131378,43975.28906,0,https://www.fifa.com/en/tournaments/mens/worldcup/canadamexicousa2026/statistics/player-statistics
486929,Tani OLUWASEYI,OLUWASEYI,Forward,FW,15/05/2000,26,Younger,12,5,288.8,57.8,0,0,8,4,0.00%,41,27,65.90%,5,1.56,5,1.56,0.99,0.00x,TRUE,TRUE,FALSE,TRUE,TRUE,TRUE,TRUE,TRUE,FALSE,0,1,1,0,1,0,2,3,0,0,8,4,2,0,0,7,1,6.110407829,5,1,0,4,0,104,20,0,0,4176.170074,1000.059975,11340.24011,1905.400024,10935.1499,24,50,11,0,0,0,0,0,0,0,0,0,0,2,0,0,11,0,0,0,0,0,0,5,4,2,2,4,0,7,3,3,7,9,0,0,0,3,131,74,11,94,36,2,107,25,132,1,0,0,0,19,49,6,18,37,13,55,0,350,172,2,3,4,14.98436344,1,34.86909866,29357.02051,0,https://www.fifa.com/en/tournaments/mens/worldcup/canadamexicousa2026/statistics/player-statistics
518200,Tete YENGI,YENGI,Forward,FW,28/11/2000,25,Younger,26,2,33.8,16.9,0,0,1,1,0.00%,5,3,60.00%,3,8,0,0,0.1,0.00x,TRUE,FALSE,FALSE,FALSE,TRUE,TRUE,FALSE,FALSE,FALSE,0,0,0,0,0,0,0,1,0,0,1,1,0,0,0,1,0,3.74485147,0,0,0,1,0,17,2,0,0,763.8099976,36.88000107,1896.129944,236.8900032,1204.499969,3,8,1,0,0,0,0,0,0,0,0,0,0,0,0,0,2,0,0,0,0,0,0,0,2,0,0,2,0,0,0,0,0,2,0,0,0,0,17,10,2,6,5,0,6,5,11,0,0,0,0,5,8,2,3,5,2,8,0,59,20,2,0,0,2.102025777,0,31.56217575,4138.209839,0,https://www.fifa.com/en/tournaments/mens/worldcup/canadamexicousa2026/statistics/player-statistics
463234,Thapelo MASEKO,MASEKO,Forward,FW,11/11/2003,22,Younger,12,3,255.9,85.3,1,0,8,1,12.50%,49,37,75.50%,4,1.41,10,3.52,0.47,2.13x,TRUE,TRUE,FALSE,TRUE,TRUE,TRUE,TRUE,TRUE,FALSE,0,4,0,0,0,0,1,7,0,0,4,1,3,4,0,20,0,4.768882751,10,0,1,2,0,97,23,0,0,3414.290039,794.0199585,11447.91943,1767.51001,9670.109863,34,65,9,0,0,0,0,0,0,0,0,1,0,0,0,0,12,1,0,1,0,0,0,6,5,2,2,4,0,6,4,4,5,8,0,0,0,2,152,82,13,43,37,4,42,42,84,0,0,0,0,30,40,3,11,38,36,49,0,299,159,0,3,8,3.016737044,1,35.16545868,27093.85059,0,https://www.fifa.com/en/tournaments/mens/worldcup/canadamexicousa2026/statistics/player-statistics
418975,Thiago ALMADA,ALMADA,Forward,FW,26/04/2001,25,Younger,16,5,267.9,53.6,0,0,5,2,0.00%,170,154,90.60%,2,0.67,2,0.67,0.25,0.00x,TRUE,TRUE,TRUE,TRUE,TRUE,TRUE,TRUE,TRUE,TRUE,0,0,1,0,0,0,1,3,0,0,2,2,3,3,0,6,2,4.397372842,4,2,0,1,0,70,11,1,0,4306.490112,778.2600021,15176.70007,1761.899979,9786.699707,117,138,26,1,0,0,0,0,0,0,0,0,0,0,0,0,30,0,0,4,4,4,4,25,2,1,0,0,2,24,20,19,22,23,0,0,1,19,368,119,13,41,85,44,122,48,170,2,0,0,0,72,52,1,4,85,95,89,0,362,137,2,3,3,4.192815483,1,33.3095932,31810.05054,1,https://www.fifa.com/en/tournaments/mens/worldcup/canadamexicousa2026/statistics/player-statistics
406304,Timothy WEAH,WEAH,Forward,FW,22/02/2000,26,Younger,21,2,90,45,0,0,2,0,0.00%,34,30,88.20%,2,2,0,0,0.05,0.00x,TRUE,FALSE,FALSE,TRUE,TRUE,TRUE,TRUE,FALSE,FALSE,0,1,0,0,0,0,0,2,0,0,1,0,1,1,0,1,0,2.904114819,0,0,0,2,0,34,4,0,0,2131.950012,230.4200096,4187.470215,1007.630005,3276.989929,21,29,5,0,0,0,0,0,0,0,0,0,0,0,0,0,3,0,0,0,0,0,0,2,2,1,1,2,0,1,1,1,1,3,0,0,0,2,80,34,3,11,12,3,10,16,26,2,0,0,0,10,18,3,3,21,17,24,0,167,75,1,1,0,1.565933585,3,31.1081543,10834.45996,0,https://www.fifa.com/en/tournaments/mens/worldcup/canadamexicousa2026/statistics/player-statistics
483961,Tomas CHORY,CHORÝ,Forward,FW,26/01/1995,31,Older,19,2,43.1,21.6,0,0,0,0,,8,7,87.50%,2,4.17,1,2.09,0,,TRUE,FALSE,FALSE,FALSE,TRUE,TRUE,FALSE,FALSE,FALSE,0,0,0,0,0,0,0,0,0,0,0,0,0,0,0,0,0,4.490737279,0,0,0,0,0,14,1,0,0,690.9200287,104.0400009,1694.660065,335.2599945,1733.149902,3,3,0,0,0,0,0,0,0,0,0,0,0,0,0,0,3,0,0,0,0,0,0,2,1,0,0,1,0,2,2,2,2,1,0,0,0,1,18,10,2,7,6,0,8,5,13,0,0,0,0,3,6,0,0,4,4,4,0,55,28,2,0,0,4.409620523,1,28.34835434,4558.030029,0,https://www.fifa.com/en/tournaments/mens/worldcup/canadamexicousa2026/statistics/player-statistics
418747,Tomas RODRIGUEZ,T. RODRÍGUEZ,Forward,FW,9/03/1999,27,Younger,9,2,53.7,26.8,0,0,1,1,0.00%,9,7,77.80%,3,5.03,1,1.68,0.06,0.00x,TRUE,FALSE,FALSE,FALSE,TRUE,TRUE,FALSE,FALSE,FALSE,0,0,0,0,0,0,1,0,0,0,0,0,0,1,1,0,0,4.086740494,0,0,0,0,0,26,3,0,0,796.2099838,153.2799969,2705.839966,376.6300163,2002.03981,5,8,3,0,0,0,0,0,0,0,0,0,0,0,0,0,4,1,0,1,1,0,0,3,1,1,0,0,0,2,1,0,1,4,1,0,0,3,21,11,2,12,4,0,13,3,16,0,0,0,0,3,8,1,2,8,1,10,0,75,32,1,1,0,2.726899207,0,31.38693619,6034.000183,0,https://www.fifa.com/en/tournaments/mens/worldcup/canadamexicousa2026/statistics/player-statistics
363863,TREZEGUET,M. TREZEGUET,Forward,FW,1/10/1994,31,Older,7,4,204.6,51.1,1,1,8,3,12.50%,81,68,84.00%,3,1.32,2,0.88,0.71,1.40x,TRUE,TRUE,TRUE,TRUE,TRUE,TRUE,TRUE,TRUE,TRUE,0,2,0,2,1,0,1,4,0,0,6,2,2,2,1,11,1,5.531786156,6,1,0,3,0,46,4,0,0,3844.359711,544.440033,8760.410889,1682.66011,8605.800903,43,70,6,0,0,0,0,0,0,0,0,1,0,3,0,0,23,2,1,3,1,0,0,9,5,2,1,2,1,15,6,4,11,20,0,1,1,7,204,95,14,33,28,17,35,43,78,0,0,0,0,25,41,8,5,47,49,52,0,331,136,3,0,4,4.678156495,6,32.72580338,23437.66919,0,https://www.fifa.com/en/tournaments/mens/worldcup/canadamexicousa2026/statistics/player-statistics
504193,Tshepang MOREMI,MOREMI,Forward,FW,2/10/2000,25,Younger,8,2,44.9,22.4,0,1,0,0,,9,6,66.70%,1,2,1,2,0,,TRUE,FALSE,FALSE,FALSE,TRUE,TRUE,FALSE,FALSE,FALSE,0,0,0,0,0,0,0,0,0,0,0,0,0,0,0,1,0,3.722425461,1,0,0,0,0,18,1,1,0,846.4299622,220.9900055,2442.480103,468.3000107,1607.190033,5,7,1,1,0,0,0,0,0,0,0,0,0,0,0,0,1,0,0,0,0,0,0,0,0,0,0,0,0,1,0,0,1,0,0,0,0,0,20,11,1,8,4,2,4,10,14,0,0,0,0,1,4,2,0,5,4,5,0,67,41,2,0,1,2.168090641,1,33.01111984,5585.390259,0,https://www.fifa.com/en/tournaments/mens/worldcup/canadamexicousa2026/statistics/player-statistics
506473,Tyrese NOSLIN,NOSLIN,Forward,FW,11/09/2002,23,Younger,13,1,19.7,19.7,0,0,0,0,,9,5,55.60%,0,0,2,9.14,0,,TRUE,FALSE,FALSE,FALSE,TRUE,TRUE,FALSE,FALSE,FALSE,0,0,0,0,0,0,0,0,0,0,0,0,0,0,0,0,0,2.509511789,0,0,0,3,1,7,2,0,0,479.1600037,86.93000031,891.3200073,281.8900146,713.7700195,4,10,0,0,0,0,0,0,0,0,0,0,0,0,0,0,4,1,0,1,0,0,0,0,1,0,0,0,0,2,0,0,1,4,0,0,0,0,25,11,0,4,5,3,2,10,12,0,0,0,0,6,4,2,0,10,3,10,0,42,19,1,0,0,0.459547788,1,30.6937294,2453.070068,0,https://www.fifa.com/en/tournaments/mens/worldcup/canadamexicousa2026/statistics/player-statistics
492859,Victor MUNOZ,VICTOR M.V.,Forward,FW,13/07/2003,22,Younger,25,0,0,,0,0,0,0,,0,0,,0,,0,,0,,FALSE,FALSE,FALSE,FALSE,TRUE,TRUE,FALSE,FALSE,FALSE,0,0,0,0,0,0,0,0,0,0,0,0,0,0,0,0,0,0,0,0,0,0,0,0,0,0,0,0,0,0,0,0,0,0,0,0,0,0,0,0,0,0,0,0,0,0,0,0,0,0,0,0,0,0,0,0,0,0,0,0,0,0,0,0,0,0,0,0,0,0,0,0,0,0,0,0,0,0,0,0,0,0,0,0,0,0,0,0,0,0,0,0,0,0,0,0,0,0,0,0,0,https://www.fifa.com/en/tournaments/mens/worldcup/canadamexicousa2026/statistics/player-statistics
483327,Viktor GYOKERES,GYÖKERES,Forward,FW,4/06/1998,28,Older,17,4,400.9,100.2,1,2,12,6,8.30%,70,48,68.60%,4,0.9,7,1.57,1.39,0.72x,TRUE,TRUE,TRUE,TRUE,TRUE,TRUE,TRUE,TRUE,TRUE,0,2,1,0,0,1,3,7,0,0,9,5,4,3,1,4,1,6.414077401,1,1,0,1,1,75,4,1,0,4873.89032,1040.970001,16676.771,2100.26001,18165.41016,36,70,14,1,0,0,0,0,0,0,0,1,0,0,0,0,21,3,0,3,1,0,0,12,8,4,3,5,0,10,7,6,7,17,1,0,0,8,197,109,22,68,36,2,65,41,106,1,0,0,0,26,81,12,37,45,26,82,0,426,177,0,0,1,9.474032402,0,34.7502861,42857.2998,1,https://www.fifa.com/en/tournaments/mens/worldcup/canadamexicousa2026/statistics/player-statistics
405742,VINICIUS JUNIOR,VINI JR.,Forward,FW,12/07/2000,25,Younger,7,5,506,101.2,4,1,17,11,23.50%,142,116,81.70%,4,0.71,10,1.78,3.24,1.23x,TRUE,TRUE,TRUE,TRUE,TRUE,TRUE,TRUE,TRUE,TRUE,0,2,4,0,2,0,0,10,0,0,14,9,4,3,2,53,4,5.681390095,26,4,2,15,6,172,10,2,0,6015.829834,1582.040009,14364.03979,2978.369995,22908.28955,111,187,24,2,0,0,0,0,0,0,0,4,0,1,0,0,49,1,0,3,2,1,2,33,21,16,14,17,3,25,15,13,21,40,1,0,1,28,397,183,37,104,130,29,113,150,263,3,0,0,0,98,93,17,8,103,108,111,0,514,253,0,1,23,8.12380302,1,34.14001846,47848.56934,0,https://www.fifa.com/en/tournaments/mens/worldcup/canadamexicousa2026/statistics/player-statistics
405879,Wilson Isidor,ISIDOR,Forward,FW,27/08/2000,25,Younger,18,3,201.4,67.1,1,0,5,2,20.00%,21,18,85.70%,3,1.34,2,0.89,0.15,6.67x,TRUE,TRUE,FALSE,TRUE,TRUE,TRUE,TRUE,TRUE,FALSE,0,1,0,0,0,0,1,3,0,0,2,1,2,3,1,2,0,6.780791442,0,0,0,0,0,88,1,0,0,3298.640015,624.6700134,8665.040283,1430.130005,8681.119629,12,21,7,0,0,0,0,0,0,0,0,0,1,1,0,0,8,0,1,1,0,0,0,6,1,1,1,1,0,6,5,5,5,5,0,0,0,5,64,39,7,34,18,3,44,11,55,1,0,0,0,9,18,1,9,13,13,22,0,287,110,1,2,0,5.74971801,0,33.68587112,22699.59961,0,https://www.fifa.com/en/tournaments/mens/worldcup/canadamexicousa2026/statistics/player-statistics
448159,Wout WEGHORST,WEGHORST,Forward,FW,7/08/1992,33,Older,9,1,58.4,58.4,0,0,0,0,,7,4,57.10%,1,1.54,2,3.08,0,,TRUE,FALSE,FALSE,FALSE,TRUE,TRUE,FALSE,FALSE,FALSE,0,0,0,0,0,0,0,0,0,0,0,0,0,0,0,2,0,1.798830271,1,0,0,0,0,53,2,0,0,1412.300049,130.8000031,2905.630127,424.2799988,2140.949951,4,9,2,0,0,0,0,0,0,0,0,0,0,0,0,0,2,0,0,0,0,0,0,1,1,0,0,1,0,1,1,1,1,2,0,0,0,1,21,14,1,5,3,0,7,1,8,0,0,0,0,1,8,1,2,8,1,10,0,109,30,1,0,0,0.86469686,0,28.57040215,7013.959961,0,https://www.fifa.com/en/tournaments/mens/worldcup/canadamexicousa2026/statistics/player-statistics
510922,Yan DIOMANDE,YAN DIOMANDE,Forward,FW,14/11/2006,19,Younger,11,4,361.8,90.4,0,1,4,0,0.00%,142,127,89.40%,2,0.5,7,1.74,0.26,0.00x,TRUE,TRUE,TRUE,TRUE,TRUE,TRUE,TRUE,TRUE,TRUE,0,0,0,0,0,0,3,1,0,0,3,0,3,1,0,32,1,5.708215117,17,1,11,21,5,121,20,1,0,4127.26001,1492.87999,12804.02051,1950.109985,13973.04004,107,148,20,1,0,0,0,0,0,0,0,0,0,1,0,0,38,0,0,2,2,2,2,28,15,8,6,13,2,21,18,16,19,33,0,0,2,24,372,177,20,24,92,18,45,89,134,0,0,0,0,68,88,6,17,89,86,106,0,370,178,0,3,15,2.232209921,1,34.71274948,34347.30957,0,https://www.fifa.com/en/tournaments/mens/worldcup/canadamexicousa2026/statistics/player-statistics
506483,Yassin FORTUNE,FORTUNE,Forward,FW,30/01/1999,27,Younger,19,1,13.3,13.3,0,0,0,0,,5,5,100.00%,0,0,1,6.74,0,,TRUE,FALSE,FALSE,FALSE,TRUE,TRUE,FALSE,FALSE,FALSE,0,0,0,0,0,0,0,0,0,0,0,0,0,0,0,1,0,2.247213999,0,0,0,0,0,0,0,1,0,302.7799988,34.75,602.75,59.74000168,501.2000122,2,3,0,1,0,0,0,0,0,0,0,0,0,0,0,0,2,0,0,0,0,0,0,1,0,0,0,0,0,2,1,1,2,2,0,0,0,1,9,7,0,0,4,0,0,4,4,0,0,0,0,1,1,0,0,3,1,3,0,24,5,1,0,0,1.143390417,2,28.21713638,1501.219971,0,https://www.fifa.com/en/tournaments/mens/worldcup/canadamexicousa2026/statistics/player-statistics
423658,Yeremy PINO,YEREMY,Forward,FW,20/10/2002,23,Younger,11,2,83.8,41.9,0,0,0,0,,29,25,86.20%,2,2.15,0,0,0,,TRUE,FALSE,FALSE,FALSE,TRUE,TRUE,FALSE,FALSE,FALSE,0,0,0,0,0,0,0,0,0,0,0,0,0,0,0,0,0,1.576623678,0,0,0,1,0,28,7,0,0,1260.420044,220.1399918,3673.609985,671.9600067,3020.709961,16,19,3,0,0,0,0,0,0,0,0,0,0,0,0,0,3,0,0,0,0,0,0,3,0,0,0,0,0,3,3,3,3,3,0,0,0,3,67,32,1,24,17,4,22,23,45,1,0,0,0,9,26,1,2,15,17,17,0,114,45,2,0,0,2.494359493,0,30.73152924,8846.840576,0,https://www.fifa.com/en/tournaments/mens/worldcup/canadamexicousa2026/statistics/player-statistics
441316,Yoane WISSA,WISSA,Forward,FW,3/09/1996,29,Older,20,4,409.6,102.4,3,0,11,3,27.30%,69,60,87.00%,5,1.1,9,1.98,1.79,1.68x,TRUE,TRUE,TRUE,TRUE,TRUE,TRUE,TRUE,TRUE,TRUE,0,0,0,0,5,1,2,2,1,0,7,2,8,4,1,8,0,6.071197867,3,0,0,2,0,118,5,3,0,4484.049866,786.280014,15492.28027,1868.320007,18850.33936,49,75,11,3,0,0,0,0,0,0,0,2,1,2,0,0,15,1,0,2,1,1,1,9,5,2,2,4,0,8,6,6,7,8,0,0,0,5,195,111,13,52,64,11,103,24,127,1,0,1,1,36,50,3,9,72,21,81,0,384,140,0,0,1,5.884992957,1,33.41437149,41481.27051,0,https://www.fifa.com/en/tournaments/mens/worldcup/canadamexicousa2026/statistics/player-statistics
406231,Yunus AKGUN,YUNUS,Forward,FW,7/07/2000,25,Younger,19,2,103.5,51.7,0,0,0,0,,52,41,78.80%,2,1.74,1,0.87,0,,TRUE,FALSE,TRUE,TRUE,TRUE,TRUE,TRUE,FALSE,TRUE,0,0,0,0,0,0,0,0,0,0,0,0,0,0,0,3,0,4.106780211,2,0,0,2,1,12,4,0,0,1386.039948,216.0699997,4552.859985,568.3800507,4080.019897,31,43,3,0,0,0,0,0,0,0,0,0,0,0,0,0,10,1,0,2,1,1,1,6,2,0,0,1,0,6,5,5,5,5,0,0,0,4,117,51,8,35,29,7,36,35,71,0,0,0,0,14,24,0,3,21,34,24,0,101,52,1,1,1,5.358729839,2,31.68382072,10803.37012,1,https://www.fifa.com/en/tournaments/mens/worldcup/canadamexicousa2026/statistics/player-statistics
419463,YUSUF ABDURISAG,YUSUF,Forward,FW,6/08/1999,26,Younger,15,2,105.7,52.9,0,0,0,0,,14,9,64.30%,1,0.85,2,1.7,0,,TRUE,FALSE,FALSE,TRUE,TRUE,TRUE,TRUE,FALSE,FALSE,0,0,0,0,0,0,0,0,0,0,0,0,0,0,0,3,0,4.621961912,2,0,0,0,0,60,8,0,0,2132.509888,459.8300018,5170.170044,974.4500122,3555.39978,4,10,8,0,0,0,0,0,0,0,0,0,0,0,0,0,7,0,0,0,0,0,0,3,3,0,0,3,0,4,3,3,4,5,0,0,0,2,33,23,2,10,7,1,11,7,18,0,0,0,0,1,12,1,5,6,5,11,0,176,66,0,2,1,2.085326433,1,30.44309998,12292.35986,0,https://www.fifa.com/en/tournaments/mens/worldcup/canadamexicousa2026/statistics/player-statistics
448112,Zeki AMDOUNI,AMDOUNI,Forward,FW,4/12/2000,25,Younger,23,4,101.6,25.4,0,0,1,0,0.00%,11,8,72.70%,5,4.43,4,3.54,0,0.00x,TRUE,FALSE,FALSE,TRUE,TRUE,TRUE,TRUE,FALSE,FALSE,0,1,0,0,0,0,0,1,0,0,0,0,0,1,0,9,0,4.675163269,4,0,0,0,0,49,8,0,0,1514.04007,252.0699835,5127.500122,499.1900101,4136.48999,8,16,3,0,0,0,0,0,0,0,0,0,0,0,0,0,4,0,0,0,0,0,0,2,0,0,0,0,0,4,2,2,4,3,0,0,0,1,46,32,4,10,5,0,13,2,15,0,0,0,0,1,16,2,4,12,11,16,0,125,40,4,0,3,6.11385268,0,31.71860695,11529.28979,0,https://www.fifa.com/en/tournaments/mens/worldcup/canadamexicousa2026/statistics/player-statistics
433461,ZIZO,ZIZO,Forward,FW,10/01/1996,30,Older,25,4,84.2,21,0,0,3,1,0.00%,27,23,85.20%,2,2.14,1,1.07,0.14,0.00x,TRUE,TRUE,FALSE,FALSE,TRUE,TRUE,FALSE,FALSE,FALSE,0,1,1,0,0,0,1,1,0,0,2,1,1,1,0,2,0,5.607468796,1,0,4,6,2,14,2,2,0,1336.759995,467.4800034,4067.049835,787.6799927,2658.510025,14,22,4,2,0,0,0,0,0,0,0,0,0,0,0,0,10,1,1,3,1,0,1,5,1,0,0,0,0,6,4,3,4,6,0,1,0,3,68,35,5,14,21,10,19,26,45,0,0,0,0,14,13,3,1,11,19,12,0,101,50,4,0,1,3.687462777,2,32.6939621,9317.480164,0,https://www.fifa.com/en/tournaments/mens/worldcup/canadamexicousa2026/statistics/player-statistics
